[0m20:39:16.469957 [debug] [MainThread]: Sending event: {'category': 'dbt', 'action': 'invocation', 'label': 'start', 'context': [<snowplow_tracker.self_describing_json.SelfDescribingJson object at 0x10a0fdfd0>, <snowplow_tracker.self_describing_json.SelfDescribingJson object at 0x10b5b3750>, <snowplow_tracker.self_describing_json.SelfDescribingJson object at 0x10b5b3890>]}


============================== 20:39:16.472191 | 2dd4873a-21ae-42a8-9e0a-b40201d6a166 ==============================
[0m20:39:16.472191 [info ] [MainThread]: Running with dbt=1.12.5
[0m20:39:16.472415 [debug] [MainThread]: running dbt with arguments {'maximum_seed_size_mib': '1', 'send_anonymous_usage_stats': 'True', 'partial_parse': 'True', 'log_path': '/Users/shiva/Desktop/git hub/projectmlproject/dbt/logs', 'hints_enabled': 'True', 'write_json': 'True', 'warn_error_options': 'WarnErrorOptionsV2(error=[], warn=[], silence=[])', 'static_parser': 'True', 'profiles_dir': '.', 'indirect_selection': 'eager', 'warn_error': 'None', 'fail_fast': 'False', 'no_print': 'None', 'log_format': 'default', 'target_path': 'None', 'use_colors': 'True', 'cache_selected_only': 'False', 'use_experimental_parser': 'False', 'version_check': 'True', 'quiet': 'False', 'log_cache_events': 'False', 'debug': 'False', 'introspect': 'True', 'empty': 'False', 'invocation_command': 'dbt run', 'printer_width': '80'}
[0m20:39:16.626702 [debug] [MainThread]: Sending event: {'category': 'dbt', 'action': 'project_id', 'label': '2dd4873a-21ae-42a8-9e0a-b40201d6a166', 'context': [<snowplow_tracker.self_describing_json.SelfDescribingJson object at 0x10a426780>]}
[0m20:39:16.645917 [debug] [MainThread]: Sending event: {'category': 'dbt', 'action': 'adapter_info', 'label': '2dd4873a-21ae-42a8-9e0a-b40201d6a166', 'context': [<snowplow_tracker.self_describing_json.SelfDescribingJson object at 0x10b747350>]}
[0m20:39:16.647094 [info ] [MainThread]: Registered adapter: duckdb=1.11.0
[0m20:39:16.699372 [debug] [MainThread]: checksum: 87ffbb80ddf0d790f9c291626b14e42fb072d8be979eb7852c44d7c47130d5ef, vars: {}, profile: olist, target: dev, version: 1.12.5
[0m20:39:16.699704 [info ] [MainThread]: Unable to do partial parsing because saved manifest not found. Starting full parse.
[0m20:39:16.699836 [debug] [MainThread]: Sending event: {'category': 'dbt', 'action': 'partial_parser', 'label': '2dd4873a-21ae-42a8-9e0a-b40201d6a166', 'context': [<snowplow_tracker.self_describing_json.SelfDescribingJson object at 0x10b699f50>]}
[0m20:39:17.197734 [warn ] [MainThread]: [[33mWARNING[0m][MissingArgumentsPropertyInGenericTestDeprecation]: Deprecated
functionality
Found top-level arguments to test `relationships` defined on 'fct_orders' in
package 'olist_semantic' (models/marts/_marts.yml). Arguments to generic tests
should be nested under the `arguments` property.
[0m20:39:17.197971 [debug] [MainThread]: Sending event: {'category': 'dbt', 'action': 'deprecation', 'label': '2dd4873a-21ae-42a8-9e0a-b40201d6a166', 'property_': 'warn', 'context': [<snowplow_tracker.self_describing_json.SelfDescribingJson object at 0x10bb7ec60>]}
[0m20:39:17.283535 [debug] [MainThread]: Sending event: {'category': 'dbt', 'action': 'load_project', 'label': '2dd4873a-21ae-42a8-9e0a-b40201d6a166', 'context': [<snowplow_tracker.self_describing_json.SelfDescribingJson object at 0x10c0726d0>]}
[0m20:39:17.325382 [debug] [MainThread]: Wrote artifact WritableManifest to /Users/shiva/Desktop/git hub/projectmlproject/dbt/target/manifest.json
[0m20:39:17.326820 [debug] [MainThread]: Wrote artifact SemanticManifest to /Users/shiva/Desktop/git hub/projectmlproject/dbt/target/semantic_manifest.json
[0m20:39:17.336504 [debug] [MainThread]: Wrote artifact OsiDocument to /Users/shiva/Desktop/git hub/projectmlproject/dbt/target/osi_document.json
[0m20:39:17.344494 [debug] [MainThread]: Sending event: {'category': 'dbt', 'action': 'resource_counts', 'label': '2dd4873a-21ae-42a8-9e0a-b40201d6a166', 'context': [<snowplow_tracker.self_describing_json.SelfDescribingJson object at 0x10c2131e0>]}
[0m20:39:17.344701 [info ] [MainThread]: Found 27 models, 50 data tests, 15 sources, 503 macros
[0m20:39:17.344849 [debug] [MainThread]: Sending event: {'category': 'dbt', 'action': 'runnable_timing', 'label': '2dd4873a-21ae-42a8-9e0a-b40201d6a166', 'context': [<snowplow_tracker.self_describing_json.SelfDescribingJson object at 0x10c1241d0>]}
[0m20:39:17.346028 [info ] [MainThread]: 
[0m20:39:17.346139 [info ] [MainThread]: Concurrency: 4 threads (target='dev')
[0m20:39:17.346230 [info ] [MainThread]: 
[0m20:39:17.346417 [debug] [MainThread]: Acquiring new duckdb connection 'master'
[0m20:39:17.348431 [debug] [ThreadPool]: Acquiring new duckdb connection 'list_olist_dirty'
[0m20:39:17.351876 [debug] [ThreadPool]: Acquiring new duckdb connection 'list_olist_dirty'
[0m20:39:17.370972 [debug] [ThreadPool]: Using duckdb connection "list_olist_dirty"
[0m20:39:17.371138 [debug] [ThreadPool]: Using duckdb connection "list_olist_dirty"
[0m20:39:17.371272 [debug] [ThreadPool]: On list_olist_dirty: /* {"app": "dbt", "dbt_version": "1.12.5", "profile_name": "olist", "target_name": "dev", "connection_name": "list_olist_dirty"} */

    
    select schema_name
    from system.information_schema.schemata
    
    where lower(catalog_name) = '"olist_dirty"'
    
  
  
[0m20:39:17.371402 [debug] [ThreadPool]: On list_olist_dirty: /* {"app": "dbt", "dbt_version": "1.12.5", "profile_name": "olist", "target_name": "dev", "connection_name": "list_olist_dirty"} */

    
    select schema_name
    from system.information_schema.schemata
    
    where lower(catalog_name) = '"olist_dirty"'
    
  
  
[0m20:39:17.371541 [debug] [ThreadPool]: Opening a new connection, currently in state init
[0m20:39:17.371651 [debug] [ThreadPool]: Opening a new connection, currently in state init
[0m20:39:17.388728 [debug] [ThreadPool]: SQL status: OK in 0.017 seconds
[0m20:39:17.388899 [debug] [ThreadPool]: SQL status: OK in 0.017 seconds
[0m20:39:17.389600 [debug] [ThreadPool]: On list_olist_dirty: Close
[0m20:39:17.389970 [debug] [ThreadPool]: On list_olist_dirty: Close
[0m20:39:17.390293 [debug] [ThreadPool]: Re-using an available connection from the pool (formerly list_olist_dirty, now create_olist_dirty_staging)
[0m20:39:17.390430 [debug] [ThreadPool]: Re-using an available connection from the pool (formerly list_olist_dirty, now create_olist_dirty_marts)
[0m20:39:17.390578 [debug] [ThreadPool]: Creating schema "database: "olist_dirty"
schema: "staging"
"
[0m20:39:17.390709 [debug] [ThreadPool]: Creating schema "database: "olist_dirty"
schema: "marts"
"
[0m20:39:17.393062 [debug] [ThreadPool]: Using duckdb connection "create_olist_dirty_staging"
[0m20:39:17.393465 [debug] [ThreadPool]: Using duckdb connection "create_olist_dirty_marts"
[0m20:39:17.393562 [debug] [ThreadPool]: On create_olist_dirty_staging: /* {"app": "dbt", "dbt_version": "1.12.5", "profile_name": "olist", "target_name": "dev", "connection_name": "create_olist_dirty_staging"} */

    
        select type from duckdb_databases()
        where lower(database_name)='olist_dirty'
        and type != 'duckdb'
    
  
[0m20:39:17.393655 [debug] [ThreadPool]: On create_olist_dirty_marts: /* {"app": "dbt", "dbt_version": "1.12.5", "profile_name": "olist", "target_name": "dev", "connection_name": "create_olist_dirty_marts"} */

    
        select type from duckdb_databases()
        where lower(database_name)='olist_dirty'
        and type != 'duckdb'
    
  
[0m20:39:17.393737 [debug] [ThreadPool]: Opening a new connection, currently in state closed
[0m20:39:17.393812 [debug] [ThreadPool]: Opening a new connection, currently in state closed
[0m20:39:17.394874 [debug] [ThreadPool]: SQL status: OK in 0.001 seconds
[0m20:39:17.394982 [debug] [ThreadPool]: SQL status: OK in 0.001 seconds
[0m20:39:17.395395 [debug] [ThreadPool]: Using duckdb connection "create_olist_dirty_marts"
[0m20:39:17.395761 [debug] [ThreadPool]: Using duckdb connection "create_olist_dirty_staging"
[0m20:39:17.395855 [debug] [ThreadPool]: On create_olist_dirty_marts: BEGIN
[0m20:39:17.395950 [debug] [ThreadPool]: On create_olist_dirty_staging: BEGIN
[0m20:39:17.396117 [debug] [ThreadPool]: SQL status: OK in 0.000 seconds
[0m20:39:17.396238 [debug] [ThreadPool]: Using duckdb connection "create_olist_dirty_marts"
[0m20:39:17.396331 [debug] [ThreadPool]: SQL status: OK in 0.000 seconds
[0m20:39:17.396420 [debug] [ThreadPool]: On create_olist_dirty_marts: /* {"app": "dbt", "dbt_version": "1.12.5", "profile_name": "olist", "target_name": "dev", "connection_name": "create_olist_dirty_marts"} */

    
    
        create schema if not exists "olist_dirty"."marts"
    
[0m20:39:17.396505 [debug] [ThreadPool]: Using duckdb connection "create_olist_dirty_staging"
[0m20:39:17.396618 [debug] [ThreadPool]: On create_olist_dirty_staging: /* {"app": "dbt", "dbt_version": "1.12.5", "profile_name": "olist", "target_name": "dev", "connection_name": "create_olist_dirty_staging"} */

    
    
        create schema if not exists "olist_dirty"."staging"
    
[0m20:39:17.396830 [debug] [ThreadPool]: SQL status: OK in 0.000 seconds
[0m20:39:17.397114 [debug] [ThreadPool]: On create_olist_dirty_staging: COMMIT
[0m20:39:17.397212 [debug] [ThreadPool]: SQL status: OK in 0.001 seconds
[0m20:39:17.397304 [debug] [ThreadPool]: Using duckdb connection "create_olist_dirty_staging"
[0m20:39:17.397558 [debug] [ThreadPool]: On create_olist_dirty_marts: COMMIT
[0m20:39:17.397643 [debug] [ThreadPool]: On create_olist_dirty_staging: COMMIT
[0m20:39:17.397724 [debug] [ThreadPool]: Using duckdb connection "create_olist_dirty_marts"
[0m20:39:17.397824 [debug] [ThreadPool]: On create_olist_dirty_marts: COMMIT
[0m20:39:17.398045 [debug] [ThreadPool]: SQL status: OK in 0.000 seconds
[0m20:39:17.398145 [debug] [ThreadPool]: On create_olist_dirty_staging: Close
[0m20:39:17.398230 [debug] [ThreadPool]: SQL status: OK in 0.000 seconds
[0m20:39:17.398405 [debug] [ThreadPool]: On create_olist_dirty_marts: Close
[0m20:39:17.399265 [debug] [ThreadPool]: Re-using an available connection from the pool (formerly create_olist_dirty_staging, now list_olist_dirty_staging)
[0m20:39:17.400738 [debug] [ThreadPool]: Using duckdb connection "list_olist_dirty_staging"
[0m20:39:17.400884 [debug] [ThreadPool]: Re-using an available connection from the pool (formerly create_olist_dirty_marts, now list_olist_dirty_marts)
[0m20:39:17.400998 [debug] [ThreadPool]: On list_olist_dirty_staging: BEGIN
[0m20:39:17.401308 [debug] [ThreadPool]: Using duckdb connection "list_olist_dirty_marts"
[0m20:39:17.401401 [debug] [ThreadPool]: Opening a new connection, currently in state closed
[0m20:39:17.401494 [debug] [ThreadPool]: On list_olist_dirty_marts: BEGIN
[0m20:39:17.401621 [debug] [ThreadPool]: Opening a new connection, currently in state closed
[0m20:39:17.401738 [debug] [ThreadPool]: SQL status: OK in 0.000 seconds
[0m20:39:17.401823 [debug] [ThreadPool]: Using duckdb connection "list_olist_dirty_staging"
[0m20:39:17.401904 [debug] [ThreadPool]: SQL status: OK in 0.000 seconds
[0m20:39:17.401991 [debug] [ThreadPool]: On list_olist_dirty_staging: /* {"app": "dbt", "dbt_version": "1.12.5", "profile_name": "olist", "target_name": "dev", "connection_name": "list_olist_dirty_staging"} */
select
      'olist_dirty' as database,
      table_name as name,
      table_schema as schema,
      CASE table_type
        WHEN 'BASE TABLE' THEN 'table'
        WHEN 'VIEW' THEN 'view'
        WHEN 'LOCAL TEMPORARY' THEN 'table'
        END as type
    from system.information_schema.tables
    where lower(table_schema) = 'staging'
    and lower(table_catalog) = 'olist_dirty'
  
[0m20:39:17.402081 [debug] [ThreadPool]: Using duckdb connection "list_olist_dirty_marts"
[0m20:39:17.402197 [debug] [ThreadPool]: On list_olist_dirty_marts: /* {"app": "dbt", "dbt_version": "1.12.5", "profile_name": "olist", "target_name": "dev", "connection_name": "list_olist_dirty_marts"} */
select
      'olist_dirty' as database,
      table_name as name,
      table_schema as schema,
      CASE table_type
        WHEN 'BASE TABLE' THEN 'table'
        WHEN 'VIEW' THEN 'view'
        WHEN 'LOCAL TEMPORARY' THEN 'table'
        END as type
    from system.information_schema.tables
    where lower(table_schema) = 'marts'
    and lower(table_catalog) = 'olist_dirty'
  
[0m20:39:17.404525 [debug] [ThreadPool]: SQL status: OK in 0.002 seconds
[0m20:39:17.404641 [debug] [ThreadPool]: SQL status: OK in 0.002 seconds
[0m20:39:17.405202 [debug] [ThreadPool]: On list_olist_dirty_marts: ROLLBACK
[0m20:39:17.405572 [debug] [ThreadPool]: On list_olist_dirty_staging: ROLLBACK
[0m20:39:17.405743 [debug] [ThreadPool]: On list_olist_dirty_marts: Close
[0m20:39:17.405841 [debug] [ThreadPool]: On list_olist_dirty_staging: Close
[0m20:39:17.406101 [debug] [MainThread]: Sending event: {'category': 'dbt', 'action': 'runnable_timing', 'label': '2dd4873a-21ae-42a8-9e0a-b40201d6a166', 'context': [<snowplow_tracker.self_describing_json.SelfDescribingJson object at 0x10c14a410>]}
[0m20:39:17.406260 [debug] [MainThread]: Using duckdb connection "master"
[0m20:39:17.406348 [debug] [MainThread]: On master: BEGIN
[0m20:39:17.406426 [debug] [MainThread]: Opening a new connection, currently in state init
[0m20:39:17.406566 [debug] [MainThread]: SQL status: OK in 0.000 seconds
[0m20:39:17.406649 [debug] [MainThread]: On master: COMMIT
[0m20:39:17.406733 [debug] [MainThread]: Using duckdb connection "master"
[0m20:39:17.406812 [debug] [MainThread]: On master: COMMIT
[0m20:39:17.406937 [debug] [MainThread]: SQL status: OK in 0.000 seconds
[0m20:39:17.407034 [debug] [MainThread]: On master: Close
[0m20:39:17.408494 [debug] [Thread-1 (]: Began running node model.olist_semantic.stg_coupons
[0m20:39:17.408628 [debug] [Thread-3 (]: Began running node model.olist_semantic.stg_finance_revenue_snapshot
[0m20:39:17.408746 [debug] [Thread-4 (]: Began running node model.olist_semantic.stg_geolocation
[0m20:39:17.408861 [debug] [Thread-2 (]: Began running node model.olist_semantic.stg_customers
[0m20:39:17.409025 [info ] [Thread-1 (]: 1 of 27 START sql view model staging.stg_coupons ............................... [RUN]
[0m20:39:17.409200 [info ] [Thread-3 (]: 3 of 27 START sql view model staging.stg_finance_revenue_snapshot .............. [RUN]
[0m20:39:17.409347 [info ] [Thread-4 (]: 4 of 27 START sql view model staging.stg_geolocation ........................... [RUN]
[0m20:39:17.409504 [info ] [Thread-2 (]: 2 of 27 START sql view model staging.stg_customers ............................. [RUN]
[0m20:39:17.409654 [debug] [Thread-1 (]: Re-using an available connection from the pool (formerly list_olist_dirty_staging, now model.olist_semantic.stg_coupons)
[0m20:39:17.409816 [debug] [Thread-3 (]: Acquiring new duckdb connection 'model.olist_semantic.stg_finance_revenue_snapshot'
[0m20:39:17.409976 [debug] [Thread-4 (]: Acquiring new duckdb connection 'model.olist_semantic.stg_geolocation'
[0m20:39:17.410112 [debug] [Thread-2 (]: Re-using an available connection from the pool (formerly list_olist_dirty_marts, now model.olist_semantic.stg_customers)
[0m20:39:17.410233 [debug] [Thread-1 (]: Began compiling node model.olist_semantic.stg_coupons
[0m20:39:17.410341 [debug] [Thread-3 (]: Began compiling node model.olist_semantic.stg_finance_revenue_snapshot
[0m20:39:17.410447 [debug] [Thread-4 (]: Began compiling node model.olist_semantic.stg_geolocation
[0m20:39:17.410547 [debug] [Thread-2 (]: Began compiling node model.olist_semantic.stg_customers
[0m20:39:17.412794 [debug] [Thread-1 (]: Writing injected SQL for node "model.olist_semantic.stg_coupons"
[0m20:39:17.413347 [debug] [Thread-3 (]: Writing injected SQL for node "model.olist_semantic.stg_finance_revenue_snapshot"
[0m20:39:17.413848 [debug] [Thread-4 (]: Writing injected SQL for node "model.olist_semantic.stg_geolocation"
[0m20:39:17.414315 [debug] [Thread-2 (]: Writing injected SQL for node "model.olist_semantic.stg_customers"
[0m20:39:17.414789 [debug] [Thread-3 (]: Began executing node model.olist_semantic.stg_finance_revenue_snapshot
[0m20:39:17.414917 [debug] [Thread-2 (]: Began executing node model.olist_semantic.stg_customers
[0m20:39:17.425248 [debug] [Thread-3 (]: Writing runtime sql for node "model.olist_semantic.stg_finance_revenue_snapshot"
[0m20:39:17.425409 [debug] [Thread-1 (]: Began executing node model.olist_semantic.stg_coupons
[0m20:39:17.426131 [debug] [Thread-2 (]: Writing runtime sql for node "model.olist_semantic.stg_customers"
[0m20:39:17.426254 [debug] [Thread-4 (]: Began executing node model.olist_semantic.stg_geolocation
[0m20:39:17.426970 [debug] [Thread-1 (]: Writing runtime sql for node "model.olist_semantic.stg_coupons"
[0m20:39:17.427826 [debug] [Thread-4 (]: Writing runtime sql for node "model.olist_semantic.stg_geolocation"
[0m20:39:17.428209 [debug] [Thread-3 (]: Using duckdb connection "model.olist_semantic.stg_finance_revenue_snapshot"
[0m20:39:17.428327 [debug] [Thread-3 (]: On model.olist_semantic.stg_finance_revenue_snapshot: BEGIN
[0m20:39:17.428454 [debug] [Thread-4 (]: Using duckdb connection "model.olist_semantic.stg_geolocation"
[0m20:39:17.428589 [debug] [Thread-2 (]: Using duckdb connection "model.olist_semantic.stg_customers"
[0m20:39:17.428722 [debug] [Thread-1 (]: Using duckdb connection "model.olist_semantic.stg_coupons"
[0m20:39:17.428833 [debug] [Thread-3 (]: Opening a new connection, currently in state init
[0m20:39:17.428949 [debug] [Thread-4 (]: On model.olist_semantic.stg_geolocation: BEGIN
[0m20:39:17.429063 [debug] [Thread-2 (]: On model.olist_semantic.stg_customers: BEGIN
[0m20:39:17.429173 [debug] [Thread-1 (]: On model.olist_semantic.stg_coupons: BEGIN
[0m20:39:17.429348 [debug] [Thread-4 (]: Opening a new connection, currently in state init
[0m20:39:17.429453 [debug] [Thread-2 (]: Opening a new connection, currently in state closed
[0m20:39:17.429566 [debug] [Thread-3 (]: SQL status: OK in 0.001 seconds
[0m20:39:17.429664 [debug] [Thread-1 (]: Opening a new connection, currently in state closed
[0m20:39:17.429851 [debug] [Thread-3 (]: Using duckdb connection "model.olist_semantic.stg_finance_revenue_snapshot"
[0m20:39:17.429950 [debug] [Thread-4 (]: SQL status: OK in 0.001 seconds
[0m20:39:17.430094 [debug] [Thread-2 (]: SQL status: OK in 0.001 seconds
[0m20:39:17.430208 [debug] [Thread-3 (]: On model.olist_semantic.stg_finance_revenue_snapshot: /* {"app": "dbt", "dbt_version": "1.12.5", "profile_name": "olist", "target_name": "dev", "node_id": "model.olist_semantic.stg_finance_revenue_snapshot"} */

  
  create view "olist_dirty"."staging"."stg_finance_revenue_snapshot__dbt_tmp" as (
    -- Parsed for completeness ONLY. This export is known-stale (cut off
-- 2018-07-01, missing 12,824 orders) and double-counts duplicate redemptions.
-- It is deliberately never promoted to marts. See DATA.md.
select
    order_id,
    cast(snapshot_date as date)                          as snapshot_date,
    currency,
    cast(gross_merchandise_value as decimal(14,2))       as gross_merchandise_value,
    cast(freight_revenue as decimal(14,2))               as freight_revenue,
    cast(discount_total as decimal(14,2))                as discount_total,
    cast(refund_total as decimal(14,2))                  as refund_total,
    cast(net_revenue as decimal(14,2))                   as net_revenue,
    source_system
from "olist_dirty"."raw"."finance_order_revenue_snapshot"
  );

[0m20:39:17.430335 [debug] [Thread-1 (]: SQL status: OK in 0.001 seconds
[0m20:39:17.430438 [debug] [Thread-4 (]: Using duckdb connection "model.olist_semantic.stg_geolocation"
[0m20:39:17.430544 [debug] [Thread-2 (]: Using duckdb connection "model.olist_semantic.stg_customers"
[0m20:39:17.430706 [debug] [Thread-1 (]: Using duckdb connection "model.olist_semantic.stg_coupons"
[0m20:39:17.430818 [debug] [Thread-4 (]: On model.olist_semantic.stg_geolocation: /* {"app": "dbt", "dbt_version": "1.12.5", "profile_name": "olist", "target_name": "dev", "node_id": "model.olist_semantic.stg_geolocation"} */

  
  create view "olist_dirty"."staging"."stg_geolocation__dbt_tmp" as (
    select
    geolocation_zip_code_prefix              as zip_code_prefix,
    geolocation_lat                          as latitude,
    geolocation_lng                          as longitude,
    initcap(trim(geolocation_city))          as city,
    upper(trim(geolocation_state))           as state
from "olist_dirty"."raw"."geolocation"
  );

[0m20:39:17.430939 [debug] [Thread-2 (]: On model.olist_semantic.stg_customers: /* {"app": "dbt", "dbt_version": "1.12.5", "profile_name": "olist", "target_name": "dev", "node_id": "model.olist_semantic.stg_customers"} */

  
  create view "olist_dirty"."staging"."stg_customers__dbt_tmp" as (
    select
    customer_id,                               -- order-scoped key, NOT a person
    customer_unique_id,                        -- the actual person
    customer_zip_code_prefix                 as zip_code_prefix,
    initcap(trim(customer_city))             as customer_city,
    upper(trim(customer_state))              as customer_state
from "olist_dirty"."raw"."customers"
  );

[0m20:39:17.431098 [debug] [Thread-1 (]: On model.olist_semantic.stg_coupons: /* {"app": "dbt", "dbt_version": "1.12.5", "profile_name": "olist", "target_name": "dev", "node_id": "model.olist_semantic.stg_coupons"} */

  
  create view "olist_dirty"."staging"."stg_coupons__dbt_tmp" as (
    -- Resolves: 11 spellings of 3 coupon-type concepts, and the 0.15-vs-15
-- scale ambiguity on percent coupons.
with src as (select * from "olist_dirty"."raw"."coupons"),

typed as (
    select
        *,
        lower(trim(coupon_type)) as _t,
        cast(discount_value as double) as _v
    from src
)

select
    trim(coupon_code)                                        as coupon_code,
    trim(campaign_name)                                      as campaign_name,
    campaign_description,

    case
        when _t in ('pct', 'percent', 'percentage', '%')          then 'PERCENT'
        when _t in ('fixed', 'brl', 'amount', 'fixed_amount')     then 'FIXED'
        when _t in ('freeship', 'free_shipping', 'frete')         then 'FREE_SHIPPING'
    end                                                      as coupon_type,

    -- one convention: always whole percent (15.0 means 15%)
    case
        when _t in ('pct', 'percent', 'percentage', '%')
        then round(case when _v <= 1 then _v * 100 else _v end, 2)
    end                                                      as discount_pct,

    case
        when _t in ('fixed', 'brl', 'amount', 'fixed_amount')
        then cast(_v as decimal(14,2))
    end                                                      as discount_fixed_brl,

    cast(min_order_value as decimal(14,2))                   as min_order_value,
    nullif(cast(max_discount_cap as decimal(14,2)), 0)       as max_discount_cap,
    
    coalesce(
        try_strptime(trim(valid_from), '%Y-%m-%d %H:%M:%S'),
        try_strptime(trim(valid_from), '%Y-%m-%dT%H:%M:%SZ'),
        try_strptime(trim(valid_from), '%d/%m/%Y %H:%M'),
        try_strptime(trim(valid_from), '%Y-%m-%d'),
        case
            when regexp_matches(trim(valid_from), '^[0-9]{9,11}$')
            then cast(to_timestamp(try_cast(trim(valid_from) as bigint)) at time zone 'UTC' as timestamp)
        end
    )
                             as valid_from,
    
    coalesce(
        try_strptime(trim(valid_to), '%Y-%m-%d %H:%M:%S'),
        try_strptime(trim(valid_to), '%Y-%m-%dT%H:%M:%SZ'),
        try_strptime(trim(valid_to), '%d/%m/%Y %H:%M'),
        try_strptime(trim(valid_to), '%Y-%m-%d'),
        case
            when regexp_matches(trim(valid_to), '^[0-9]{9,11}$')
            then cast(to_timestamp(try_cast(trim(valid_to) as bigint)) at time zone 'UTC' as timestamp)
        end
    )
                               as valid_to,
    lower(trim(is_active)) in ('y', '1', 'true')             as is_active,
    upper(trim(applies_to))                                  as applies_to,
    lower(trim(stackable)) = 'y'                             as is_stackable
from typed
  );

[0m20:39:17.431250 [debug] [Thread-3 (]: SQL status: OK in 0.001 seconds
[0m20:39:17.433253 [debug] [Thread-3 (]: Using duckdb connection "model.olist_semantic.stg_finance_revenue_snapshot"
[0m20:39:17.433374 [debug] [Thread-3 (]: On model.olist_semantic.stg_finance_revenue_snapshot: /* {"app": "dbt", "dbt_version": "1.12.5", "profile_name": "olist", "target_name": "dev", "node_id": "model.olist_semantic.stg_finance_revenue_snapshot"} */
alter view "olist_dirty"."staging"."stg_finance_revenue_snapshot__dbt_tmp" rename to "stg_finance_revenue_snapshot"
[0m20:39:17.433491 [debug] [Thread-1 (]: SQL status: OK in 0.002 seconds
[0m20:39:17.434216 [debug] [Thread-1 (]: Using duckdb connection "model.olist_semantic.stg_coupons"
[0m20:39:17.434335 [debug] [Thread-1 (]: On model.olist_semantic.stg_coupons: /* {"app": "dbt", "dbt_version": "1.12.5", "profile_name": "olist", "target_name": "dev", "node_id": "model.olist_semantic.stg_coupons"} */
alter view "olist_dirty"."staging"."stg_coupons__dbt_tmp" rename to "stg_coupons"
[0m20:39:17.434453 [debug] [Thread-3 (]: SQL status: OK in 0.001 seconds
[0m20:39:17.438599 [debug] [Thread-3 (]: On model.olist_semantic.stg_finance_revenue_snapshot: COMMIT
[0m20:39:17.438728 [debug] [Thread-3 (]: Using duckdb connection "model.olist_semantic.stg_finance_revenue_snapshot"
[0m20:39:17.439372 [debug] [Thread-4 (]: DuckDB adapter: duckdb error: Catalog Error: Scalar Function with name initcap does not exist!
Did you mean "ilike_escape"?

LINE 9:     initcap(trim(geolocation_city))          as city,
            ^
[0m20:39:17.439483 [debug] [Thread-1 (]: SQL status: OK in 0.005 seconds
[0m20:39:17.439634 [debug] [Thread-2 (]: DuckDB adapter: duckdb error: Catalog Error: Scalar Function with name initcap does not exist!
Did you mean "ilike_escape"?

LINE 9:     initcap(trim(customer_city))             as customer_city,
            ^
[0m20:39:17.439746 [debug] [Thread-3 (]: On model.olist_semantic.stg_finance_revenue_snapshot: COMMIT
[0m20:39:17.439862 [debug] [Thread-4 (]: DuckDB adapter: Error running SQL: /* {"app": "dbt", "dbt_version": "1.12.5", "profile_name": "olist", "target_name": "dev", "node_id": "model.olist_semantic.stg_geolocation"} */

  
  create view "olist_dirty"."staging"."stg_geolocation__dbt_tmp" as (
    select
    geolocation_zip_code_prefix              as zip_code_prefix,
    geolocation_lat                          as latitude,
    geolocation_lng                          as longitude,
    initcap(trim(geolocation_city))          as city,
    upper(trim(geolocation_state))           as state
from "olist_dirty"."raw"."geolocation"
  );

[0m20:39:17.440301 [debug] [Thread-1 (]: On model.olist_semantic.stg_coupons: COMMIT
[0m20:39:17.440433 [debug] [Thread-2 (]: DuckDB adapter: Error running SQL: /* {"app": "dbt", "dbt_version": "1.12.5", "profile_name": "olist", "target_name": "dev", "node_id": "model.olist_semantic.stg_customers"} */

  
  create view "olist_dirty"."staging"."stg_customers__dbt_tmp" as (
    select
    customer_id,                               -- order-scoped key, NOT a person
    customer_unique_id,                        -- the actual person
    customer_zip_code_prefix                 as zip_code_prefix,
    initcap(trim(customer_city))             as customer_city,
    upper(trim(customer_state))              as customer_state
from "olist_dirty"."raw"."customers"
  );

[0m20:39:17.440583 [debug] [Thread-4 (]: DuckDB adapter: Rolling back transaction.
[0m20:39:17.440695 [debug] [Thread-1 (]: Using duckdb connection "model.olist_semantic.stg_coupons"
[0m20:39:17.440808 [debug] [Thread-2 (]: DuckDB adapter: Rolling back transaction.
[0m20:39:17.440917 [debug] [Thread-4 (]: On model.olist_semantic.stg_geolocation: ROLLBACK
[0m20:39:17.441027 [debug] [Thread-1 (]: On model.olist_semantic.stg_coupons: COMMIT
[0m20:39:17.441126 [debug] [Thread-3 (]: SQL status: OK in 0.001 seconds
[0m20:39:17.441228 [debug] [Thread-2 (]: On model.olist_semantic.stg_customers: ROLLBACK
[0m20:39:17.442627 [debug] [Thread-3 (]: Using duckdb connection "model.olist_semantic.stg_finance_revenue_snapshot"
[0m20:39:17.442817 [debug] [Thread-4 (]: On model.olist_semantic.stg_geolocation: Close
[0m20:39:17.442927 [debug] [Thread-3 (]: On model.olist_semantic.stg_finance_revenue_snapshot: /* {"app": "dbt", "dbt_version": "1.12.5", "profile_name": "olist", "target_name": "dev", "node_id": "model.olist_semantic.stg_finance_revenue_snapshot"} */

      drop view if exists "olist_dirty"."staging"."stg_finance_revenue_snapshot__dbt_backup" cascade
    
[0m20:39:17.443033 [debug] [Thread-1 (]: SQL status: OK in 0.002 seconds
[0m20:39:17.443169 [debug] [Thread-2 (]: On model.olist_semantic.stg_customers: Close
[0m20:39:17.444240 [debug] [Thread-1 (]: Using duckdb connection "model.olist_semantic.stg_coupons"
[0m20:39:17.444373 [debug] [Thread-1 (]: On model.olist_semantic.stg_coupons: /* {"app": "dbt", "dbt_version": "1.12.5", "profile_name": "olist", "target_name": "dev", "node_id": "model.olist_semantic.stg_coupons"} */

      drop view if exists "olist_dirty"."staging"."stg_coupons__dbt_backup" cascade
    
[0m20:39:17.444857 [debug] [Thread-3 (]: SQL status: OK in 0.001 seconds
[0m20:39:17.445627 [debug] [Thread-3 (]: On model.olist_semantic.stg_finance_revenue_snapshot: Close
[0m20:39:17.446177 [debug] [Thread-1 (]: SQL status: OK in 0.001 seconds
[0m20:39:17.446628 [debug] [Thread-1 (]: On model.olist_semantic.stg_coupons: Close
[0m20:39:17.447035 [debug] [Thread-3 (]: Sending event: {'category': 'dbt', 'action': 'run_model', 'label': '2dd4873a-21ae-42a8-9e0a-b40201d6a166', 'context': [<snowplow_tracker.self_describing_json.SelfDescribingJson object at 0x10c5942d0>]}
[0m20:39:17.447241 [debug] [Thread-1 (]: Sending event: {'category': 'dbt', 'action': 'run_model', 'label': '2dd4873a-21ae-42a8-9e0a-b40201d6a166', 'context': [<snowplow_tracker.self_describing_json.SelfDescribingJson object at 0x10a03ab50>]}
[0m20:39:17.447506 [info ] [Thread-3 (]: 3 of 27 OK created sql view model staging.stg_finance_revenue_snapshot ......... [[32mOK[0m in 0.04s]
[0m20:39:17.447957 [debug] [Thread-3 (]: Finished running node model.olist_semantic.stg_finance_revenue_snapshot
[0m20:39:17.448096 [debug] [Thread-3 (]: Began running node model.olist_semantic.stg_order_coupons
[0m20:39:17.447656 [info ] [Thread-1 (]: 1 of 27 OK created sql view model staging.stg_coupons .......................... [[32mOK[0m in 0.04s]
[0m20:39:17.448299 [info ] [Thread-3 (]: 5 of 27 START sql view model staging.stg_order_coupons ......................... [RUN]
[0m20:39:17.448489 [debug] [Thread-1 (]: Finished running node model.olist_semantic.stg_coupons
[0m20:39:17.448692 [debug] [Thread-3 (]: Re-using an available connection from the pool (formerly model.olist_semantic.stg_finance_revenue_snapshot, now model.olist_semantic.stg_order_coupons)
[0m20:39:17.448840 [debug] [Thread-1 (]: Began running node model.olist_semantic.stg_order_items
[0m20:39:17.448991 [debug] [Thread-3 (]: Began compiling node model.olist_semantic.stg_order_coupons
[0m20:39:17.449217 [info ] [Thread-1 (]: 6 of 27 START sql view model staging.stg_order_items ........................... [RUN]
[0m20:39:17.450028 [debug] [Thread-3 (]: Writing injected SQL for node "model.olist_semantic.stg_order_coupons"
[0m20:39:17.450171 [debug] [Thread-1 (]: Re-using an available connection from the pool (formerly model.olist_semantic.stg_coupons, now model.olist_semantic.stg_order_items)
[0m20:39:17.450365 [debug] [Thread-1 (]: Began compiling node model.olist_semantic.stg_order_items
[0m20:39:17.450935 [debug] [Thread-1 (]: Writing injected SQL for node "model.olist_semantic.stg_order_items"
[0m20:39:17.451179 [debug] [Thread-3 (]: Began executing node model.olist_semantic.stg_order_coupons
[0m20:39:17.451888 [debug] [Thread-3 (]: Writing runtime sql for node "model.olist_semantic.stg_order_coupons"
[0m20:39:17.452000 [debug] [Thread-1 (]: Began executing node model.olist_semantic.stg_order_items
[0m20:39:17.452654 [debug] [Thread-1 (]: Writing runtime sql for node "model.olist_semantic.stg_order_items"
[0m20:39:17.452919 [debug] [Thread-3 (]: Using duckdb connection "model.olist_semantic.stg_order_coupons"
[0m20:39:17.453051 [debug] [Thread-3 (]: On model.olist_semantic.stg_order_coupons: BEGIN
[0m20:39:17.453158 [debug] [Thread-3 (]: Opening a new connection, currently in state closed
[0m20:39:17.453433 [debug] [Thread-3 (]: SQL status: OK in 0.000 seconds
[0m20:39:17.453572 [debug] [Thread-3 (]: Using duckdb connection "model.olist_semantic.stg_order_coupons"
[0m20:39:17.453708 [debug] [Thread-3 (]: On model.olist_semantic.stg_order_coupons: /* {"app": "dbt", "dbt_version": "1.12.5", "profile_name": "olist", "target_name": "dev", "node_id": "model.olist_semantic.stg_order_coupons"} */

  
  create view "olist_dirty"."staging"."stg_order_coupons__dbt_tmp" as (
    -- Resolves: 306 byte-identical duplicate rows from an ETL replay.
-- Orphan coupon_codes are PRESERVED (not dropped) so redemption totals stay
-- correct; marts join to coupons with a LEFT JOIN.
with deduped as (
    select
        *,
        row_number() over (partition by redemption_id order by order_id) as _rn
    from "olist_dirty"."raw"."order_coupons"
)

select
    redemption_id,
    order_id,
    customer_id,
    trim(coupon_code)                                    as coupon_code,
    
    cast(
        case
            when discount_amount_applied is null then null
            when position(',' in replace(replace(discount_amount_applied, 'R$', ''), ' ', '')) > 0
                then replace(replace(replace(replace(discount_amount_applied, 'R$', ''), ' ', ''), '.', ''), ',', '.')
            else replace(replace(discount_amount_applied, 'R$', ''), ' ', '')
        end
    as decimal(14,2))
         as discount_amount,
    upper(trim(discount_applies_to))                     as discount_applies_to,
    
    coalesce(
        try_strptime(trim(redeemed_at), '%Y-%m-%d %H:%M:%S'),
        try_strptime(trim(redeemed_at), '%Y-%m-%dT%H:%M:%SZ'),
        try_strptime(trim(redeemed_at), '%d/%m/%Y %H:%M'),
        try_strptime(trim(redeemed_at), '%Y-%m-%d'),
        case
            when regexp_matches(trim(redeemed_at), '^[0-9]{9,11}$')
            then cast(to_timestamp(try_cast(trim(redeemed_at) as bigint)) at time zone 'UTC' as timestamp)
        end
    )
                        as redeemed_at,
    upper(trim(channel))                                 as channel
from deduped
where _rn = 1
  );

[0m20:39:17.453867 [debug] [Thread-1 (]: Using duckdb connection "model.olist_semantic.stg_order_items"
[0m20:39:17.454076 [debug] [Thread-1 (]: On model.olist_semantic.stg_order_items: BEGIN
[0m20:39:17.454170 [debug] [Thread-1 (]: Opening a new connection, currently in state closed
[0m20:39:17.454363 [debug] [Thread-1 (]: SQL status: OK in 0.000 seconds
[0m20:39:17.454470 [debug] [Thread-1 (]: Using duckdb connection "model.olist_semantic.stg_order_items"
[0m20:39:17.454587 [debug] [Thread-1 (]: On model.olist_semantic.stg_order_items: /* {"app": "dbt", "dbt_version": "1.12.5", "profile_name": "olist", "target_name": "dev", "node_id": "model.olist_semantic.stg_order_items"} */

  
  create view "olist_dirty"."staging"."stg_order_items__dbt_tmp" as (
    select
    order_id,
    order_item_id,
    product_id,
    seller_id,
    shipping_limit_date                      as shipping_limit_at,
    cast(price as decimal(14,2))             as item_price,
    cast(freight_value as decimal(14,2))     as freight_value
from "olist_dirty"."raw"."order_items"
  );

[0m20:39:17.454745 [debug] [Thread-3 (]: SQL status: OK in 0.001 seconds
[0m20:39:17.455383 [debug] [Thread-3 (]: Using duckdb connection "model.olist_semantic.stg_order_coupons"
[0m20:39:17.455499 [debug] [Thread-3 (]: On model.olist_semantic.stg_order_coupons: /* {"app": "dbt", "dbt_version": "1.12.5", "profile_name": "olist", "target_name": "dev", "node_id": "model.olist_semantic.stg_order_coupons"} */
alter view "olist_dirty"."staging"."stg_order_coupons__dbt_tmp" rename to "stg_order_coupons"
[0m20:39:17.455609 [debug] [Thread-1 (]: SQL status: OK in 0.001 seconds
[0m20:39:17.456491 [debug] [Thread-1 (]: Using duckdb connection "model.olist_semantic.stg_order_items"
[0m20:39:17.456602 [debug] [Thread-1 (]: On model.olist_semantic.stg_order_items: /* {"app": "dbt", "dbt_version": "1.12.5", "profile_name": "olist", "target_name": "dev", "node_id": "model.olist_semantic.stg_order_items"} */
alter view "olist_dirty"."staging"."stg_order_items__dbt_tmp" rename to "stg_order_items"
[0m20:39:17.456788 [debug] [Thread-3 (]: SQL status: OK in 0.001 seconds
[0m20:39:17.457349 [debug] [Thread-3 (]: On model.olist_semantic.stg_order_coupons: COMMIT
[0m20:39:17.457464 [debug] [Thread-1 (]: SQL status: OK in 0.001 seconds
[0m20:39:17.457569 [debug] [Thread-3 (]: Using duckdb connection "model.olist_semantic.stg_order_coupons"
[0m20:39:17.457991 [debug] [Thread-1 (]: On model.olist_semantic.stg_order_items: COMMIT
[0m20:39:17.458101 [debug] [Thread-3 (]: On model.olist_semantic.stg_order_coupons: COMMIT
[0m20:39:17.459989 [debug] [Thread-2 (]: Runtime Error in model stg_customers (models/staging/stg_customers.sql)
  Catalog Error: Scalar Function with name initcap does not exist!
  Did you mean "ilike_escape"?
  
  LINE 9:     initcap(trim(customer_city))             as customer_city,
              ^
[0m20:39:17.460297 [debug] [Thread-4 (]: Runtime Error in model stg_geolocation (models/staging/stg_geolocation.sql)
  Catalog Error: Scalar Function with name initcap does not exist!
  Did you mean "ilike_escape"?
  
  LINE 9:     initcap(trim(geolocation_city))          as city,
              ^
[0m20:39:17.460424 [debug] [Thread-1 (]: Using duckdb connection "model.olist_semantic.stg_order_items"
[0m20:39:17.460605 [debug] [Thread-2 (]: Sending event: {'category': 'dbt', 'action': 'run_model', 'label': '2dd4873a-21ae-42a8-9e0a-b40201d6a166', 'context': [<snowplow_tracker.self_describing_json.SelfDescribingJson object at 0x10c4673f0>]}
[0m20:39:17.460741 [debug] [Thread-4 (]: Sending event: {'category': 'dbt', 'action': 'run_model', 'label': '2dd4873a-21ae-42a8-9e0a-b40201d6a166', 'context': [<snowplow_tracker.self_describing_json.SelfDescribingJson object at 0x10c465630>]}
[0m20:39:17.460858 [debug] [Thread-3 (]: SQL status: OK in 0.000 seconds
[0m20:39:17.460967 [debug] [Thread-1 (]: On model.olist_semantic.stg_order_items: COMMIT
[0m20:39:17.461169 [error] [Thread-2 (]: 2 of 27 ERROR creating sql view model staging.stg_customers .................... [[31mERROR[0m in 0.05s]
[0m20:39:17.461777 [debug] [Thread-3 (]: Using duckdb connection "model.olist_semantic.stg_order_coupons"
[0m20:39:17.461375 [error] [Thread-4 (]: 4 of 27 ERROR creating sql view model staging.stg_geolocation .................. [[31mERROR[0m in 0.05s]
[0m20:39:17.461989 [debug] [Thread-2 (]: Finished running node model.olist_semantic.stg_customers
[0m20:39:17.462102 [debug] [Thread-3 (]: On model.olist_semantic.stg_order_coupons: /* {"app": "dbt", "dbt_version": "1.12.5", "profile_name": "olist", "target_name": "dev", "node_id": "model.olist_semantic.stg_order_coupons"} */

      drop view if exists "olist_dirty"."staging"."stg_order_coupons__dbt_backup" cascade
    
[0m20:39:17.462222 [debug] [Thread-1 (]: SQL status: OK in 0.000 seconds
[0m20:39:17.462382 [debug] [Thread-4 (]: Finished running node model.olist_semantic.stg_geolocation
[0m20:39:17.462505 [debug] [Thread-2 (]: Began running node model.olist_semantic.stg_order_payments
[0m20:39:17.462643 [debug] [Thread-7 (]: Marking all children of 'model.olist_semantic.stg_customers' to be skipped because of status 'error'.  Reason: Runtime Error in model stg_customers (models/staging/stg_customers.sql)
  Catalog Error: Scalar Function with name initcap does not exist!
  Did you mean "ilike_escape"?
  
  LINE 9:     initcap(trim(customer_city))             as customer_city,
              ^.
[0m20:39:17.463108 [debug] [Thread-1 (]: Using duckdb connection "model.olist_semantic.stg_order_items"
[0m20:39:17.463235 [debug] [Thread-4 (]: Began running node model.olist_semantic.stg_order_returns
[0m20:39:17.463342 [debug] [Thread-3 (]: SQL status: OK in 0.001 seconds
[0m20:39:17.463489 [info ] [Thread-2 (]: 7 of 27 START sql view model staging.stg_order_payments ........................ [RUN]
[0m20:39:17.463888 [debug] [Thread-7 (]: Marking all children of 'model.olist_semantic.stg_geolocation' to be skipped because of status 'error'.  Reason: Runtime Error in model stg_geolocation (models/staging/stg_geolocation.sql)
  Catalog Error: Scalar Function with name initcap does not exist!
  Did you mean "ilike_escape"?
  
  LINE 9:     initcap(trim(geolocation_city))          as city,
              ^.
[0m20:39:17.464005 [debug] [Thread-1 (]: On model.olist_semantic.stg_order_items: /* {"app": "dbt", "dbt_version": "1.12.5", "profile_name": "olist", "target_name": "dev", "node_id": "model.olist_semantic.stg_order_items"} */

      drop view if exists "olist_dirty"."staging"."stg_order_items__dbt_backup" cascade
    
[0m20:39:17.464148 [info ] [Thread-4 (]: 8 of 27 START sql view model staging.stg_order_returns ......................... [RUN]
[0m20:39:17.464554 [debug] [Thread-3 (]: On model.olist_semantic.stg_order_coupons: Close
[0m20:39:17.464688 [debug] [Thread-2 (]: Re-using an available connection from the pool (formerly model.olist_semantic.stg_customers, now model.olist_semantic.stg_order_payments)
[0m20:39:17.464912 [debug] [Thread-4 (]: Re-using an available connection from the pool (formerly model.olist_semantic.stg_geolocation, now model.olist_semantic.stg_order_returns)
[0m20:39:17.465030 [debug] [Thread-1 (]: SQL status: OK in 0.000 seconds
[0m20:39:17.465190 [debug] [Thread-3 (]: Sending event: {'category': 'dbt', 'action': 'run_model', 'label': '2dd4873a-21ae-42a8-9e0a-b40201d6a166', 'context': [<snowplow_tracker.self_describing_json.SelfDescribingJson object at 0x10c5bf890>]}
[0m20:39:17.465310 [debug] [Thread-2 (]: Began compiling node model.olist_semantic.stg_order_payments
[0m20:39:17.465420 [debug] [Thread-4 (]: Began compiling node model.olist_semantic.stg_order_returns
[0m20:39:17.465795 [debug] [Thread-1 (]: On model.olist_semantic.stg_order_items: Close
[0m20:39:17.465970 [info ] [Thread-3 (]: 5 of 27 OK created sql view model staging.stg_order_coupons .................... [[32mOK[0m in 0.02s]
[0m20:39:17.466552 [debug] [Thread-2 (]: Writing injected SQL for node "model.olist_semantic.stg_order_payments"
[0m20:39:17.467480 [debug] [Thread-4 (]: Writing injected SQL for node "model.olist_semantic.stg_order_returns"
[0m20:39:17.467635 [debug] [Thread-1 (]: Sending event: {'category': 'dbt', 'action': 'run_model', 'label': '2dd4873a-21ae-42a8-9e0a-b40201d6a166', 'context': [<snowplow_tracker.self_describing_json.SelfDescribingJson object at 0x10c5d4f50>]}
[0m20:39:17.467777 [debug] [Thread-3 (]: Finished running node model.olist_semantic.stg_order_coupons
[0m20:39:17.468007 [info ] [Thread-1 (]: 6 of 27 OK created sql view model staging.stg_order_items ...................... [[32mOK[0m in 0.02s]
[0m20:39:17.468175 [debug] [Thread-3 (]: Began running node model.olist_semantic.stg_order_reviews
[0m20:39:17.468350 [debug] [Thread-1 (]: Finished running node model.olist_semantic.stg_order_items
[0m20:39:17.468493 [debug] [Thread-4 (]: Began executing node model.olist_semantic.stg_order_returns
[0m20:39:17.468626 [info ] [Thread-3 (]: 9 of 27 START sql view model staging.stg_order_reviews ......................... [RUN]
[0m20:39:17.468757 [debug] [Thread-2 (]: Began executing node model.olist_semantic.stg_order_payments
[0m20:39:17.468878 [debug] [Thread-1 (]: Began running node model.olist_semantic.stg_orders
[0m20:39:17.469562 [debug] [Thread-4 (]: Writing runtime sql for node "model.olist_semantic.stg_order_returns"
[0m20:39:17.469701 [debug] [Thread-3 (]: Re-using an available connection from the pool (formerly model.olist_semantic.stg_order_coupons, now model.olist_semantic.stg_order_reviews)
[0m20:39:17.470647 [debug] [Thread-2 (]: Writing runtime sql for node "model.olist_semantic.stg_order_payments"
[0m20:39:17.470790 [info ] [Thread-1 (]: 10 of 27 START sql view model staging.stg_orders ............................... [RUN]
[0m20:39:17.470935 [debug] [Thread-3 (]: Began compiling node model.olist_semantic.stg_order_reviews
[0m20:39:17.471090 [debug] [Thread-1 (]: Re-using an available connection from the pool (formerly model.olist_semantic.stg_order_items, now model.olist_semantic.stg_orders)
[0m20:39:17.471648 [debug] [Thread-3 (]: Writing injected SQL for node "model.olist_semantic.stg_order_reviews"
[0m20:39:17.471787 [debug] [Thread-1 (]: Began compiling node model.olist_semantic.stg_orders
[0m20:39:17.471926 [debug] [Thread-4 (]: Using duckdb connection "model.olist_semantic.stg_order_returns"
[0m20:39:17.472046 [debug] [Thread-2 (]: Using duckdb connection "model.olist_semantic.stg_order_payments"
[0m20:39:17.472592 [debug] [Thread-1 (]: Writing injected SQL for node "model.olist_semantic.stg_orders"
[0m20:39:17.472708 [debug] [Thread-4 (]: On model.olist_semantic.stg_order_returns: BEGIN
[0m20:39:17.472821 [debug] [Thread-2 (]: On model.olist_semantic.stg_order_payments: BEGIN
[0m20:39:17.472950 [debug] [Thread-3 (]: Began executing node model.olist_semantic.stg_order_reviews
[0m20:39:17.473058 [debug] [Thread-4 (]: Opening a new connection, currently in state closed
[0m20:39:17.473172 [debug] [Thread-2 (]: Opening a new connection, currently in state closed
[0m20:39:17.473835 [debug] [Thread-3 (]: Writing runtime sql for node "model.olist_semantic.stg_order_reviews"
[0m20:39:17.473948 [debug] [Thread-1 (]: Began executing node model.olist_semantic.stg_orders
[0m20:39:17.474737 [debug] [Thread-1 (]: Writing runtime sql for node "model.olist_semantic.stg_orders"
[0m20:39:17.474846 [debug] [Thread-2 (]: SQL status: OK in 0.002 seconds
[0m20:39:17.474971 [debug] [Thread-4 (]: SQL status: OK in 0.002 seconds
[0m20:39:17.475101 [debug] [Thread-2 (]: Using duckdb connection "model.olist_semantic.stg_order_payments"
[0m20:39:17.475219 [debug] [Thread-3 (]: Using duckdb connection "model.olist_semantic.stg_order_reviews"
[0m20:39:17.475332 [debug] [Thread-4 (]: Using duckdb connection "model.olist_semantic.stg_order_returns"
[0m20:39:17.475445 [debug] [Thread-2 (]: On model.olist_semantic.stg_order_payments: /* {"app": "dbt", "dbt_version": "1.12.5", "profile_name": "olist", "target_name": "dev", "node_id": "model.olist_semantic.stg_order_payments"} */

  
  create view "olist_dirty"."staging"."stg_order_payments__dbt_tmp" as (
    select
    order_id,
    payment_sequential,
    lower(trim(payment_type))                    as payment_type,
    payment_installments,
    cast(payment_value as decimal(14,2))         as payment_value
from "olist_dirty"."raw"."order_payments"
  );

[0m20:39:17.475554 [debug] [Thread-3 (]: On model.olist_semantic.stg_order_reviews: BEGIN
[0m20:39:17.475852 [debug] [Thread-1 (]: Using duckdb connection "model.olist_semantic.stg_orders"
[0m20:39:17.476038 [debug] [Thread-4 (]: On model.olist_semantic.stg_order_returns: /* {"app": "dbt", "dbt_version": "1.12.5", "profile_name": "olist", "target_name": "dev", "node_id": "model.olist_semantic.stg_order_returns"} */

  
  create view "olist_dirty"."staging"."stg_order_returns__dbt_tmp" as (
    -- Resolves: bilingual/free-text reason codes collapsed to 8 canonical values,
-- status casing, and 0.8% clock-skew rows where resolved_at precedes requested_at.
with src as (select * from "olist_dirty"."raw"."order_returns"),

parsed as (
    select
        return_id,
        order_id,
        cast(order_item_id as integer)                   as order_item_id,
        product_id,
        seller_id,
        customer_id,
        lower(trim(return_reason_code))                  as _reason,
        lower(trim(return_status))                       as _status,
        upper(trim(resolution))                          as resolution,
        cast(quantity_returned as integer)               as quantity_returned,
        
    cast(
        case
            when item_price_at_purchase is null then null
            when position(',' in replace(replace(item_price_at_purchase, 'R$', ''), ' ', '')) > 0
                then replace(replace(replace(replace(item_price_at_purchase, 'R$', ''), ' ', ''), '.', ''), ',', '.')
            else replace(replace(item_price_at_purchase, 'R$', ''), ' ', '')
        end
    as decimal(14,2))
      as item_price_at_purchase,
        
    cast(
        case
            when freight_at_purchase is null then null
            when position(',' in replace(replace(freight_at_purchase, 'R$', ''), ' ', '')) > 0
                then replace(replace(replace(replace(freight_at_purchase, 'R$', ''), ' ', ''), '.', ''), ',', '.')
            else replace(replace(freight_at_purchase, 'R$', ''), ' ', '')
        end
    as decimal(14,2))
         as freight_at_purchase,
        
    coalesce(
        try_strptime(trim(requested_at), '%Y-%m-%d %H:%M:%S'),
        try_strptime(trim(requested_at), '%Y-%m-%dT%H:%M:%SZ'),
        try_strptime(trim(requested_at), '%d/%m/%Y %H:%M'),
        try_strptime(trim(requested_at), '%Y-%m-%d'),
        case
            when regexp_matches(trim(requested_at), '^[0-9]{9,11}$')
            then cast(to_timestamp(try_cast(trim(requested_at) as bigint)) at time zone 'UTC' as timestamp)
        end
    )
                   as requested_at,
        
    coalesce(
        try_strptime(trim(received_at), '%Y-%m-%d %H:%M:%S'),
        try_strptime(trim(received_at), '%Y-%m-%dT%H:%M:%SZ'),
        try_strptime(trim(received_at), '%d/%m/%Y %H:%M'),
        try_strptime(trim(received_at), '%Y-%m-%d'),
        case
            when regexp_matches(trim(received_at), '^[0-9]{9,11}$')
            then cast(to_timestamp(try_cast(trim(received_at) as bigint)) at time zone 'UTC' as timestamp)
        end
    )
                    as received_at,
        
    coalesce(
        try_strptime(trim(resolved_at), '%Y-%m-%d %H:%M:%S'),
        try_strptime(trim(resolved_at), '%Y-%m-%dT%H:%M:%SZ'),
        try_strptime(trim(resolved_at), '%d/%m/%Y %H:%M'),
        try_strptime(trim(resolved_at), '%Y-%m-%d'),
        case
            when regexp_matches(trim(resolved_at), '^[0-9]{9,11}$')
            then cast(to_timestamp(try_cast(trim(resolved_at) as bigint)) at time zone 'UTC' as timestamp)
        end
    )
                    as resolved_at,
        inspection_notes
    from src
)

select
    * exclude (_reason, _status),

    case
        when _reason in ('damaged', 'damaged_in_transit', 'produto danificado')  then 'DAMAGED_IN_TRANSIT'
        when _reason in ('defective', 'defeito')                                 then 'DEFECTIVE'
        when _reason in ('wrong_item', 'wrong item', 'wrong-item', 'item_errado') then 'WRONG_ITEM'
        when _reason in ('not_as_described', 'nao conforme anuncio')             then 'NOT_AS_DESCRIBED'
        when _reason in ('missing_parts', 'faltando pecas')                      then 'MISSING_PARTS'
        when _reason in ('size_fit', 'size/fit', 'tamanho')                      then 'SIZE_FIT'
        when _reason in ('late_delivery', 'late', 'atraso na entrega')           then 'LATE_DELIVERY'
        when _reason in ('no_longer_wanted', 'no longer wanted', 'changed_mind', 'arrependimento')
                                                                                 then 'NO_LONGER_WANTED'
    end                                                  as return_reason,

    case
        when _status in ('completed', 'closed')          then 'COMPLETED'
        when _status = 'approved'                        then 'APPROVED'
        when _status in ('rejected', 'denied')           then 'REJECTED'
        when _status in ('requested', 'open')            then 'REQUESTED'
        when _status in ('in_transit', 'shipping_back')  then 'IN_TRANSIT'
    end                                                  as return_status,

    -- explicit flag rather than silently propagating a negative duration
    (resolved_at is not null and resolved_at < requested_at) as has_timestamp_inconsistency,

    case
        when resolved_at is not null and resolved_at >= requested_at
        then date_diff('day', requested_at, resolved_at)
    end                                                  as resolution_days
from parsed
  );

[0m20:39:17.476264 [debug] [Thread-3 (]: Opening a new connection, currently in state closed
[0m20:39:17.476375 [debug] [Thread-1 (]: On model.olist_semantic.stg_orders: BEGIN
[0m20:39:17.476483 [debug] [Thread-2 (]: SQL status: OK in 0.000 seconds
[0m20:39:17.476770 [debug] [Thread-1 (]: Opening a new connection, currently in state closed
[0m20:39:17.477377 [debug] [Thread-2 (]: Using duckdb connection "model.olist_semantic.stg_order_payments"
[0m20:39:17.477557 [debug] [Thread-3 (]: SQL status: OK in 0.001 seconds
[0m20:39:17.477666 [debug] [Thread-2 (]: On model.olist_semantic.stg_order_payments: /* {"app": "dbt", "dbt_version": "1.12.5", "profile_name": "olist", "target_name": "dev", "node_id": "model.olist_semantic.stg_order_payments"} */
alter view "olist_dirty"."staging"."stg_order_payments__dbt_tmp" rename to "stg_order_payments"
[0m20:39:17.477768 [debug] [Thread-4 (]: SQL status: OK in 0.001 seconds
[0m20:39:17.477870 [debug] [Thread-1 (]: SQL status: OK in 0.001 seconds
[0m20:39:17.477971 [debug] [Thread-3 (]: Using duckdb connection "model.olist_semantic.stg_order_reviews"
[0m20:39:17.478630 [debug] [Thread-4 (]: Using duckdb connection "model.olist_semantic.stg_order_returns"
[0m20:39:17.478741 [debug] [Thread-1 (]: Using duckdb connection "model.olist_semantic.stg_orders"
[0m20:39:17.478855 [debug] [Thread-2 (]: SQL status: OK in 0.001 seconds
[0m20:39:17.478973 [debug] [Thread-3 (]: On model.olist_semantic.stg_order_reviews: /* {"app": "dbt", "dbt_version": "1.12.5", "profile_name": "olist", "target_name": "dev", "node_id": "model.olist_semantic.stg_order_reviews"} */

  
  create view "olist_dirty"."staging"."stg_order_reviews__dbt_tmp" as (
    -- raw.order_reviews contains repeated review_id values (a genuine Olist quirk),
-- so this stays at its natural grain and marts aggregate it to one row per order.
select
    review_id,
    order_id,
    review_score,
    review_comment_title,
    review_comment_message,
    review_creation_date                     as review_created_at,
    review_answer_timestamp                  as review_answered_at
from "olist_dirty"."raw"."order_reviews"
  );

[0m20:39:17.479095 [debug] [Thread-4 (]: On model.olist_semantic.stg_order_returns: /* {"app": "dbt", "dbt_version": "1.12.5", "profile_name": "olist", "target_name": "dev", "node_id": "model.olist_semantic.stg_order_returns"} */
alter view "olist_dirty"."staging"."stg_order_returns__dbt_tmp" rename to "stg_order_returns"
[0m20:39:17.479230 [debug] [Thread-1 (]: On model.olist_semantic.stg_orders: /* {"app": "dbt", "dbt_version": "1.12.5", "profile_name": "olist", "target_name": "dev", "node_id": "model.olist_semantic.stg_orders"} */

  
  create view "olist_dirty"."staging"."stg_orders__dbt_tmp" as (
    select
    order_id,
    customer_id,
    lower(trim(order_status))                as order_status,
    order_purchase_timestamp                 as purchased_at,
    order_approved_at                        as approved_at,
    order_delivered_carrier_date             as shipped_at,
    order_delivered_customer_date            as delivered_at,
    order_estimated_delivery_date            as estimated_delivery_at
from "olist_dirty"."raw"."orders"
  );

[0m20:39:17.479663 [debug] [Thread-2 (]: On model.olist_semantic.stg_order_payments: COMMIT
[0m20:39:17.479918 [debug] [Thread-2 (]: Using duckdb connection "model.olist_semantic.stg_order_payments"
[0m20:39:17.480025 [debug] [Thread-2 (]: On model.olist_semantic.stg_order_payments: COMMIT
[0m20:39:17.480132 [debug] [Thread-3 (]: SQL status: OK in 0.000 seconds
[0m20:39:17.480256 [debug] [Thread-4 (]: SQL status: OK in 0.000 seconds
[0m20:39:17.480856 [debug] [Thread-3 (]: Using duckdb connection "model.olist_semantic.stg_order_reviews"
[0m20:39:17.480959 [debug] [Thread-1 (]: SQL status: OK in 0.001 seconds
[0m20:39:17.481076 [debug] [Thread-2 (]: SQL status: OK in 0.001 seconds
[0m20:39:17.481515 [debug] [Thread-4 (]: On model.olist_semantic.stg_order_returns: COMMIT
[0m20:39:17.481638 [debug] [Thread-3 (]: On model.olist_semantic.stg_order_reviews: /* {"app": "dbt", "dbt_version": "1.12.5", "profile_name": "olist", "target_name": "dev", "node_id": "model.olist_semantic.stg_order_reviews"} */
alter view "olist_dirty"."staging"."stg_order_reviews__dbt_tmp" rename to "stg_order_reviews"
[0m20:39:17.482241 [debug] [Thread-1 (]: Using duckdb connection "model.olist_semantic.stg_orders"
[0m20:39:17.482649 [debug] [Thread-2 (]: Using duckdb connection "model.olist_semantic.stg_order_payments"
[0m20:39:17.482749 [debug] [Thread-4 (]: Using duckdb connection "model.olist_semantic.stg_order_returns"
[0m20:39:17.482890 [debug] [Thread-1 (]: On model.olist_semantic.stg_orders: /* {"app": "dbt", "dbt_version": "1.12.5", "profile_name": "olist", "target_name": "dev", "node_id": "model.olist_semantic.stg_orders"} */
alter view "olist_dirty"."staging"."stg_orders__dbt_tmp" rename to "stg_orders"
[0m20:39:17.483014 [debug] [Thread-2 (]: On model.olist_semantic.stg_order_payments: /* {"app": "dbt", "dbt_version": "1.12.5", "profile_name": "olist", "target_name": "dev", "node_id": "model.olist_semantic.stg_order_payments"} */

      drop view if exists "olist_dirty"."staging"."stg_order_payments__dbt_backup" cascade
    
[0m20:39:17.483121 [debug] [Thread-3 (]: SQL status: OK in 0.000 seconds
[0m20:39:17.483224 [debug] [Thread-4 (]: On model.olist_semantic.stg_order_returns: COMMIT
[0m20:39:17.483683 [debug] [Thread-3 (]: On model.olist_semantic.stg_order_reviews: COMMIT
[0m20:39:17.483794 [debug] [Thread-1 (]: SQL status: OK in 0.000 seconds
[0m20:39:17.483908 [debug] [Thread-2 (]: SQL status: OK in 0.001 seconds
[0m20:39:17.484013 [debug] [Thread-3 (]: Using duckdb connection "model.olist_semantic.stg_order_reviews"
[0m20:39:17.484398 [debug] [Thread-1 (]: On model.olist_semantic.stg_orders: COMMIT
[0m20:39:17.484511 [debug] [Thread-4 (]: SQL status: OK in 0.001 seconds
[0m20:39:17.484880 [debug] [Thread-2 (]: On model.olist_semantic.stg_order_payments: Close
[0m20:39:17.484978 [debug] [Thread-3 (]: On model.olist_semantic.stg_order_reviews: COMMIT
[0m20:39:17.485082 [debug] [Thread-1 (]: Using duckdb connection "model.olist_semantic.stg_orders"
[0m20:39:17.485519 [debug] [Thread-4 (]: Using duckdb connection "model.olist_semantic.stg_order_returns"
[0m20:39:17.485701 [debug] [Thread-2 (]: Sending event: {'category': 'dbt', 'action': 'run_model', 'label': '2dd4873a-21ae-42a8-9e0a-b40201d6a166', 'context': [<snowplow_tracker.self_describing_json.SelfDescribingJson object at 0x10c60a990>]}
[0m20:39:17.485830 [debug] [Thread-1 (]: On model.olist_semantic.stg_orders: COMMIT
[0m20:39:17.485944 [debug] [Thread-4 (]: On model.olist_semantic.stg_order_returns: /* {"app": "dbt", "dbt_version": "1.12.5", "profile_name": "olist", "target_name": "dev", "node_id": "model.olist_semantic.stg_order_returns"} */

      drop view if exists "olist_dirty"."staging"."stg_order_returns__dbt_backup" cascade
    
[0m20:39:17.486052 [debug] [Thread-3 (]: SQL status: OK in 0.000 seconds
[0m20:39:17.486261 [info ] [Thread-2 (]: 7 of 27 OK created sql view model staging.stg_order_payments ................... [[32mOK[0m in 0.02s]
[0m20:39:17.486419 [debug] [Thread-1 (]: SQL status: OK in 0.000 seconds
[0m20:39:17.487032 [debug] [Thread-3 (]: Using duckdb connection "model.olist_semantic.stg_order_reviews"
[0m20:39:17.487139 [debug] [Thread-4 (]: SQL status: OK in 0.001 seconds
[0m20:39:17.487300 [debug] [Thread-2 (]: Finished running node model.olist_semantic.stg_order_payments
[0m20:39:17.487712 [debug] [Thread-1 (]: Using duckdb connection "model.olist_semantic.stg_orders"
[0m20:39:17.487824 [debug] [Thread-3 (]: On model.olist_semantic.stg_order_reviews: /* {"app": "dbt", "dbt_version": "1.12.5", "profile_name": "olist", "target_name": "dev", "node_id": "model.olist_semantic.stg_order_reviews"} */

      drop view if exists "olist_dirty"."staging"."stg_order_reviews__dbt_backup" cascade
    
[0m20:39:17.488198 [debug] [Thread-4 (]: On model.olist_semantic.stg_order_returns: Close
[0m20:39:17.488327 [debug] [Thread-2 (]: Began running node model.olist_semantic.stg_product_category_translation
[0m20:39:17.488462 [debug] [Thread-1 (]: On model.olist_semantic.stg_orders: /* {"app": "dbt", "dbt_version": "1.12.5", "profile_name": "olist", "target_name": "dev", "node_id": "model.olist_semantic.stg_orders"} */

      drop view if exists "olist_dirty"."staging"."stg_orders__dbt_backup" cascade
    
[0m20:39:17.488730 [info ] [Thread-2 (]: 11 of 27 START sql view model staging.stg_product_category_translation ......... [RUN]
[0m20:39:17.488871 [debug] [Thread-4 (]: Sending event: {'category': 'dbt', 'action': 'run_model', 'label': '2dd4873a-21ae-42a8-9e0a-b40201d6a166', 'context': [<snowplow_tracker.self_describing_json.SelfDescribingJson object at 0x10c5e9190>]}
[0m20:39:17.488982 [debug] [Thread-3 (]: SQL status: OK in 0.000 seconds
[0m20:39:17.489117 [debug] [Thread-2 (]: Re-using an available connection from the pool (formerly model.olist_semantic.stg_order_payments, now model.olist_semantic.stg_product_category_translation)
[0m20:39:17.489225 [debug] [Thread-1 (]: SQL status: OK in 0.000 seconds
[0m20:39:17.489408 [info ] [Thread-4 (]: 8 of 27 OK created sql view model staging.stg_order_returns .................... [[32mOK[0m in 0.02s]
[0m20:39:17.489808 [debug] [Thread-3 (]: On model.olist_semantic.stg_order_reviews: Close
[0m20:39:17.489921 [debug] [Thread-2 (]: Began compiling node model.olist_semantic.stg_product_category_translation
[0m20:39:17.490286 [debug] [Thread-1 (]: On model.olist_semantic.stg_orders: Close
[0m20:39:17.490446 [debug] [Thread-4 (]: Finished running node model.olist_semantic.stg_order_returns
[0m20:39:17.490602 [debug] [Thread-3 (]: Sending event: {'category': 'dbt', 'action': 'run_model', 'label': '2dd4873a-21ae-42a8-9e0a-b40201d6a166', 'context': [<snowplow_tracker.self_describing_json.SelfDescribingJson object at 0x10c5a6f90>]}
[0m20:39:17.491145 [debug] [Thread-2 (]: Writing injected SQL for node "model.olist_semantic.stg_product_category_translation"
[0m20:39:17.491311 [debug] [Thread-1 (]: Sending event: {'category': 'dbt', 'action': 'run_model', 'label': '2dd4873a-21ae-42a8-9e0a-b40201d6a166', 'context': [<snowplow_tracker.self_describing_json.SelfDescribingJson object at 0x10c5e9790>]}
[0m20:39:17.491436 [debug] [Thread-4 (]: Began running node model.olist_semantic.stg_products
[0m20:39:17.491656 [info ] [Thread-3 (]: 9 of 27 OK created sql view model staging.stg_order_reviews .................... [[32mOK[0m in 0.02s]
[0m20:39:17.491849 [info ] [Thread-1 (]: 10 of 27 OK created sql view model staging.stg_orders .......................... [[32mOK[0m in 0.02s]
[0m20:39:17.491992 [info ] [Thread-4 (]: 12 of 27 START sql view model staging.stg_products ............................. [RUN]
[0m20:39:17.492158 [debug] [Thread-3 (]: Finished running node model.olist_semantic.stg_order_reviews
[0m20:39:17.492326 [debug] [Thread-1 (]: Finished running node model.olist_semantic.stg_orders
[0m20:39:17.492454 [debug] [Thread-4 (]: Re-using an available connection from the pool (formerly model.olist_semantic.stg_order_returns, now model.olist_semantic.stg_products)
[0m20:39:17.492564 [debug] [Thread-2 (]: Began executing node model.olist_semantic.stg_product_category_translation
[0m20:39:17.492683 [debug] [Thread-3 (]: Began running node model.olist_semantic.stg_refunds
[0m20:39:17.492819 [debug] [Thread-1 (]: Began running node model.olist_semantic.stg_replacement_orders
[0m20:39:17.492938 [debug] [Thread-4 (]: Began compiling node model.olist_semantic.stg_products
[0m20:39:17.493657 [debug] [Thread-2 (]: Writing runtime sql for node "model.olist_semantic.stg_product_category_translation"
[0m20:39:17.493801 [info ] [Thread-3 (]: 13 of 27 START sql view model staging.stg_refunds .............................. [RUN]
[0m20:39:17.493955 [info ] [Thread-1 (]: 14 of 27 START sql view model staging.stg_replacement_orders ................... [RUN]
[0m20:39:17.494489 [debug] [Thread-4 (]: Writing injected SQL for node "model.olist_semantic.stg_products"
[0m20:39:17.494643 [debug] [Thread-3 (]: Re-using an available connection from the pool (formerly model.olist_semantic.stg_order_reviews, now model.olist_semantic.stg_refunds)
[0m20:39:17.494780 [debug] [Thread-1 (]: Re-using an available connection from the pool (formerly model.olist_semantic.stg_orders, now model.olist_semantic.stg_replacement_orders)
[0m20:39:17.494920 [debug] [Thread-3 (]: Began compiling node model.olist_semantic.stg_refunds
[0m20:39:17.495035 [debug] [Thread-1 (]: Began compiling node model.olist_semantic.stg_replacement_orders
[0m20:39:17.495157 [debug] [Thread-2 (]: Using duckdb connection "model.olist_semantic.stg_product_category_translation"
[0m20:39:17.495942 [debug] [Thread-3 (]: Writing injected SQL for node "model.olist_semantic.stg_refunds"
[0m20:39:17.496692 [debug] [Thread-1 (]: Writing injected SQL for node "model.olist_semantic.stg_replacement_orders"
[0m20:39:17.496812 [debug] [Thread-2 (]: On model.olist_semantic.stg_product_category_translation: BEGIN
[0m20:39:17.497191 [debug] [Thread-4 (]: Began executing node model.olist_semantic.stg_products
[0m20:39:17.497347 [debug] [Thread-2 (]: Opening a new connection, currently in state closed
[0m20:39:17.498057 [debug] [Thread-4 (]: Writing runtime sql for node "model.olist_semantic.stg_products"
[0m20:39:17.498251 [debug] [Thread-1 (]: Began executing node model.olist_semantic.stg_replacement_orders
[0m20:39:17.498372 [debug] [Thread-2 (]: SQL status: OK in 0.001 seconds
[0m20:39:17.498485 [debug] [Thread-3 (]: Began executing node model.olist_semantic.stg_refunds
[0m20:39:17.499160 [debug] [Thread-1 (]: Writing runtime sql for node "model.olist_semantic.stg_replacement_orders"
[0m20:39:17.499275 [debug] [Thread-2 (]: Using duckdb connection "model.olist_semantic.stg_product_category_translation"
[0m20:39:17.499918 [debug] [Thread-3 (]: Writing runtime sql for node "model.olist_semantic.stg_refunds"
[0m20:39:17.500066 [debug] [Thread-4 (]: Using duckdb connection "model.olist_semantic.stg_products"
[0m20:39:17.500181 [debug] [Thread-2 (]: On model.olist_semantic.stg_product_category_translation: /* {"app": "dbt", "dbt_version": "1.12.5", "profile_name": "olist", "target_name": "dev", "node_id": "model.olist_semantic.stg_product_category_translation"} */

  
  create view "olist_dirty"."staging"."stg_product_category_translation__dbt_tmp" as (
    select
    lower(trim(product_category_name))           as product_category_name,
    lower(trim(product_category_name_english))   as product_category_name_english
from "olist_dirty"."raw"."product_category_name_translation"
  );

[0m20:39:17.500324 [debug] [Thread-4 (]: On model.olist_semantic.stg_products: BEGIN
[0m20:39:17.500500 [debug] [Thread-4 (]: Opening a new connection, currently in state closed
[0m20:39:17.500643 [debug] [Thread-2 (]: SQL status: OK in 0.000 seconds
[0m20:39:17.500761 [debug] [Thread-3 (]: Using duckdb connection "model.olist_semantic.stg_refunds"
[0m20:39:17.500879 [debug] [Thread-1 (]: Using duckdb connection "model.olist_semantic.stg_replacement_orders"
[0m20:39:17.501563 [debug] [Thread-2 (]: Using duckdb connection "model.olist_semantic.stg_product_category_translation"
[0m20:39:17.501668 [debug] [Thread-4 (]: SQL status: OK in 0.001 seconds
[0m20:39:17.501777 [debug] [Thread-3 (]: On model.olist_semantic.stg_refunds: BEGIN
[0m20:39:17.501895 [debug] [Thread-1 (]: On model.olist_semantic.stg_replacement_orders: BEGIN
[0m20:39:17.502007 [debug] [Thread-2 (]: On model.olist_semantic.stg_product_category_translation: /* {"app": "dbt", "dbt_version": "1.12.5", "profile_name": "olist", "target_name": "dev", "node_id": "model.olist_semantic.stg_product_category_translation"} */
alter view "olist_dirty"."staging"."stg_product_category_translation__dbt_tmp" rename to "stg_product_category_translation"
[0m20:39:17.502118 [debug] [Thread-4 (]: Using duckdb connection "model.olist_semantic.stg_products"
[0m20:39:17.502216 [debug] [Thread-3 (]: Opening a new connection, currently in state closed
[0m20:39:17.502322 [debug] [Thread-1 (]: Opening a new connection, currently in state closed
[0m20:39:17.502464 [debug] [Thread-4 (]: On model.olist_semantic.stg_products: /* {"app": "dbt", "dbt_version": "1.12.5", "profile_name": "olist", "target_name": "dev", "node_id": "model.olist_semantic.stg_products"} */

  
  create view "olist_dirty"."staging"."stg_products__dbt_tmp" as (
    select
    product_id,
    lower(trim(product_category_name))       as product_category_name,
    product_name_lenght                      as name_length,
    product_description_lenght               as description_length,
    product_photos_qty                       as photos_qty,
    product_weight_g                         as weight_g,
    product_length_cm                        as length_cm,
    product_height_cm                        as height_cm,
    product_width_cm                         as width_cm
from "olist_dirty"."raw"."products"
  );

[0m20:39:17.502598 [debug] [Thread-2 (]: SQL status: OK in 0.000 seconds
[0m20:39:17.502732 [debug] [Thread-3 (]: SQL status: OK in 0.001 seconds
[0m20:39:17.502882 [debug] [Thread-1 (]: SQL status: OK in 0.001 seconds
[0m20:39:17.503283 [debug] [Thread-2 (]: On model.olist_semantic.stg_product_category_translation: COMMIT
[0m20:39:17.503386 [debug] [Thread-4 (]: SQL status: OK in 0.001 seconds
[0m20:39:17.503484 [debug] [Thread-3 (]: Using duckdb connection "model.olist_semantic.stg_refunds"
[0m20:39:17.503590 [debug] [Thread-1 (]: Using duckdb connection "model.olist_semantic.stg_replacement_orders"
[0m20:39:17.503708 [debug] [Thread-2 (]: Using duckdb connection "model.olist_semantic.stg_product_category_translation"
[0m20:39:17.504248 [debug] [Thread-4 (]: Using duckdb connection "model.olist_semantic.stg_products"
[0m20:39:17.504397 [debug] [Thread-3 (]: On model.olist_semantic.stg_refunds: /* {"app": "dbt", "dbt_version": "1.12.5", "profile_name": "olist", "target_name": "dev", "node_id": "model.olist_semantic.stg_refunds"} */

  
  create view "olist_dirty"."staging"."stg_refunds__dbt_tmp" as (
    -- Resolves: the sign trap (1,249 of 3,624 rows stored negative for the same
-- semantic event) and status casing. Settlement is made explicit so that
-- pending/failed/reversed refunds can never be silently deducted.
with src as (select * from "olist_dirty"."raw"."refunds"),

parsed as (
    select
        refund_id,
        order_id,
        return_id,
        upper(trim(refund_type))                         as refund_type,
        abs(
    cast(
        case
            when refund_amount is null then null
            when position(',' in replace(replace(refund_amount, 'R$', ''), ' ', '')) > 0
                then replace(replace(replace(replace(refund_amount, 'R$', ''), ' ', ''), '.', ''), ',', '.')
            else replace(replace(refund_amount, 'R$', ''), ' ', '')
        end
    as decimal(14,2))
)          as refund_amount,
        upper(trim(refund_reason))                       as refund_reason,
        lower(trim(refund_status))                       as _status,
        upper(trim(refund_method))                       as refund_method,
        
    coalesce(
        try_strptime(trim(requested_at), '%Y-%m-%d %H:%M:%S'),
        try_strptime(trim(requested_at), '%Y-%m-%dT%H:%M:%SZ'),
        try_strptime(trim(requested_at), '%d/%m/%Y %H:%M'),
        try_strptime(trim(requested_at), '%Y-%m-%d'),
        case
            when regexp_matches(trim(requested_at), '^[0-9]{9,11}$')
            then cast(to_timestamp(try_cast(trim(requested_at) as bigint)) at time zone 'UTC' as timestamp)
        end
    )
                   as requested_at,
        
    coalesce(
        try_strptime(trim(processed_at), '%Y-%m-%d %H:%M:%S'),
        try_strptime(trim(processed_at), '%Y-%m-%dT%H:%M:%SZ'),
        try_strptime(trim(processed_at), '%d/%m/%Y %H:%M'),
        try_strptime(trim(processed_at), '%Y-%m-%d'),
        case
            when regexp_matches(trim(processed_at), '^[0-9]{9,11}$')
            then cast(to_timestamp(try_cast(trim(processed_at) as bigint)) at time zone 'UTC' as timestamp)
        end
    )
                   as processed_at,
        gateway_reference
    from src
)

select
    * exclude (_status),
    upper(_status)                                       as refund_status,
    (_status = 'processed')                              as is_settled,
    case when _status = 'processed' then processed_at end as settled_at
from parsed
  );

[0m20:39:17.504582 [debug] [Thread-1 (]: On model.olist_semantic.stg_replacement_orders: /* {"app": "dbt", "dbt_version": "1.12.5", "profile_name": "olist", "target_name": "dev", "node_id": "model.olist_semantic.stg_replacement_orders"} */

  
  create view "olist_dirty"."staging"."stg_replacement_orders__dbt_tmp" as (
    -- Free replacement shipments: real fulfilled units at zero revenue, carrying
-- real COGS. Kept in a separate model so they can never be mistaken for sales.
select
    replacement_order_id,
    original_order_id,
    return_id,
    customer_id,
    product_id,
    seller_id,
    cast(quantity_shipped as integer)                    as quantity_shipped,
    cast(charged_to_customer as decimal(14,2))           as charged_to_customer,
    
    cast(
        case
            when replacement_cogs is null then null
            when position(',' in replace(replace(replacement_cogs, 'R$', ''), ' ', '')) > 0
                then replace(replace(replace(replace(replacement_cogs, 'R$', ''), ' ', ''), '.', ''), ',', '.')
            else replace(replace(replacement_cogs, 'R$', ''), ' ', '')
        end
    as decimal(14,2))
                as replacement_cogs,
    
    cast(
        case
            when freight_absorbed is null then null
            when position(',' in replace(replace(freight_absorbed, 'R$', ''), ' ', '')) > 0
                then replace(replace(replace(replace(freight_absorbed, 'R$', ''), ' ', ''), '.', ''), ',', '.')
            else replace(replace(freight_absorbed, 'R$', ''), ' ', '')
        end
    as decimal(14,2))
                as freight_absorbed,
    upper(trim(cost_borne_by))                           as cost_borne_by,
    upper(trim(replacement_status))                      as replacement_status,
    
    coalesce(
        try_strptime(trim(shipped_at), '%Y-%m-%d %H:%M:%S'),
        try_strptime(trim(shipped_at), '%Y-%m-%dT%H:%M:%SZ'),
        try_strptime(trim(shipped_at), '%d/%m/%Y %H:%M'),
        try_strptime(trim(shipped_at), '%Y-%m-%d'),
        case
            when regexp_matches(trim(shipped_at), '^[0-9]{9,11}$')
            then cast(to_timestamp(try_cast(trim(shipped_at) as bigint)) at time zone 'UTC' as timestamp)
        end
    )
                         as shipped_at,
    
    coalesce(
        try_strptime(trim(delivered_at), '%Y-%m-%d %H:%M:%S'),
        try_strptime(trim(delivered_at), '%Y-%m-%dT%H:%M:%SZ'),
        try_strptime(trim(delivered_at), '%d/%m/%Y %H:%M'),
        try_strptime(trim(delivered_at), '%Y-%m-%d'),
        case
            when regexp_matches(trim(delivered_at), '^[0-9]{9,11}$')
            then cast(to_timestamp(try_cast(trim(delivered_at) as bigint)) at time zone 'UTC' as timestamp)
        end
    )
                       as delivered_at
from "olist_dirty"."raw"."replacement_orders"
  );

[0m20:39:17.504743 [debug] [Thread-2 (]: On model.olist_semantic.stg_product_category_translation: COMMIT
[0m20:39:17.504853 [debug] [Thread-4 (]: On model.olist_semantic.stg_products: /* {"app": "dbt", "dbt_version": "1.12.5", "profile_name": "olist", "target_name": "dev", "node_id": "model.olist_semantic.stg_products"} */
alter view "olist_dirty"."staging"."stg_products__dbt_tmp" rename to "stg_products"
[0m20:39:17.505289 [debug] [Thread-4 (]: SQL status: OK in 0.000 seconds
[0m20:39:17.505402 [debug] [Thread-2 (]: SQL status: OK in 0.000 seconds
[0m20:39:17.505790 [debug] [Thread-4 (]: On model.olist_semantic.stg_products: COMMIT
[0m20:39:17.506205 [debug] [Thread-2 (]: Using duckdb connection "model.olist_semantic.stg_product_category_translation"
[0m20:39:17.506312 [debug] [Thread-3 (]: SQL status: OK in 0.001 seconds
[0m20:39:17.506412 [debug] [Thread-1 (]: SQL status: OK in 0.001 seconds
[0m20:39:17.506520 [debug] [Thread-4 (]: Using duckdb connection "model.olist_semantic.stg_products"
[0m20:39:17.506632 [debug] [Thread-2 (]: On model.olist_semantic.stg_product_category_translation: /* {"app": "dbt", "dbt_version": "1.12.5", "profile_name": "olist", "target_name": "dev", "node_id": "model.olist_semantic.stg_product_category_translation"} */

      drop view if exists "olist_dirty"."staging"."stg_product_category_translation__dbt_backup" cascade
    
[0m20:39:17.507213 [debug] [Thread-3 (]: Using duckdb connection "model.olist_semantic.stg_refunds"
[0m20:39:17.507760 [debug] [Thread-1 (]: Using duckdb connection "model.olist_semantic.stg_replacement_orders"
[0m20:39:17.507865 [debug] [Thread-4 (]: On model.olist_semantic.stg_products: COMMIT
[0m20:39:17.507997 [debug] [Thread-3 (]: On model.olist_semantic.stg_refunds: /* {"app": "dbt", "dbt_version": "1.12.5", "profile_name": "olist", "target_name": "dev", "node_id": "model.olist_semantic.stg_refunds"} */
alter view "olist_dirty"."staging"."stg_refunds__dbt_tmp" rename to "stg_refunds"
[0m20:39:17.508113 [debug] [Thread-1 (]: On model.olist_semantic.stg_replacement_orders: /* {"app": "dbt", "dbt_version": "1.12.5", "profile_name": "olist", "target_name": "dev", "node_id": "model.olist_semantic.stg_replacement_orders"} */
alter view "olist_dirty"."staging"."stg_replacement_orders__dbt_tmp" rename to "stg_replacement_orders"
[0m20:39:17.508228 [debug] [Thread-2 (]: SQL status: OK in 0.000 seconds
[0m20:39:17.508409 [debug] [Thread-4 (]: SQL status: OK in 0.000 seconds
[0m20:39:17.508816 [debug] [Thread-2 (]: On model.olist_semantic.stg_product_category_translation: Close
[0m20:39:17.508924 [debug] [Thread-3 (]: SQL status: OK in 0.001 seconds
[0m20:39:17.509033 [debug] [Thread-1 (]: SQL status: OK in 0.001 seconds
[0m20:39:17.509429 [debug] [Thread-4 (]: Using duckdb connection "model.olist_semantic.stg_products"
[0m20:39:17.509603 [debug] [Thread-2 (]: Sending event: {'category': 'dbt', 'action': 'run_model', 'label': '2dd4873a-21ae-42a8-9e0a-b40201d6a166', 'context': [<snowplow_tracker.self_describing_json.SelfDescribingJson object at 0x10c61fad0>]}
[0m20:39:17.510001 [debug] [Thread-3 (]: On model.olist_semantic.stg_refunds: COMMIT
[0m20:39:17.510385 [debug] [Thread-1 (]: On model.olist_semantic.stg_replacement_orders: COMMIT
[0m20:39:17.510491 [debug] [Thread-4 (]: On model.olist_semantic.stg_products: /* {"app": "dbt", "dbt_version": "1.12.5", "profile_name": "olist", "target_name": "dev", "node_id": "model.olist_semantic.stg_products"} */

      drop view if exists "olist_dirty"."staging"."stg_products__dbt_backup" cascade
    
[0m20:39:17.510776 [debug] [Thread-3 (]: Using duckdb connection "model.olist_semantic.stg_refunds"
[0m20:39:17.510683 [info ] [Thread-2 (]: 11 of 27 OK created sql view model staging.stg_product_category_translation .... [[32mOK[0m in 0.02s]
[0m20:39:17.510911 [debug] [Thread-1 (]: Using duckdb connection "model.olist_semantic.stg_replacement_orders"
[0m20:39:17.511036 [debug] [Thread-3 (]: On model.olist_semantic.stg_refunds: COMMIT
[0m20:39:17.511200 [debug] [Thread-2 (]: Finished running node model.olist_semantic.stg_product_category_translation
[0m20:39:17.511305 [debug] [Thread-4 (]: SQL status: OK in 0.000 seconds
[0m20:39:17.511403 [debug] [Thread-1 (]: On model.olist_semantic.stg_replacement_orders: COMMIT
[0m20:39:17.511541 [debug] [Thread-2 (]: Began running node model.olist_semantic.stg_sellers
[0m20:39:17.511961 [debug] [Thread-4 (]: On model.olist_semantic.stg_products: Close
[0m20:39:17.512075 [debug] [Thread-3 (]: SQL status: OK in 0.001 seconds
[0m20:39:17.512241 [info ] [Thread-2 (]: 15 of 27 START sql view model staging.stg_sellers .............................. [RUN]
[0m20:39:17.512693 [debug] [Thread-3 (]: Using duckdb connection "model.olist_semantic.stg_refunds"
[0m20:39:17.512831 [debug] [Thread-4 (]: Sending event: {'category': 'dbt', 'action': 'run_model', 'label': '2dd4873a-21ae-42a8-9e0a-b40201d6a166', 'context': [<snowplow_tracker.self_describing_json.SelfDescribingJson object at 0x10c68c2f0>]}
[0m20:39:17.512944 [debug] [Thread-1 (]: SQL status: OK in 0.001 seconds
[0m20:39:17.513062 [debug] [Thread-2 (]: Re-using an available connection from the pool (formerly model.olist_semantic.stg_product_category_translation, now model.olist_semantic.stg_sellers)
[0m20:39:17.513176 [debug] [Thread-3 (]: On model.olist_semantic.stg_refunds: /* {"app": "dbt", "dbt_version": "1.12.5", "profile_name": "olist", "target_name": "dev", "node_id": "model.olist_semantic.stg_refunds"} */

      drop view if exists "olist_dirty"."staging"."stg_refunds__dbt_backup" cascade
    
[0m20:39:17.513352 [info ] [Thread-4 (]: 12 of 27 OK created sql view model staging.stg_products ........................ [[32mOK[0m in 0.02s]
[0m20:39:17.513950 [debug] [Thread-1 (]: Using duckdb connection "model.olist_semantic.stg_replacement_orders"
[0m20:39:17.514055 [debug] [Thread-2 (]: Began compiling node model.olist_semantic.stg_sellers
[0m20:39:17.514225 [debug] [Thread-4 (]: Finished running node model.olist_semantic.stg_products
[0m20:39:17.514338 [debug] [Thread-1 (]: On model.olist_semantic.stg_replacement_orders: /* {"app": "dbt", "dbt_version": "1.12.5", "profile_name": "olist", "target_name": "dev", "node_id": "model.olist_semantic.stg_replacement_orders"} */

      drop view if exists "olist_dirty"."staging"."stg_replacement_orders__dbt_backup" cascade
    
[0m20:39:17.514450 [debug] [Thread-3 (]: SQL status: OK in 0.000 seconds
[0m20:39:17.514974 [debug] [Thread-2 (]: Writing injected SQL for node "model.olist_semantic.stg_sellers"
[0m20:39:17.515098 [debug] [Thread-4 (]: Began running node model.olist_semantic.dim_geography
[0m20:39:17.515547 [debug] [Thread-3 (]: On model.olist_semantic.stg_refunds: Close
[0m20:39:17.515658 [debug] [Thread-1 (]: SQL status: OK in 0.000 seconds
[0m20:39:17.515795 [info ] [Thread-4 (]: 16 of 27 SKIP relation marts.dim_geography ..................................... [[33mSKIP[0m]
[0m20:39:17.515973 [debug] [Thread-3 (]: Sending event: {'category': 'dbt', 'action': 'run_model', 'label': '2dd4873a-21ae-42a8-9e0a-b40201d6a166', 'context': [<snowplow_tracker.self_describing_json.SelfDescribingJson object at 0x10c61ed50>]}
[0m20:39:17.516352 [debug] [Thread-1 (]: On model.olist_semantic.stg_replacement_orders: Close
[0m20:39:17.516488 [debug] [Thread-4 (]: Finished running node model.olist_semantic.dim_geography
[0m20:39:17.516672 [info ] [Thread-3 (]: 13 of 27 OK created sql view model staging.stg_refunds ......................... [[32mOK[0m in 0.02s]
[0m20:39:17.516796 [debug] [Thread-2 (]: Began executing node model.olist_semantic.stg_sellers
[0m20:39:17.516940 [debug] [Thread-1 (]: Sending event: {'category': 'dbt', 'action': 'run_model', 'label': '2dd4873a-21ae-42a8-9e0a-b40201d6a166', 'context': [<snowplow_tracker.self_describing_json.SelfDescribingJson object at 0x10c5d4e30>]}
[0m20:39:17.517067 [debug] [Thread-4 (]: Began running node model.olist_semantic.fct_coupon_redemptions
[0m20:39:17.517229 [debug] [Thread-3 (]: Finished running node model.olist_semantic.stg_refunds
[0m20:39:17.517928 [debug] [Thread-2 (]: Writing runtime sql for node "model.olist_semantic.stg_sellers"
[0m20:39:17.518104 [info ] [Thread-1 (]: 14 of 27 OK created sql view model staging.stg_replacement_orders .............. [[32mOK[0m in 0.02s]
[0m20:39:17.518250 [info ] [Thread-4 (]: 17 of 27 START sql table model marts.fct_coupon_redemptions .................... [RUN]
[0m20:39:17.518381 [debug] [Thread-3 (]: Began running node model.olist_semantic.fct_order_items
[0m20:39:17.518581 [debug] [Thread-1 (]: Finished running node model.olist_semantic.stg_replacement_orders
[0m20:39:17.518707 [debug] [Thread-4 (]: Re-using an available connection from the pool (formerly model.olist_semantic.stg_products, now model.olist_semantic.fct_coupon_redemptions)
[0m20:39:17.518848 [info ] [Thread-3 (]: 18 of 27 START sql table model marts.fct_order_items ........................... [RUN]
[0m20:39:17.518989 [debug] [Thread-1 (]: Began running node model.olist_semantic.fct_payments
[0m20:39:17.519120 [debug] [Thread-4 (]: Began compiling node model.olist_semantic.fct_coupon_redemptions
[0m20:39:17.519251 [debug] [Thread-2 (]: Using duckdb connection "model.olist_semantic.stg_sellers"
[0m20:39:17.519374 [debug] [Thread-3 (]: Re-using an available connection from the pool (formerly model.olist_semantic.stg_refunds, now model.olist_semantic.fct_order_items)
[0m20:39:17.519513 [info ] [Thread-1 (]: 19 of 27 START sql table model marts.fct_payments .............................. [RUN]
[0m20:39:17.520171 [debug] [Thread-4 (]: Writing injected SQL for node "model.olist_semantic.fct_coupon_redemptions"
[0m20:39:17.520286 [debug] [Thread-2 (]: On model.olist_semantic.stg_sellers: BEGIN
[0m20:39:17.520393 [debug] [Thread-3 (]: Began compiling node model.olist_semantic.fct_order_items
[0m20:39:17.520519 [debug] [Thread-1 (]: Re-using an available connection from the pool (formerly model.olist_semantic.stg_replacement_orders, now model.olist_semantic.fct_payments)
[0m20:39:17.520664 [debug] [Thread-2 (]: Opening a new connection, currently in state closed
[0m20:39:17.521247 [debug] [Thread-3 (]: Writing injected SQL for node "model.olist_semantic.fct_order_items"
[0m20:39:17.521369 [debug] [Thread-1 (]: Began compiling node model.olist_semantic.fct_payments
[0m20:39:17.521575 [debug] [Thread-4 (]: Began executing node model.olist_semantic.fct_coupon_redemptions
[0m20:39:17.522103 [debug] [Thread-1 (]: Writing injected SQL for node "model.olist_semantic.fct_payments"
[0m20:39:17.522207 [debug] [Thread-2 (]: SQL status: OK in 0.002 seconds
[0m20:39:17.534001 [debug] [Thread-4 (]: Writing runtime sql for node "model.olist_semantic.fct_coupon_redemptions"
[0m20:39:17.534150 [debug] [Thread-3 (]: Began executing node model.olist_semantic.fct_order_items
[0m20:39:17.534293 [debug] [Thread-2 (]: Using duckdb connection "model.olist_semantic.stg_sellers"
[0m20:39:17.535042 [debug] [Thread-3 (]: Writing runtime sql for node "model.olist_semantic.fct_order_items"
[0m20:39:17.535170 [debug] [Thread-2 (]: On model.olist_semantic.stg_sellers: /* {"app": "dbt", "dbt_version": "1.12.5", "profile_name": "olist", "target_name": "dev", "node_id": "model.olist_semantic.stg_sellers"} */

  
  create view "olist_dirty"."staging"."stg_sellers__dbt_tmp" as (
    select
    seller_id,
    seller_zip_code_prefix                   as zip_code_prefix,
    initcap(trim(seller_city))               as seller_city,
    upper(trim(seller_state))                as seller_state
from "olist_dirty"."raw"."sellers"
  );

[0m20:39:17.535418 [debug] [Thread-1 (]: Began executing node model.olist_semantic.fct_payments
[0m20:39:17.535550 [debug] [Thread-4 (]: Using duckdb connection "model.olist_semantic.fct_coupon_redemptions"
[0m20:39:17.536268 [debug] [Thread-1 (]: Writing runtime sql for node "model.olist_semantic.fct_payments"
[0m20:39:17.536557 [debug] [Thread-2 (]: DuckDB adapter: duckdb error: Catalog Error: Scalar Function with name initcap does not exist!
Did you mean "ilike_escape"?

LINE 8:     initcap(trim(seller_city))               as seller_city,
            ^
[0m20:39:17.536679 [debug] [Thread-3 (]: Using duckdb connection "model.olist_semantic.fct_order_items"
[0m20:39:17.536778 [debug] [Thread-4 (]: On model.olist_semantic.fct_coupon_redemptions: BEGIN
[0m20:39:17.536910 [debug] [Thread-2 (]: DuckDB adapter: Error running SQL: /* {"app": "dbt", "dbt_version": "1.12.5", "profile_name": "olist", "target_name": "dev", "node_id": "model.olist_semantic.stg_sellers"} */

  
  create view "olist_dirty"."staging"."stg_sellers__dbt_tmp" as (
    select
    seller_id,
    seller_zip_code_prefix                   as zip_code_prefix,
    initcap(trim(seller_city))               as seller_city,
    upper(trim(seller_state))                as seller_state
from "olist_dirty"."raw"."sellers"
  );

[0m20:39:17.537042 [debug] [Thread-3 (]: On model.olist_semantic.fct_order_items: BEGIN
[0m20:39:17.537153 [debug] [Thread-4 (]: Opening a new connection, currently in state closed
[0m20:39:17.537273 [debug] [Thread-1 (]: Using duckdb connection "model.olist_semantic.fct_payments"
[0m20:39:17.537383 [debug] [Thread-2 (]: DuckDB adapter: Rolling back transaction.
[0m20:39:17.537485 [debug] [Thread-3 (]: Opening a new connection, currently in state closed
[0m20:39:17.537623 [debug] [Thread-1 (]: On model.olist_semantic.fct_payments: BEGIN
[0m20:39:17.537729 [debug] [Thread-2 (]: On model.olist_semantic.stg_sellers: ROLLBACK
[0m20:39:17.537834 [debug] [Thread-4 (]: SQL status: OK in 0.001 seconds
[0m20:39:17.537958 [debug] [Thread-1 (]: Opening a new connection, currently in state closed
[0m20:39:17.538088 [debug] [Thread-3 (]: SQL status: OK in 0.001 seconds
[0m20:39:17.538185 [debug] [Thread-4 (]: Using duckdb connection "model.olist_semantic.fct_coupon_redemptions"
[0m20:39:17.538347 [debug] [Thread-2 (]: On model.olist_semantic.stg_sellers: Close
[0m20:39:17.538442 [debug] [Thread-3 (]: Using duckdb connection "model.olist_semantic.fct_order_items"
[0m20:39:17.538545 [debug] [Thread-1 (]: SQL status: OK in 0.001 seconds
[0m20:39:17.538659 [debug] [Thread-4 (]: On model.olist_semantic.fct_coupon_redemptions: /* {"app": "dbt", "dbt_version": "1.12.5", "profile_name": "olist", "target_name": "dev", "node_id": "model.olist_semantic.fct_coupon_redemptions"} */

    

    create  table
      "olist_dirty"."marts"."fct_coupon_redemptions__dbt_tmp"
  
    
    as (
      -- Deduped upstream. Orphan coupon codes (243 LEGACY* rows absent from the
-- coupon master) are RETAINED via LEFT JOIN and flagged, so discount totals
-- stay correct instead of silently shrinking.
select
    red.redemption_id,
    red.order_id,
    red.customer_id,
    red.coupon_code,
    red.discount_amount,
    red.discount_applies_to,
    red.redeemed_at,
    red.channel,
    cp.campaign_name,
    cp.coupon_type,
    cp.discount_pct,
    cp.discount_fixed_brl,
    cp.coupon_code is null              as is_orphan_coupon
from "olist_dirty"."staging"."stg_order_coupons" red
left join "olist_dirty"."staging"."stg_coupons" cp on cp.coupon_code = red.coupon_code
    );
    
  
[0m20:39:17.539110 [debug] [Thread-3 (]: On model.olist_semantic.fct_order_items: /* {"app": "dbt", "dbt_version": "1.12.5", "profile_name": "olist", "target_name": "dev", "node_id": "model.olist_semantic.fct_order_items"} */

    

    create  table
      "olist_dirty"."marts"."fct_order_items__dbt_tmp"
  
    
    as (
      select
    i.order_id,
    i.order_item_id,
    i.product_id,
    i.seller_id,
    i.shipping_limit_at,
    i.item_price,
    i.freight_value,
    i.item_price + i.freight_value  as gross_item_value
from "olist_dirty"."staging"."stg_order_items" i
    );
    
  
[0m20:39:17.539227 [debug] [Thread-1 (]: Using duckdb connection "model.olist_semantic.fct_payments"
[0m20:39:17.539448 [debug] [Thread-1 (]: On model.olist_semantic.fct_payments: /* {"app": "dbt", "dbt_version": "1.12.5", "profile_name": "olist", "target_name": "dev", "node_id": "model.olist_semantic.fct_payments"} */

    

    create  table
      "olist_dirty"."marts"."fct_payments__dbt_tmp"
  
    
    as (
      -- Pre-aggregated to ONE row per order. raw.order_payments has 2,843 orders
-- with multiple instalment rows; joining it at row grain double-counts revenue.
select
    order_id,
    sum(payment_value)                        as amount_paid,
    count(*)                                  as payment_row_count,
    max(payment_installments)                 as max_installments,
    arg_max(payment_type, payment_value)      as primary_payment_type,
    count(distinct payment_type)              as payment_type_count
from "olist_dirty"."staging"."stg_order_payments"
group by 1
    );
    
  
[0m20:39:17.540644 [debug] [Thread-2 (]: Runtime Error in model stg_sellers (models/staging/stg_sellers.sql)
  Catalog Error: Scalar Function with name initcap does not exist!
  Did you mean "ilike_escape"?
  
  LINE 8:     initcap(trim(seller_city))               as seller_city,
              ^
[0m20:39:17.540804 [debug] [Thread-2 (]: Sending event: {'category': 'dbt', 'action': 'run_model', 'label': '2dd4873a-21ae-42a8-9e0a-b40201d6a166', 'context': [<snowplow_tracker.self_describing_json.SelfDescribingJson object at 0x10c61f0b0>]}
[0m20:39:17.541002 [error] [Thread-2 (]: 15 of 27 ERROR creating sql view model staging.stg_sellers ..................... [[31mERROR[0m in 0.03s]
[0m20:39:17.541180 [debug] [Thread-2 (]: Finished running node model.olist_semantic.stg_sellers
[0m20:39:17.541304 [debug] [Thread-2 (]: Began running node model.olist_semantic.fct_returns
[0m20:39:17.541437 [info ] [Thread-2 (]: 20 of 27 START sql table model marts.fct_returns ............................... [RUN]
[0m20:39:17.541620 [debug] [Thread-7 (]: Marking all children of 'model.olist_semantic.stg_sellers' to be skipped because of status 'error'.  Reason: Runtime Error in model stg_sellers (models/staging/stg_sellers.sql)
  Catalog Error: Scalar Function with name initcap does not exist!
  Did you mean "ilike_escape"?
  
  LINE 8:     initcap(trim(seller_city))               as seller_city,
              ^.
[0m20:39:17.541775 [debug] [Thread-2 (]: Re-using an available connection from the pool (formerly model.olist_semantic.stg_sellers, now model.olist_semantic.fct_returns)
[0m20:39:17.541949 [debug] [Thread-2 (]: Began compiling node model.olist_semantic.fct_returns
[0m20:39:17.542600 [debug] [Thread-2 (]: Writing injected SQL for node "model.olist_semantic.fct_returns"
[0m20:39:17.542930 [debug] [Thread-2 (]: Began executing node model.olist_semantic.fct_returns
[0m20:39:17.543741 [debug] [Thread-2 (]: Writing runtime sql for node "model.olist_semantic.fct_returns"
[0m20:39:17.544117 [debug] [Thread-2 (]: Using duckdb connection "model.olist_semantic.fct_returns"
[0m20:39:17.544252 [debug] [Thread-2 (]: On model.olist_semantic.fct_returns: BEGIN
[0m20:39:17.544499 [debug] [Thread-2 (]: Opening a new connection, currently in state closed
[0m20:39:17.544771 [debug] [Thread-2 (]: SQL status: OK in 0.000 seconds
[0m20:39:17.544889 [debug] [Thread-2 (]: Using duckdb connection "model.olist_semantic.fct_returns"
[0m20:39:17.545010 [debug] [Thread-2 (]: On model.olist_semantic.fct_returns: /* {"app": "dbt", "dbt_version": "1.12.5", "profile_name": "olist", "target_name": "dev", "node_id": "model.olist_semantic.fct_returns"} */

    

    create  table
      "olist_dirty"."marts"."fct_returns__dbt_tmp"
  
    
    as (
      select
    return_id,
    order_id,
    order_item_id,
    product_id,
    seller_id,
    customer_id,
    return_reason,
    return_status,
    resolution,
    quantity_returned,
    item_price_at_purchase,
    freight_at_purchase,
    requested_at,
    received_at,
    resolved_at,
    resolution_days,
    has_timestamp_inconsistency
from "olist_dirty"."staging"."stg_order_returns"
    );
    
  
[0m20:39:17.568481 [debug] [Thread-2 (]: SQL status: OK in 0.023 seconds
[0m20:39:17.569624 [debug] [Thread-2 (]: Using duckdb connection "model.olist_semantic.fct_returns"
[0m20:39:17.569865 [debug] [Thread-2 (]: On model.olist_semantic.fct_returns: /* {"app": "dbt", "dbt_version": "1.12.5", "profile_name": "olist", "target_name": "dev", "node_id": "model.olist_semantic.fct_returns"} */
alter table "olist_dirty"."marts"."fct_returns__dbt_tmp" rename to "fct_returns"
[0m20:39:17.570652 [debug] [Thread-2 (]: SQL status: OK in 0.001 seconds
[0m20:39:17.574068 [debug] [Thread-2 (]: On model.olist_semantic.fct_returns: COMMIT
[0m20:39:17.574804 [debug] [Thread-2 (]: Using duckdb connection "model.olist_semantic.fct_returns"
[0m20:39:17.575228 [debug] [Thread-2 (]: On model.olist_semantic.fct_returns: COMMIT
[0m20:39:17.577632 [debug] [Thread-4 (]: SQL status: OK in 0.038 seconds
[0m20:39:17.579814 [debug] [Thread-4 (]: Using duckdb connection "model.olist_semantic.fct_coupon_redemptions"
[0m20:39:17.580022 [debug] [Thread-4 (]: On model.olist_semantic.fct_coupon_redemptions: /* {"app": "dbt", "dbt_version": "1.12.5", "profile_name": "olist", "target_name": "dev", "node_id": "model.olist_semantic.fct_coupon_redemptions"} */
alter table "olist_dirty"."marts"."fct_coupon_redemptions__dbt_tmp" rename to "fct_coupon_redemptions"
[0m20:39:17.580170 [debug] [Thread-2 (]: SQL status: OK in 0.005 seconds
[0m20:39:17.580892 [debug] [Thread-2 (]: Using duckdb connection "model.olist_semantic.fct_returns"
[0m20:39:17.581029 [debug] [Thread-2 (]: On model.olist_semantic.fct_returns: /* {"app": "dbt", "dbt_version": "1.12.5", "profile_name": "olist", "target_name": "dev", "node_id": "model.olist_semantic.fct_returns"} */

      drop table if exists "olist_dirty"."marts"."fct_returns__dbt_backup" cascade
    
[0m20:39:17.582768 [debug] [Thread-4 (]: SQL status: OK in 0.002 seconds
[0m20:39:17.583340 [debug] [Thread-4 (]: On model.olist_semantic.fct_coupon_redemptions: COMMIT
[0m20:39:17.583472 [debug] [Thread-4 (]: Using duckdb connection "model.olist_semantic.fct_coupon_redemptions"
[0m20:39:17.583597 [debug] [Thread-4 (]: On model.olist_semantic.fct_coupon_redemptions: COMMIT
[0m20:39:17.583761 [debug] [Thread-2 (]: SQL status: OK in 0.001 seconds
[0m20:39:17.584211 [debug] [Thread-2 (]: On model.olist_semantic.fct_returns: Close
[0m20:39:17.584711 [debug] [Thread-2 (]: Sending event: {'category': 'dbt', 'action': 'run_model', 'label': '2dd4873a-21ae-42a8-9e0a-b40201d6a166', 'context': [<snowplow_tracker.self_describing_json.SelfDescribingJson object at 0x10c61e1b0>]}
[0m20:39:17.585036 [info ] [Thread-2 (]: 20 of 27 OK created sql table model marts.fct_returns .......................... [[32mOK[0m in 0.04s]
[0m20:39:17.585287 [debug] [Thread-2 (]: Finished running node model.olist_semantic.fct_returns
[0m20:39:17.585476 [debug] [Thread-2 (]: Began running node model.olist_semantic.fct_order_reviews
[0m20:39:17.585775 [debug] [Thread-1 (]: SQL status: OK in 0.046 seconds
[0m20:39:17.586578 [debug] [Thread-1 (]: Using duckdb connection "model.olist_semantic.fct_payments"
[0m20:39:17.585675 [info ] [Thread-2 (]: 21 of 27 START sql table model marts.fct_order_reviews ......................... [RUN]
[0m20:39:17.586781 [debug] [Thread-1 (]: On model.olist_semantic.fct_payments: /* {"app": "dbt", "dbt_version": "1.12.5", "profile_name": "olist", "target_name": "dev", "node_id": "model.olist_semantic.fct_payments"} */
alter table "olist_dirty"."marts"."fct_payments__dbt_tmp" rename to "fct_payments"
[0m20:39:17.586982 [debug] [Thread-2 (]: Re-using an available connection from the pool (formerly model.olist_semantic.fct_returns, now model.olist_semantic.fct_order_reviews)
[0m20:39:17.587344 [debug] [Thread-2 (]: Began compiling node model.olist_semantic.fct_order_reviews
[0m20:39:17.588118 [debug] [Thread-2 (]: Writing injected SQL for node "model.olist_semantic.fct_order_reviews"
[0m20:39:17.588285 [debug] [Thread-1 (]: SQL status: OK in 0.001 seconds
[0m20:39:17.588873 [debug] [Thread-1 (]: On model.olist_semantic.fct_payments: COMMIT
[0m20:39:17.588991 [debug] [Thread-1 (]: Using duckdb connection "model.olist_semantic.fct_payments"
[0m20:39:17.589092 [debug] [Thread-1 (]: On model.olist_semantic.fct_payments: COMMIT
[0m20:39:17.589338 [debug] [Thread-4 (]: SQL status: OK in 0.006 seconds
[0m20:39:17.589843 [debug] [Thread-4 (]: Using duckdb connection "model.olist_semantic.fct_coupon_redemptions"
[0m20:39:17.590011 [debug] [Thread-4 (]: On model.olist_semantic.fct_coupon_redemptions: /* {"app": "dbt", "dbt_version": "1.12.5", "profile_name": "olist", "target_name": "dev", "node_id": "model.olist_semantic.fct_coupon_redemptions"} */

      drop table if exists "olist_dirty"."marts"."fct_coupon_redemptions__dbt_backup" cascade
    
[0m20:39:17.590295 [debug] [Thread-4 (]: SQL status: OK in 0.000 seconds
[0m20:39:17.590747 [debug] [Thread-4 (]: On model.olist_semantic.fct_coupon_redemptions: Close
[0m20:39:17.590911 [debug] [Thread-2 (]: Began executing node model.olist_semantic.fct_order_reviews
[0m20:39:17.591841 [debug] [Thread-2 (]: Writing runtime sql for node "model.olist_semantic.fct_order_reviews"
[0m20:39:17.592064 [debug] [Thread-4 (]: Sending event: {'category': 'dbt', 'action': 'run_model', 'label': '2dd4873a-21ae-42a8-9e0a-b40201d6a166', 'context': [<snowplow_tracker.self_describing_json.SelfDescribingJson object at 0x10c60a510>]}
[0m20:39:17.592360 [info ] [Thread-4 (]: 17 of 27 OK created sql table model marts.fct_coupon_redemptions ............... [[32mOK[0m in 0.07s]
[0m20:39:17.592552 [debug] [Thread-4 (]: Finished running node model.olist_semantic.fct_coupon_redemptions
[0m20:39:17.592687 [debug] [Thread-4 (]: Began running node model.olist_semantic.dim_customers
[0m20:39:17.592817 [debug] [Thread-2 (]: Using duckdb connection "model.olist_semantic.fct_order_reviews"
[0m20:39:17.592972 [info ] [Thread-4 (]: 22 of 27 SKIP relation marts.dim_customers ..................................... [[33mSKIP[0m]
[0m20:39:17.593105 [debug] [Thread-2 (]: On model.olist_semantic.fct_order_reviews: BEGIN
[0m20:39:17.593230 [debug] [Thread-4 (]: Finished running node model.olist_semantic.dim_customers
[0m20:39:17.593386 [debug] [Thread-2 (]: Opening a new connection, currently in state closed
[0m20:39:17.593540 [debug] [Thread-4 (]: Began running node model.olist_semantic.dim_products
[0m20:39:17.593894 [info ] [Thread-4 (]: 23 of 27 START sql table model marts.dim_products .............................. [RUN]
[0m20:39:17.594050 [debug] [Thread-4 (]: Re-using an available connection from the pool (formerly model.olist_semantic.fct_coupon_redemptions, now model.olist_semantic.dim_products)
[0m20:39:17.594173 [debug] [Thread-2 (]: SQL status: OK in 0.001 seconds
[0m20:39:17.594274 [debug] [Thread-4 (]: Began compiling node model.olist_semantic.dim_products
[0m20:39:17.594388 [debug] [Thread-2 (]: Using duckdb connection "model.olist_semantic.fct_order_reviews"
[0m20:39:17.595161 [debug] [Thread-4 (]: Writing injected SQL for node "model.olist_semantic.dim_products"
[0m20:39:17.595295 [debug] [Thread-2 (]: On model.olist_semantic.fct_order_reviews: /* {"app": "dbt", "dbt_version": "1.12.5", "profile_name": "olist", "target_name": "dev", "node_id": "model.olist_semantic.fct_order_reviews"} */

    

    create  table
      "olist_dirty"."marts"."fct_order_reviews__dbt_tmp"
  
    
    as (
      -- One row per order. raw.order_reviews can carry several reviews per order
-- and repeated review_ids, so aggregating here prevents a join fan-out.
select
    order_id,
    count(*)                    as review_count,
    min(review_score)           as review_score,
    round(avg(review_score), 2) as avg_review_score,
    max(review_created_at)      as last_review_at
from "olist_dirty"."staging"."stg_order_reviews"
group by 1
    );
    
  
[0m20:39:17.595601 [debug] [Thread-4 (]: Began executing node model.olist_semantic.dim_products
[0m20:39:17.596788 [debug] [Thread-4 (]: Writing runtime sql for node "model.olist_semantic.dim_products"
[0m20:39:17.597303 [debug] [Thread-4 (]: Using duckdb connection "model.olist_semantic.dim_products"
[0m20:39:17.597422 [debug] [Thread-4 (]: On model.olist_semantic.dim_products: BEGIN
[0m20:39:17.597537 [debug] [Thread-4 (]: Opening a new connection, currently in state closed
[0m20:39:17.597854 [debug] [Thread-4 (]: SQL status: OK in 0.000 seconds
[0m20:39:17.597956 [debug] [Thread-4 (]: Using duckdb connection "model.olist_semantic.dim_products"
[0m20:39:17.598065 [debug] [Thread-4 (]: On model.olist_semantic.dim_products: /* {"app": "dbt", "dbt_version": "1.12.5", "profile_name": "olist", "target_name": "dev", "node_id": "model.olist_semantic.dim_products"} */

    

    create  table
      "olist_dirty"."marts"."dim_products__dbt_tmp"
  
    
    as (
      select
    p.product_id,
    coalesce(t.product_category_name_english, p.product_category_name, 'unknown')
                                     as category,
    p.product_category_name          as category_pt,
    p.weight_g,
    p.length_cm,
    p.height_cm,
    p.width_cm,
    p.photos_qty
from "olist_dirty"."staging"."stg_products" p
left join "olist_dirty"."staging"."stg_product_category_translation" t
       on t.product_category_name = p.product_category_name
    );
    
  
[0m20:39:17.599585 [debug] [Thread-1 (]: SQL status: OK in 0.010 seconds
[0m20:39:17.600100 [debug] [Thread-1 (]: Using duckdb connection "model.olist_semantic.fct_payments"
[0m20:39:17.600251 [debug] [Thread-1 (]: On model.olist_semantic.fct_payments: /* {"app": "dbt", "dbt_version": "1.12.5", "profile_name": "olist", "target_name": "dev", "node_id": "model.olist_semantic.fct_payments"} */

      drop table if exists "olist_dirty"."marts"."fct_payments__dbt_backup" cascade
    
[0m20:39:17.600575 [debug] [Thread-1 (]: SQL status: OK in 0.000 seconds
[0m20:39:17.601147 [debug] [Thread-1 (]: On model.olist_semantic.fct_payments: Close
[0m20:39:17.601370 [debug] [Thread-1 (]: Sending event: {'category': 'dbt', 'action': 'run_model', 'label': '2dd4873a-21ae-42a8-9e0a-b40201d6a166', 'context': [<snowplow_tracker.self_describing_json.SelfDescribingJson object at 0x10c60a270>]}
[0m20:39:17.601595 [info ] [Thread-1 (]: 19 of 27 OK created sql table model marts.fct_payments ......................... [[32mOK[0m in 0.08s]
[0m20:39:17.601783 [debug] [Thread-1 (]: Finished running node model.olist_semantic.fct_payments
[0m20:39:17.601917 [debug] [Thread-1 (]: Began running node model.olist_semantic.fct_refunds
[0m20:39:17.602112 [info ] [Thread-1 (]: 24 of 27 START sql table model marts.fct_refunds ............................... [RUN]
[0m20:39:17.602289 [debug] [Thread-1 (]: Re-using an available connection from the pool (formerly model.olist_semantic.fct_payments, now model.olist_semantic.fct_refunds)
[0m20:39:17.602401 [debug] [Thread-1 (]: Began compiling node model.olist_semantic.fct_refunds
[0m20:39:17.603146 [debug] [Thread-1 (]: Writing injected SQL for node "model.olist_semantic.fct_refunds"
[0m20:39:17.603703 [debug] [Thread-1 (]: Began executing node model.olist_semantic.fct_refunds
[0m20:39:17.604562 [debug] [Thread-1 (]: Writing runtime sql for node "model.olist_semantic.fct_refunds"
[0m20:39:17.605085 [debug] [Thread-1 (]: Using duckdb connection "model.olist_semantic.fct_refunds"
[0m20:39:17.605205 [debug] [Thread-1 (]: On model.olist_semantic.fct_refunds: BEGIN
[0m20:39:17.605346 [debug] [Thread-1 (]: Opening a new connection, currently in state closed
[0m20:39:17.605687 [debug] [Thread-1 (]: SQL status: OK in 0.000 seconds
[0m20:39:17.605787 [debug] [Thread-1 (]: Using duckdb connection "model.olist_semantic.fct_refunds"
[0m20:39:17.605898 [debug] [Thread-1 (]: On model.olist_semantic.fct_refunds: /* {"app": "dbt", "dbt_version": "1.12.5", "profile_name": "olist", "target_name": "dev", "node_id": "model.olist_semantic.fct_refunds"} */

    

    create  table
      "olist_dirty"."marts"."fct_refunds__dbt_tmp"
  
    
    as (
      select
    refund_id,
    order_id,
    return_id,
    refund_type,
    refund_amount,          -- always positive
    refund_reason,
    refund_status,
    refund_method,
    is_settled,
    requested_at,
    processed_at,
    settled_at,             -- null unless actually settled
    gateway_reference
from "olist_dirty"."staging"."stg_refunds"
    );
    
  
[0m20:39:17.611572 [debug] [Thread-2 (]: SQL status: OK in 0.016 seconds
[0m20:39:17.612486 [debug] [Thread-2 (]: Using duckdb connection "model.olist_semantic.fct_order_reviews"
[0m20:39:17.612612 [debug] [Thread-2 (]: On model.olist_semantic.fct_order_reviews: /* {"app": "dbt", "dbt_version": "1.12.5", "profile_name": "olist", "target_name": "dev", "node_id": "model.olist_semantic.fct_order_reviews"} */
alter table "olist_dirty"."marts"."fct_order_reviews__dbt_tmp" rename to "fct_order_reviews"
[0m20:39:17.612927 [debug] [Thread-2 (]: SQL status: OK in 0.000 seconds
[0m20:39:17.613379 [debug] [Thread-2 (]: On model.olist_semantic.fct_order_reviews: COMMIT
[0m20:39:17.613492 [debug] [Thread-2 (]: Using duckdb connection "model.olist_semantic.fct_order_reviews"
[0m20:39:17.613595 [debug] [Thread-2 (]: On model.olist_semantic.fct_order_reviews: COMMIT
[0m20:39:17.613833 [debug] [Thread-4 (]: SQL status: OK in 0.016 seconds
[0m20:39:17.614753 [debug] [Thread-4 (]: Using duckdb connection "model.olist_semantic.dim_products"
[0m20:39:17.614871 [debug] [Thread-4 (]: On model.olist_semantic.dim_products: /* {"app": "dbt", "dbt_version": "1.12.5", "profile_name": "olist", "target_name": "dev", "node_id": "model.olist_semantic.dim_products"} */
alter table "olist_dirty"."marts"."dim_products__dbt_tmp" rename to "dim_products"
[0m20:39:17.615061 [debug] [Thread-1 (]: SQL status: OK in 0.009 seconds
[0m20:39:17.615760 [debug] [Thread-1 (]: Using duckdb connection "model.olist_semantic.fct_refunds"
[0m20:39:17.615895 [debug] [Thread-4 (]: SQL status: OK in 0.001 seconds
[0m20:39:17.616033 [debug] [Thread-1 (]: On model.olist_semantic.fct_refunds: /* {"app": "dbt", "dbt_version": "1.12.5", "profile_name": "olist", "target_name": "dev", "node_id": "model.olist_semantic.fct_refunds"} */
alter table "olist_dirty"."marts"."fct_refunds__dbt_tmp" rename to "fct_refunds"
[0m20:39:17.616503 [debug] [Thread-4 (]: On model.olist_semantic.dim_products: COMMIT
[0m20:39:17.616785 [debug] [Thread-4 (]: Using duckdb connection "model.olist_semantic.dim_products"
[0m20:39:17.616896 [debug] [Thread-4 (]: On model.olist_semantic.dim_products: COMMIT
[0m20:39:17.617060 [debug] [Thread-1 (]: SQL status: OK in 0.000 seconds
[0m20:39:17.617552 [debug] [Thread-1 (]: On model.olist_semantic.fct_refunds: COMMIT
[0m20:39:17.617681 [debug] [Thread-1 (]: Using duckdb connection "model.olist_semantic.fct_refunds"
[0m20:39:17.617784 [debug] [Thread-1 (]: On model.olist_semantic.fct_refunds: COMMIT
[0m20:39:17.619335 [debug] [Thread-2 (]: SQL status: OK in 0.006 seconds
[0m20:39:17.619824 [debug] [Thread-2 (]: Using duckdb connection "model.olist_semantic.fct_order_reviews"
[0m20:39:17.619948 [debug] [Thread-2 (]: On model.olist_semantic.fct_order_reviews: /* {"app": "dbt", "dbt_version": "1.12.5", "profile_name": "olist", "target_name": "dev", "node_id": "model.olist_semantic.fct_order_reviews"} */

      drop table if exists "olist_dirty"."marts"."fct_order_reviews__dbt_backup" cascade
    
[0m20:39:17.620207 [debug] [Thread-2 (]: SQL status: OK in 0.000 seconds
[0m20:39:17.620642 [debug] [Thread-2 (]: On model.olist_semantic.fct_order_reviews: Close
[0m20:39:17.620877 [debug] [Thread-2 (]: Sending event: {'category': 'dbt', 'action': 'run_model', 'label': '2dd4873a-21ae-42a8-9e0a-b40201d6a166', 'context': [<snowplow_tracker.self_describing_json.SelfDescribingJson object at 0x10c5e9430>]}
[0m20:39:17.621155 [info ] [Thread-2 (]: 21 of 27 OK created sql table model marts.fct_order_reviews .................... [[32mOK[0m in 0.03s]
[0m20:39:17.621375 [debug] [Thread-2 (]: Finished running node model.olist_semantic.fct_order_reviews
[0m20:39:17.621512 [debug] [Thread-2 (]: Began running node model.olist_semantic.fct_replacements
[0m20:39:17.621661 [info ] [Thread-2 (]: 25 of 27 START sql table model marts.fct_replacements .......................... [RUN]
[0m20:39:17.621876 [debug] [Thread-2 (]: Re-using an available connection from the pool (formerly model.olist_semantic.fct_order_reviews, now model.olist_semantic.fct_replacements)
[0m20:39:17.622026 [debug] [Thread-2 (]: Began compiling node model.olist_semantic.fct_replacements
[0m20:39:17.622738 [debug] [Thread-2 (]: Writing injected SQL for node "model.olist_semantic.fct_replacements"
[0m20:39:17.622881 [debug] [Thread-4 (]: SQL status: OK in 0.006 seconds
[0m20:39:17.623355 [debug] [Thread-4 (]: Using duckdb connection "model.olist_semantic.dim_products"
[0m20:39:17.623481 [debug] [Thread-4 (]: On model.olist_semantic.dim_products: /* {"app": "dbt", "dbt_version": "1.12.5", "profile_name": "olist", "target_name": "dev", "node_id": "model.olist_semantic.dim_products"} */

      drop table if exists "olist_dirty"."marts"."dim_products__dbt_backup" cascade
    
[0m20:39:17.623892 [debug] [Thread-2 (]: Began executing node model.olist_semantic.fct_replacements
[0m20:39:17.624910 [debug] [Thread-2 (]: Writing runtime sql for node "model.olist_semantic.fct_replacements"
[0m20:39:17.625052 [debug] [Thread-1 (]: SQL status: OK in 0.007 seconds
[0m20:39:17.625162 [debug] [Thread-4 (]: SQL status: OK in 0.002 seconds
[0m20:39:17.625581 [debug] [Thread-1 (]: Using duckdb connection "model.olist_semantic.fct_refunds"
[0m20:39:17.625995 [debug] [Thread-4 (]: On model.olist_semantic.dim_products: Close
[0m20:39:17.626112 [debug] [Thread-2 (]: Using duckdb connection "model.olist_semantic.fct_replacements"
[0m20:39:17.626231 [debug] [Thread-1 (]: On model.olist_semantic.fct_refunds: /* {"app": "dbt", "dbt_version": "1.12.5", "profile_name": "olist", "target_name": "dev", "node_id": "model.olist_semantic.fct_refunds"} */

      drop table if exists "olist_dirty"."marts"."fct_refunds__dbt_backup" cascade
    
[0m20:39:17.626408 [debug] [Thread-4 (]: Sending event: {'category': 'dbt', 'action': 'run_model', 'label': '2dd4873a-21ae-42a8-9e0a-b40201d6a166', 'context': [<snowplow_tracker.self_describing_json.SelfDescribingJson object at 0x10c5d4f50>]}
[0m20:39:17.626517 [debug] [Thread-2 (]: On model.olist_semantic.fct_replacements: BEGIN
[0m20:39:17.626853 [debug] [Thread-2 (]: Opening a new connection, currently in state closed
[0m20:39:17.626996 [debug] [Thread-1 (]: SQL status: OK in 0.000 seconds
[0m20:39:17.626749 [info ] [Thread-4 (]: 23 of 27 OK created sql table model marts.dim_products ......................... [[32mOK[0m in 0.03s]
[0m20:39:17.627131 [debug] [Thread-3 (]: SQL status: OK in 0.088 seconds
[0m20:39:17.627496 [debug] [Thread-1 (]: On model.olist_semantic.fct_refunds: Close
[0m20:39:17.627600 [debug] [Thread-2 (]: SQL status: OK in 0.001 seconds
[0m20:39:17.627765 [debug] [Thread-4 (]: Finished running node model.olist_semantic.dim_products
[0m20:39:17.628328 [debug] [Thread-3 (]: Using duckdb connection "model.olist_semantic.fct_order_items"
[0m20:39:17.628480 [debug] [Thread-1 (]: Sending event: {'category': 'dbt', 'action': 'run_model', 'label': '2dd4873a-21ae-42a8-9e0a-b40201d6a166', 'context': [<snowplow_tracker.self_describing_json.SelfDescribingJson object at 0x10c60abd0>]}
[0m20:39:17.628576 [debug] [Thread-2 (]: Using duckdb connection "model.olist_semantic.fct_replacements"
[0m20:39:17.628689 [debug] [Thread-4 (]: Began running node model.olist_semantic.dim_sellers
[0m20:39:17.628800 [debug] [Thread-3 (]: On model.olist_semantic.fct_order_items: /* {"app": "dbt", "dbt_version": "1.12.5", "profile_name": "olist", "target_name": "dev", "node_id": "model.olist_semantic.fct_order_items"} */
alter table "olist_dirty"."marts"."fct_order_items__dbt_tmp" rename to "fct_order_items"
[0m20:39:17.629135 [debug] [Thread-2 (]: On model.olist_semantic.fct_replacements: /* {"app": "dbt", "dbt_version": "1.12.5", "profile_name": "olist", "target_name": "dev", "node_id": "model.olist_semantic.fct_replacements"} */

    

    create  table
      "olist_dirty"."marts"."fct_replacements__dbt_tmp"
  
    
    as (
      -- Zero-revenue fulfilled shipments. Deliberately a SEPARATE fact so that
-- units_sold and AOV cannot accidentally absorb them.
select
    replacement_order_id,
    original_order_id,
    return_id,
    customer_id,
    product_id,
    seller_id,
    quantity_shipped,
    charged_to_customer,        -- always 0.00
    replacement_cogs,
    freight_absorbed,
    replacement_cogs + freight_absorbed as total_replacement_cost,
    cost_borne_by,
    replacement_status,
    shipped_at,
    delivered_at
from "olist_dirty"."staging"."stg_replacement_orders"
    );
    
  
[0m20:39:17.629281 [info ] [Thread-4 (]: 26 of 27 SKIP relation marts.dim_sellers ....................................... [[33mSKIP[0m]
[0m20:39:17.629523 [debug] [Thread-3 (]: SQL status: OK in 0.000 seconds
[0m20:39:17.629660 [debug] [Thread-4 (]: Finished running node model.olist_semantic.dim_sellers
[0m20:39:17.630114 [debug] [Thread-3 (]: On model.olist_semantic.fct_order_items: COMMIT
[0m20:39:17.630244 [debug] [Thread-4 (]: Began running node model.olist_semantic.fct_orders
[0m20:39:17.630476 [debug] [Thread-3 (]: Using duckdb connection "model.olist_semantic.fct_order_items"
[0m20:39:17.630803 [info ] [Thread-4 (]: 27 of 27 SKIP relation marts.fct_orders ........................................ [[33mSKIP[0m]
[0m20:39:17.630934 [debug] [Thread-3 (]: On model.olist_semantic.fct_order_items: COMMIT
[0m20:39:17.631073 [debug] [Thread-4 (]: Finished running node model.olist_semantic.fct_orders
[0m20:39:17.632700 [debug] [Thread-3 (]: SQL status: OK in 0.001 seconds
[0m20:39:17.633163 [debug] [Thread-3 (]: Using duckdb connection "model.olist_semantic.fct_order_items"
[0m20:39:17.633274 [debug] [Thread-2 (]: SQL status: OK in 0.004 seconds
[0m20:39:17.633388 [debug] [Thread-3 (]: On model.olist_semantic.fct_order_items: /* {"app": "dbt", "dbt_version": "1.12.5", "profile_name": "olist", "target_name": "dev", "node_id": "model.olist_semantic.fct_order_items"} */

      drop table if exists "olist_dirty"."marts"."fct_order_items__dbt_backup" cascade
    
[0m20:39:17.633977 [debug] [Thread-2 (]: Using duckdb connection "model.olist_semantic.fct_replacements"
[0m20:39:17.634118 [debug] [Thread-2 (]: On model.olist_semantic.fct_replacements: /* {"app": "dbt", "dbt_version": "1.12.5", "profile_name": "olist", "target_name": "dev", "node_id": "model.olist_semantic.fct_replacements"} */
alter table "olist_dirty"."marts"."fct_replacements__dbt_tmp" rename to "fct_replacements"
[0m20:39:17.634248 [debug] [Thread-3 (]: SQL status: OK in 0.000 seconds
[0m20:39:17.634673 [debug] [Thread-3 (]: On model.olist_semantic.fct_order_items: Close
[0m20:39:17.634791 [debug] [Thread-2 (]: SQL status: OK in 0.001 seconds
[0m20:39:17.634959 [debug] [Thread-3 (]: Sending event: {'category': 'dbt', 'action': 'run_model', 'label': '2dd4873a-21ae-42a8-9e0a-b40201d6a166', 'context': [<snowplow_tracker.self_describing_json.SelfDescribingJson object at 0x10c588770>]}
[0m20:39:17.635393 [debug] [Thread-2 (]: On model.olist_semantic.fct_replacements: COMMIT
[0m20:39:17.635555 [debug] [Thread-2 (]: Using duckdb connection "model.olist_semantic.fct_replacements"
[0m20:39:17.635664 [debug] [Thread-2 (]: On model.olist_semantic.fct_replacements: COMMIT
[0m20:39:17.636727 [debug] [Thread-2 (]: SQL status: OK in 0.001 seconds
[0m20:39:17.637105 [debug] [Thread-2 (]: Using duckdb connection "model.olist_semantic.fct_replacements"
[0m20:39:17.637202 [debug] [Thread-2 (]: On model.olist_semantic.fct_replacements: /* {"app": "dbt", "dbt_version": "1.12.5", "profile_name": "olist", "target_name": "dev", "node_id": "model.olist_semantic.fct_replacements"} */

      drop table if exists "olist_dirty"."marts"."fct_replacements__dbt_backup" cascade
    
[0m20:39:17.637341 [debug] [Thread-2 (]: SQL status: OK in 0.000 seconds
[0m20:39:17.637700 [debug] [Thread-2 (]: On model.olist_semantic.fct_replacements: Close
[0m20:39:17.637864 [debug] [Thread-2 (]: Sending event: {'category': 'dbt', 'action': 'run_model', 'label': '2dd4873a-21ae-42a8-9e0a-b40201d6a166', 'context': [<snowplow_tracker.self_describing_json.SelfDescribingJson object at 0x10c5e92b0>]}
[0m20:39:17.884478 [debug] [Thread-1 (]: An error was encountered while trying to send an event
[0m20:39:17.885907 [info ] [Thread-1 (]: 24 of 27 OK created sql table model marts.fct_refunds .......................... [[32mOK[0m in 0.03s]
[0m20:39:17.886391 [info ] [Thread-3 (]: 18 of 27 OK created sql table model marts.fct_order_items ...................... [[32mOK[0m in 0.12s]
[0m20:39:17.886956 [info ] [Thread-2 (]: 25 of 27 OK created sql table model marts.fct_replacements ..................... [[32mOK[0m in 0.02s]
[0m20:39:17.887507 [debug] [Thread-1 (]: Finished running node model.olist_semantic.fct_refunds
[0m20:39:17.887896 [debug] [Thread-3 (]: Finished running node model.olist_semantic.fct_order_items
[0m20:39:17.888322 [debug] [Thread-2 (]: Finished running node model.olist_semantic.fct_replacements
[0m20:39:17.889694 [debug] [MainThread]: Using duckdb connection "master"
[0m20:39:17.889951 [debug] [MainThread]: On master: BEGIN
[0m20:39:17.890133 [debug] [MainThread]: Opening a new connection, currently in state closed
[0m20:39:17.890557 [debug] [MainThread]: SQL status: OK in 0.000 seconds
[0m20:39:17.890766 [debug] [MainThread]: On master: COMMIT
[0m20:39:17.890944 [debug] [MainThread]: Using duckdb connection "master"
[0m20:39:17.891117 [debug] [MainThread]: On master: COMMIT
[0m20:39:17.891603 [debug] [MainThread]: SQL status: OK in 0.000 seconds
[0m20:39:17.891785 [debug] [MainThread]: On master: Close
[0m20:39:17.892000 [debug] [MainThread]: Connection 'master' was properly closed.
[0m20:39:17.892118 [debug] [MainThread]: Connection 'model.olist_semantic.fct_refunds' was properly closed.
[0m20:39:17.892228 [debug] [MainThread]: Connection 'model.olist_semantic.fct_replacements' was properly closed.
[0m20:39:17.892324 [debug] [MainThread]: Connection 'model.olist_semantic.fct_order_items' was properly closed.
[0m20:39:17.892419 [debug] [MainThread]: Connection 'model.olist_semantic.dim_products' was properly closed.
[0m20:39:17.892604 [info ] [MainThread]: 
[0m20:39:17.892742 [info ] [MainThread]: Finished running 12 table models, 15 view models in 0 hours 0 minutes and 0.55 seconds (0.55s).
[0m20:39:17.894203 [debug] [MainThread]: Command end result
[0m20:39:17.915386 [debug] [MainThread]: Wrote artifact WritableManifest to /Users/shiva/Desktop/git hub/projectmlproject/dbt/target/manifest.json
[0m20:39:17.916654 [debug] [MainThread]: Wrote artifact SemanticManifest to /Users/shiva/Desktop/git hub/projectmlproject/dbt/target/semantic_manifest.json
[0m20:39:17.917680 [debug] [MainThread]: Wrote artifact OsiDocument to /Users/shiva/Desktop/git hub/projectmlproject/dbt/target/osi_document.json
[0m20:39:17.920611 [debug] [MainThread]: Wrote artifact RunExecutionResult to /Users/shiva/Desktop/git hub/projectmlproject/dbt/target/run_results.json
[0m20:39:17.920731 [info ] [MainThread]: 
[0m20:39:17.920857 [info ] [MainThread]: [31mCompleted with 3 errors, 0 partial successes, and 0 warnings:[0m
[0m20:39:17.920955 [info ] [MainThread]: 
[0m20:39:17.921075 [error] [MainThread]: [[31mERROR[0m]: in model stg_customers (models/staging/stg_customers.sql)
[0m20:39:17.921188 [error] [MainThread]:   Runtime Error in model stg_customers (models/staging/stg_customers.sql)
  Catalog Error: Scalar Function with name initcap does not exist!
  Did you mean "ilike_escape"?
  
  LINE 9:     initcap(trim(customer_city))             as customer_city,
              ^
[0m20:39:17.921269 [info ] [MainThread]: 
[0m20:39:17.921366 [info ] [MainThread]:   compiled code at target/compiled/olist_semantic/models/staging/stg_customers.sql
[0m20:39:17.921451 [info ] [MainThread]: 
[0m20:39:17.921552 [error] [MainThread]: [[31mERROR[0m]: in model stg_geolocation (models/staging/stg_geolocation.sql)
[0m20:39:17.921653 [error] [MainThread]:   Runtime Error in model stg_geolocation (models/staging/stg_geolocation.sql)
  Catalog Error: Scalar Function with name initcap does not exist!
  Did you mean "ilike_escape"?
  
  LINE 9:     initcap(trim(geolocation_city))          as city,
              ^
[0m20:39:17.921731 [info ] [MainThread]: 
[0m20:39:17.921826 [info ] [MainThread]:   compiled code at target/compiled/olist_semantic/models/staging/stg_geolocation.sql
[0m20:39:17.921902 [info ] [MainThread]: 
[0m20:39:17.921997 [error] [MainThread]: [[31mERROR[0m]: in model stg_sellers (models/staging/stg_sellers.sql)
[0m20:39:17.922097 [error] [MainThread]:   Runtime Error in model stg_sellers (models/staging/stg_sellers.sql)
  Catalog Error: Scalar Function with name initcap does not exist!
  Did you mean "ilike_escape"?
  
  LINE 8:     initcap(trim(seller_city))               as seller_city,
              ^
[0m20:39:17.922173 [info ] [MainThread]: 
[0m20:39:17.922265 [info ] [MainThread]:   compiled code at target/compiled/olist_semantic/models/staging/stg_sellers.sql
[0m20:39:17.922348 [info ] [MainThread]: 
[0m20:39:17.922452 [info ] [MainThread]: Done. PASS=20 WARN=0 ERROR=3 SKIP=4 NO-OP=0 REUSED=0 TOTAL=27
[0m20:39:17.922657 [warn ] [MainThread]: [[33mWARNING[0m][DeprecationsSummary]: Deprecated functionality
Summary of encountered deprecations:
- MissingArgumentsPropertyInGenericTestDeprecation: 15 occurrences
To see all deprecation instances instead of just the first occurrence of each,
run command again with the `--show-all-deprecations` flag. You may also need to
run with `--no-partial-parse` as some deprecations are only encountered during
parsing.
[0m20:39:17.941494 [debug] [MainThread]: Resource report: {"command_name": "run", "command_success": false, "command_wall_clock_time": 1.5179713, "process_in_blocks": "0", "process_kernel_time": 0.286501, "process_mem_max_rss": "340738048", "process_out_blocks": "0", "process_user_time": 1.721364}
[0m20:39:17.941686 [debug] [MainThread]: Command `dbt run` failed at 20:39:17.941653 after 1.52 seconds
[0m20:39:17.941827 [debug] [MainThread]: Sending event: {'category': 'dbt', 'action': 'invocation', 'label': 'end', 'context': [<snowplow_tracker.self_describing_json.SelfDescribingJson object at 0x10c5bfc50>, <snowplow_tracker.self_describing_json.SelfDescribingJson object at 0x10c5a6cf0>, <snowplow_tracker.self_describing_json.SelfDescribingJson object at 0x10c15c2f0>]}
[0m20:39:17.941957 [debug] [MainThread]: Flushing usage events
[0m20:39:18.078281 [debug] [MainThread]: An error was encountered while trying to flush usage events
[0m20:39:44.534810 [debug] [MainThread]: Sending event: {'category': 'dbt', 'action': 'invocation', 'label': 'start', 'context': [<snowplow_tracker.self_describing_json.SelfDescribingJson object at 0x108575fd0>, <snowplow_tracker.self_describing_json.SelfDescribingJson object at 0x109a63750>, <snowplow_tracker.self_describing_json.SelfDescribingJson object at 0x109a63890>]}


============================== 20:39:44.537173 | 1eab43cc-e74c-4399-bb95-8b0c186c88d3 ==============================
[0m20:39:44.537173 [info ] [MainThread]: Running with dbt=1.12.5
[0m20:39:44.537406 [debug] [MainThread]: running dbt with arguments {'write_json': 'True', 'version_check': 'True', 'static_parser': 'True', 'quiet': 'False', 'cache_selected_only': 'False', 'empty': 'False', 'log_cache_events': 'False', 'invocation_command': 'dbt run --no-partial-parse', 'warn_error': 'None', 'hints_enabled': 'True', 'log_path': '/Users/shiva/Desktop/git hub/projectmlproject/dbt/logs', 'profiles_dir': '.', 'introspect': 'True', 'no_print': 'None', 'indirect_selection': 'eager', 'fail_fast': 'False', 'target_path': 'None', 'warn_error_options': 'WarnErrorOptionsV2(error=[], warn=[], silence=[])', 'use_colors': 'True', 'log_format': 'default', 'printer_width': '80', 'partial_parse': 'False', 'maximum_seed_size_mib': '1', 'send_anonymous_usage_stats': 'True', 'debug': 'False', 'use_experimental_parser': 'False'}
[0m20:39:44.685185 [debug] [MainThread]: Sending event: {'category': 'dbt', 'action': 'project_id', 'label': '1eab43cc-e74c-4399-bb95-8b0c186c88d3', 'context': [<snowplow_tracker.self_describing_json.SelfDescribingJson object at 0x10889e780>]}
[0m20:39:44.704373 [debug] [MainThread]: Sending event: {'category': 'dbt', 'action': 'adapter_info', 'label': '1eab43cc-e74c-4399-bb95-8b0c186c88d3', 'context': [<snowplow_tracker.self_describing_json.SelfDescribingJson object at 0x109bfb350>]}
[0m20:39:44.706230 [info ] [MainThread]: Registered adapter: duckdb=1.11.0
[0m20:39:44.740704 [debug] [MainThread]: checksum: 87ffbb80ddf0d790f9c291626b14e42fb072d8be979eb7852c44d7c47130d5ef, vars: {}, profile: olist, target: dev, version: 1.12.5
[0m20:39:44.741023 [debug] [MainThread]: Partial parsing not enabled
[0m20:39:45.326899 [debug] [MainThread]: Sending event: {'category': 'dbt', 'action': 'load_project', 'label': '1eab43cc-e74c-4399-bb95-8b0c186c88d3', 'context': [<snowplow_tracker.self_describing_json.SelfDescribingJson object at 0x10a0e6050>]}
[0m20:39:45.368250 [debug] [MainThread]: Wrote artifact WritableManifest to /Users/shiva/Desktop/git hub/projectmlproject/dbt/target/manifest.json
[0m20:39:45.370092 [debug] [MainThread]: Wrote artifact SemanticManifest to /Users/shiva/Desktop/git hub/projectmlproject/dbt/target/semantic_manifest.json
[0m20:39:45.378268 [debug] [MainThread]: Wrote artifact OsiDocument to /Users/shiva/Desktop/git hub/projectmlproject/dbt/target/osi_document.json
[0m20:39:45.384891 [debug] [MainThread]: Sending event: {'category': 'dbt', 'action': 'resource_counts', 'label': '1eab43cc-e74c-4399-bb95-8b0c186c88d3', 'context': [<snowplow_tracker.self_describing_json.SelfDescribingJson object at 0x10a535a90>]}
[0m20:39:45.385089 [info ] [MainThread]: Found 27 models, 50 data tests, 15 sources, 503 macros
[0m20:39:45.385227 [debug] [MainThread]: Sending event: {'category': 'dbt', 'action': 'runnable_timing', 'label': '1eab43cc-e74c-4399-bb95-8b0c186c88d3', 'context': [<snowplow_tracker.self_describing_json.SelfDescribingJson object at 0x10a2782f0>]}
[0m20:39:45.386471 [info ] [MainThread]: 
[0m20:39:45.386613 [info ] [MainThread]: Concurrency: 4 threads (target='dev')
[0m20:39:45.386712 [info ] [MainThread]: 
[0m20:39:45.386892 [debug] [MainThread]: Acquiring new duckdb connection 'master'
[0m20:39:45.388946 [debug] [ThreadPool]: Acquiring new duckdb connection 'list_olist_dirty'
[0m20:39:45.392383 [debug] [ThreadPool]: Acquiring new duckdb connection 'list_olist_dirty'
[0m20:39:45.411390 [debug] [ThreadPool]: Using duckdb connection "list_olist_dirty"
[0m20:39:45.411550 [debug] [ThreadPool]: Using duckdb connection "list_olist_dirty"
[0m20:39:45.411654 [debug] [ThreadPool]: On list_olist_dirty: /* {"app": "dbt", "dbt_version": "1.12.5", "profile_name": "olist", "target_name": "dev", "connection_name": "list_olist_dirty"} */

    
    select schema_name
    from system.information_schema.schemata
    
    where lower(catalog_name) = '"olist_dirty"'
    
  
  
[0m20:39:45.411756 [debug] [ThreadPool]: On list_olist_dirty: /* {"app": "dbt", "dbt_version": "1.12.5", "profile_name": "olist", "target_name": "dev", "connection_name": "list_olist_dirty"} */

    
    select schema_name
    from system.information_schema.schemata
    
    where lower(catalog_name) = '"olist_dirty"'
    
  
  
[0m20:39:45.411853 [debug] [ThreadPool]: Opening a new connection, currently in state init
[0m20:39:45.411936 [debug] [ThreadPool]: Opening a new connection, currently in state init
[0m20:39:45.431012 [debug] [ThreadPool]: SQL status: OK in 0.019 seconds
[0m20:39:45.431165 [debug] [ThreadPool]: SQL status: OK in 0.019 seconds
[0m20:39:45.431851 [debug] [ThreadPool]: On list_olist_dirty: Close
[0m20:39:45.432233 [debug] [ThreadPool]: On list_olist_dirty: Close
[0m20:39:45.432567 [debug] [ThreadPool]: Re-using an available connection from the pool (formerly list_olist_dirty, now create_olist_dirty_staging)
[0m20:39:45.432695 [debug] [ThreadPool]: Re-using an available connection from the pool (formerly list_olist_dirty, now create_olist_dirty_marts)
[0m20:39:45.432848 [debug] [ThreadPool]: Creating schema "database: "olist_dirty"
schema: "staging"
"
[0m20:39:45.432988 [debug] [ThreadPool]: Creating schema "database: "olist_dirty"
schema: "marts"
"
[0m20:39:45.435331 [debug] [ThreadPool]: Using duckdb connection "create_olist_dirty_staging"
[0m20:39:45.435673 [debug] [ThreadPool]: Using duckdb connection "create_olist_dirty_marts"
[0m20:39:45.435795 [debug] [ThreadPool]: On create_olist_dirty_staging: /* {"app": "dbt", "dbt_version": "1.12.5", "profile_name": "olist", "target_name": "dev", "connection_name": "create_olist_dirty_staging"} */

    
        select type from duckdb_databases()
        where lower(database_name)='olist_dirty'
        and type != 'duckdb'
    
  
[0m20:39:45.435925 [debug] [ThreadPool]: On create_olist_dirty_marts: /* {"app": "dbt", "dbt_version": "1.12.5", "profile_name": "olist", "target_name": "dev", "connection_name": "create_olist_dirty_marts"} */

    
        select type from duckdb_databases()
        where lower(database_name)='olist_dirty'
        and type != 'duckdb'
    
  
[0m20:39:45.436022 [debug] [ThreadPool]: Opening a new connection, currently in state closed
[0m20:39:45.436116 [debug] [ThreadPool]: Opening a new connection, currently in state closed
[0m20:39:45.437064 [debug] [ThreadPool]: SQL status: OK in 0.001 seconds
[0m20:39:45.437174 [debug] [ThreadPool]: SQL status: OK in 0.001 seconds
[0m20:39:45.437767 [debug] [ThreadPool]: Using duckdb connection "create_olist_dirty_staging"
[0m20:39:45.438165 [debug] [ThreadPool]: Using duckdb connection "create_olist_dirty_marts"
[0m20:39:45.438277 [debug] [ThreadPool]: On create_olist_dirty_staging: BEGIN
[0m20:39:45.438384 [debug] [ThreadPool]: On create_olist_dirty_marts: BEGIN
[0m20:39:45.438538 [debug] [ThreadPool]: SQL status: OK in 0.000 seconds
[0m20:39:45.438629 [debug] [ThreadPool]: Using duckdb connection "create_olist_dirty_staging"
[0m20:39:45.438714 [debug] [ThreadPool]: SQL status: OK in 0.000 seconds
[0m20:39:45.438803 [debug] [ThreadPool]: On create_olist_dirty_staging: /* {"app": "dbt", "dbt_version": "1.12.5", "profile_name": "olist", "target_name": "dev", "connection_name": "create_olist_dirty_staging"} */

    
    
        create schema if not exists "olist_dirty"."staging"
    
[0m20:39:45.438895 [debug] [ThreadPool]: Using duckdb connection "create_olist_dirty_marts"
[0m20:39:45.439016 [debug] [ThreadPool]: On create_olist_dirty_marts: /* {"app": "dbt", "dbt_version": "1.12.5", "profile_name": "olist", "target_name": "dev", "connection_name": "create_olist_dirty_marts"} */

    
    
        create schema if not exists "olist_dirty"."marts"
    
[0m20:39:45.439128 [debug] [ThreadPool]: SQL status: OK in 0.000 seconds
[0m20:39:45.439393 [debug] [ThreadPool]: On create_olist_dirty_staging: COMMIT
[0m20:39:45.439490 [debug] [ThreadPool]: SQL status: OK in 0.000 seconds
[0m20:39:45.439576 [debug] [ThreadPool]: Using duckdb connection "create_olist_dirty_staging"
[0m20:39:45.439807 [debug] [ThreadPool]: On create_olist_dirty_marts: COMMIT
[0m20:39:45.439892 [debug] [ThreadPool]: On create_olist_dirty_staging: COMMIT
[0m20:39:45.439973 [debug] [ThreadPool]: Using duckdb connection "create_olist_dirty_marts"
[0m20:39:45.440093 [debug] [ThreadPool]: On create_olist_dirty_marts: COMMIT
[0m20:39:45.440212 [debug] [ThreadPool]: SQL status: OK in 0.000 seconds
[0m20:39:45.440298 [debug] [ThreadPool]: On create_olist_dirty_staging: Close
[0m20:39:45.440384 [debug] [ThreadPool]: SQL status: OK in 0.000 seconds
[0m20:39:45.440562 [debug] [ThreadPool]: On create_olist_dirty_marts: Close
[0m20:39:45.441464 [debug] [ThreadPool]: Re-using an available connection from the pool (formerly create_olist_dirty_staging, now list_olist_dirty_staging)
[0m20:39:45.441625 [debug] [ThreadPool]: Re-using an available connection from the pool (formerly create_olist_dirty_marts, now list_olist_dirty_marts)
[0m20:39:45.443034 [debug] [ThreadPool]: Using duckdb connection "list_olist_dirty_staging"
[0m20:39:45.443332 [debug] [ThreadPool]: Using duckdb connection "list_olist_dirty_marts"
[0m20:39:45.443430 [debug] [ThreadPool]: On list_olist_dirty_staging: BEGIN
[0m20:39:45.443519 [debug] [ThreadPool]: On list_olist_dirty_marts: BEGIN
[0m20:39:45.443611 [debug] [ThreadPool]: Opening a new connection, currently in state closed
[0m20:39:45.443696 [debug] [ThreadPool]: Opening a new connection, currently in state closed
[0m20:39:45.443856 [debug] [ThreadPool]: SQL status: OK in 0.000 seconds
[0m20:39:45.443949 [debug] [ThreadPool]: Using duckdb connection "list_olist_dirty_staging"
[0m20:39:45.444031 [debug] [ThreadPool]: SQL status: OK in 0.000 seconds
[0m20:39:45.444119 [debug] [ThreadPool]: On list_olist_dirty_staging: /* {"app": "dbt", "dbt_version": "1.12.5", "profile_name": "olist", "target_name": "dev", "connection_name": "list_olist_dirty_staging"} */
select
      'olist_dirty' as database,
      table_name as name,
      table_schema as schema,
      CASE table_type
        WHEN 'BASE TABLE' THEN 'table'
        WHEN 'VIEW' THEN 'view'
        WHEN 'LOCAL TEMPORARY' THEN 'table'
        END as type
    from system.information_schema.tables
    where lower(table_schema) = 'staging'
    and lower(table_catalog) = 'olist_dirty'
  
[0m20:39:45.444210 [debug] [ThreadPool]: Using duckdb connection "list_olist_dirty_marts"
[0m20:39:45.444332 [debug] [ThreadPool]: On list_olist_dirty_marts: /* {"app": "dbt", "dbt_version": "1.12.5", "profile_name": "olist", "target_name": "dev", "connection_name": "list_olist_dirty_marts"} */
select
      'olist_dirty' as database,
      table_name as name,
      table_schema as schema,
      CASE table_type
        WHEN 'BASE TABLE' THEN 'table'
        WHEN 'VIEW' THEN 'view'
        WHEN 'LOCAL TEMPORARY' THEN 'table'
        END as type
    from system.information_schema.tables
    where lower(table_schema) = 'marts'
    and lower(table_catalog) = 'olist_dirty'
  
[0m20:39:45.446877 [debug] [ThreadPool]: SQL status: OK in 0.003 seconds
[0m20:39:45.446991 [debug] [ThreadPool]: SQL status: OK in 0.003 seconds
[0m20:39:45.447564 [debug] [ThreadPool]: On list_olist_dirty_staging: ROLLBACK
[0m20:39:45.447949 [debug] [ThreadPool]: On list_olist_dirty_marts: ROLLBACK
[0m20:39:45.448095 [debug] [ThreadPool]: On list_olist_dirty_staging: Close
[0m20:39:45.448203 [debug] [ThreadPool]: On list_olist_dirty_marts: Close
[0m20:39:45.449143 [debug] [MainThread]: Sending event: {'category': 'dbt', 'action': 'runnable_timing', 'label': '1eab43cc-e74c-4399-bb95-8b0c186c88d3', 'context': [<snowplow_tracker.self_describing_json.SelfDescribingJson object at 0x10a7bfad0>]}
[0m20:39:45.449317 [debug] [MainThread]: Using duckdb connection "master"
[0m20:39:45.449408 [debug] [MainThread]: On master: BEGIN
[0m20:39:45.449495 [debug] [MainThread]: Opening a new connection, currently in state init
[0m20:39:45.449629 [debug] [MainThread]: SQL status: OK in 0.000 seconds
[0m20:39:45.449712 [debug] [MainThread]: On master: COMMIT
[0m20:39:45.449797 [debug] [MainThread]: Using duckdb connection "master"
[0m20:39:45.449875 [debug] [MainThread]: On master: COMMIT
[0m20:39:45.449987 [debug] [MainThread]: SQL status: OK in 0.000 seconds
[0m20:39:45.450073 [debug] [MainThread]: On master: Close
[0m20:39:45.451483 [debug] [Thread-4 (]: Began running node model.olist_semantic.stg_geolocation
[0m20:39:45.451618 [debug] [Thread-3 (]: Began running node model.olist_semantic.stg_finance_revenue_snapshot
[0m20:39:45.451748 [debug] [Thread-1 (]: Began running node model.olist_semantic.stg_coupons
[0m20:39:45.451869 [debug] [Thread-2 (]: Began running node model.olist_semantic.stg_customers
[0m20:39:45.452021 [info ] [Thread-4 (]: 4 of 27 START sql view model staging.stg_geolocation ........................... [RUN]
[0m20:39:45.452191 [info ] [Thread-3 (]: 3 of 27 START sql view model staging.stg_finance_revenue_snapshot .............. [RUN]
[0m20:39:45.452356 [info ] [Thread-1 (]: 1 of 27 START sql view model staging.stg_coupons ............................... [RUN]
[0m20:39:45.452509 [info ] [Thread-2 (]: 2 of 27 START sql view model staging.stg_customers ............................. [RUN]
[0m20:39:45.452687 [debug] [Thread-4 (]: Acquiring new duckdb connection 'model.olist_semantic.stg_geolocation'
[0m20:39:45.452844 [debug] [Thread-3 (]: Acquiring new duckdb connection 'model.olist_semantic.stg_finance_revenue_snapshot'
[0m20:39:45.452977 [debug] [Thread-1 (]: Re-using an available connection from the pool (formerly list_olist_dirty_staging, now model.olist_semantic.stg_coupons)
[0m20:39:45.453107 [debug] [Thread-2 (]: Re-using an available connection from the pool (formerly list_olist_dirty_marts, now model.olist_semantic.stg_customers)
[0m20:39:45.453229 [debug] [Thread-4 (]: Began compiling node model.olist_semantic.stg_geolocation
[0m20:39:45.453353 [debug] [Thread-3 (]: Began compiling node model.olist_semantic.stg_finance_revenue_snapshot
[0m20:39:45.453474 [debug] [Thread-1 (]: Began compiling node model.olist_semantic.stg_coupons
[0m20:39:45.453582 [debug] [Thread-2 (]: Began compiling node model.olist_semantic.stg_customers
[0m20:39:45.455591 [debug] [Thread-4 (]: Writing injected SQL for node "model.olist_semantic.stg_geolocation"
[0m20:39:45.456155 [debug] [Thread-3 (]: Writing injected SQL for node "model.olist_semantic.stg_finance_revenue_snapshot"
[0m20:39:45.456876 [debug] [Thread-1 (]: Writing injected SQL for node "model.olist_semantic.stg_coupons"
[0m20:39:45.457320 [debug] [Thread-2 (]: Writing injected SQL for node "model.olist_semantic.stg_customers"
[0m20:39:45.457640 [debug] [Thread-1 (]: Began executing node model.olist_semantic.stg_coupons
[0m20:39:45.457758 [debug] [Thread-2 (]: Began executing node model.olist_semantic.stg_customers
[0m20:39:45.457870 [debug] [Thread-3 (]: Began executing node model.olist_semantic.stg_finance_revenue_snapshot
[0m20:39:45.457976 [debug] [Thread-4 (]: Began executing node model.olist_semantic.stg_geolocation
[0m20:39:45.468118 [debug] [Thread-1 (]: Writing runtime sql for node "model.olist_semantic.stg_coupons"
[0m20:39:45.468895 [debug] [Thread-2 (]: Writing runtime sql for node "model.olist_semantic.stg_customers"
[0m20:39:45.469832 [debug] [Thread-3 (]: Writing runtime sql for node "model.olist_semantic.stg_finance_revenue_snapshot"
[0m20:39:45.470598 [debug] [Thread-4 (]: Writing runtime sql for node "model.olist_semantic.stg_geolocation"
[0m20:39:45.470931 [debug] [Thread-1 (]: Using duckdb connection "model.olist_semantic.stg_coupons"
[0m20:39:45.471060 [debug] [Thread-2 (]: Using duckdb connection "model.olist_semantic.stg_customers"
[0m20:39:45.471175 [debug] [Thread-4 (]: Using duckdb connection "model.olist_semantic.stg_geolocation"
[0m20:39:45.471271 [debug] [Thread-1 (]: On model.olist_semantic.stg_coupons: BEGIN
[0m20:39:45.471371 [debug] [Thread-3 (]: Using duckdb connection "model.olist_semantic.stg_finance_revenue_snapshot"
[0m20:39:45.471466 [debug] [Thread-2 (]: On model.olist_semantic.stg_customers: BEGIN
[0m20:39:45.471560 [debug] [Thread-4 (]: On model.olist_semantic.stg_geolocation: BEGIN
[0m20:39:45.471650 [debug] [Thread-1 (]: Opening a new connection, currently in state closed
[0m20:39:45.471740 [debug] [Thread-3 (]: On model.olist_semantic.stg_finance_revenue_snapshot: BEGIN
[0m20:39:45.471828 [debug] [Thread-2 (]: Opening a new connection, currently in state closed
[0m20:39:45.471913 [debug] [Thread-4 (]: Opening a new connection, currently in state init
[0m20:39:45.472083 [debug] [Thread-3 (]: Opening a new connection, currently in state init
[0m20:39:45.472251 [debug] [Thread-1 (]: SQL status: OK in 0.001 seconds
[0m20:39:45.472414 [debug] [Thread-2 (]: SQL status: OK in 0.001 seconds
[0m20:39:45.472569 [debug] [Thread-4 (]: SQL status: OK in 0.001 seconds
[0m20:39:45.472684 [debug] [Thread-1 (]: Using duckdb connection "model.olist_semantic.stg_coupons"
[0m20:39:45.472786 [debug] [Thread-3 (]: SQL status: OK in 0.001 seconds
[0m20:39:45.472882 [debug] [Thread-2 (]: Using duckdb connection "model.olist_semantic.stg_customers"
[0m20:39:45.472971 [debug] [Thread-4 (]: Using duckdb connection "model.olist_semantic.stg_geolocation"
[0m20:39:45.473104 [debug] [Thread-1 (]: On model.olist_semantic.stg_coupons: /* {"app": "dbt", "dbt_version": "1.12.5", "profile_name": "olist", "target_name": "dev", "node_id": "model.olist_semantic.stg_coupons"} */

  
  create view "olist_dirty"."staging"."stg_coupons__dbt_tmp" as (
    -- Resolves: 11 spellings of 3 coupon-type concepts, and the 0.15-vs-15
-- scale ambiguity on percent coupons.
with src as (select * from "olist_dirty"."raw"."coupons"),

typed as (
    select
        *,
        lower(trim(coupon_type)) as _t,
        cast(discount_value as double) as _v
    from src
)

select
    trim(coupon_code)                                        as coupon_code,
    trim(campaign_name)                                      as campaign_name,
    campaign_description,

    case
        when _t in ('pct', 'percent', 'percentage', '%')          then 'PERCENT'
        when _t in ('fixed', 'brl', 'amount', 'fixed_amount')     then 'FIXED'
        when _t in ('freeship', 'free_shipping', 'frete')         then 'FREE_SHIPPING'
    end                                                      as coupon_type,

    -- one convention: always whole percent (15.0 means 15%)
    case
        when _t in ('pct', 'percent', 'percentage', '%')
        then round(case when _v <= 1 then _v * 100 else _v end, 2)
    end                                                      as discount_pct,

    case
        when _t in ('fixed', 'brl', 'amount', 'fixed_amount')
        then cast(_v as decimal(14,2))
    end                                                      as discount_fixed_brl,

    cast(min_order_value as decimal(14,2))                   as min_order_value,
    nullif(cast(max_discount_cap as decimal(14,2)), 0)       as max_discount_cap,
    
    coalesce(
        try_strptime(trim(valid_from), '%Y-%m-%d %H:%M:%S'),
        try_strptime(trim(valid_from), '%Y-%m-%dT%H:%M:%SZ'),
        try_strptime(trim(valid_from), '%d/%m/%Y %H:%M'),
        try_strptime(trim(valid_from), '%Y-%m-%d'),
        case
            when regexp_matches(trim(valid_from), '^[0-9]{9,11}$')
            then cast(to_timestamp(try_cast(trim(valid_from) as bigint)) at time zone 'UTC' as timestamp)
        end
    )
                             as valid_from,
    
    coalesce(
        try_strptime(trim(valid_to), '%Y-%m-%d %H:%M:%S'),
        try_strptime(trim(valid_to), '%Y-%m-%dT%H:%M:%SZ'),
        try_strptime(trim(valid_to), '%d/%m/%Y %H:%M'),
        try_strptime(trim(valid_to), '%Y-%m-%d'),
        case
            when regexp_matches(trim(valid_to), '^[0-9]{9,11}$')
            then cast(to_timestamp(try_cast(trim(valid_to) as bigint)) at time zone 'UTC' as timestamp)
        end
    )
                               as valid_to,
    lower(trim(is_active)) in ('y', '1', 'true')             as is_active,
    upper(trim(applies_to))                                  as applies_to,
    lower(trim(stackable)) = 'y'                             as is_stackable
from typed
  );

[0m20:39:45.473240 [debug] [Thread-3 (]: Using duckdb connection "model.olist_semantic.stg_finance_revenue_snapshot"
[0m20:39:45.473335 [debug] [Thread-2 (]: On model.olist_semantic.stg_customers: /* {"app": "dbt", "dbt_version": "1.12.5", "profile_name": "olist", "target_name": "dev", "node_id": "model.olist_semantic.stg_customers"} */

  
  create view "olist_dirty"."staging"."stg_customers__dbt_tmp" as (
    select
    customer_id,                               -- order-scoped key, NOT a person
    customer_unique_id,                        -- the actual person
    customer_zip_code_prefix                 as zip_code_prefix,
    lower(trim(customer_city))             as customer_city,
    upper(trim(customer_state))              as customer_state
from "olist_dirty"."raw"."customers"
  );

[0m20:39:45.473441 [debug] [Thread-4 (]: On model.olist_semantic.stg_geolocation: /* {"app": "dbt", "dbt_version": "1.12.5", "profile_name": "olist", "target_name": "dev", "node_id": "model.olist_semantic.stg_geolocation"} */

  
  create view "olist_dirty"."staging"."stg_geolocation__dbt_tmp" as (
    select
    geolocation_zip_code_prefix              as zip_code_prefix,
    geolocation_lat                          as latitude,
    geolocation_lng                          as longitude,
    lower(trim(geolocation_city))          as city,
    upper(trim(geolocation_state))           as state
from "olist_dirty"."raw"."geolocation"
  );

[0m20:39:45.473681 [debug] [Thread-3 (]: On model.olist_semantic.stg_finance_revenue_snapshot: /* {"app": "dbt", "dbt_version": "1.12.5", "profile_name": "olist", "target_name": "dev", "node_id": "model.olist_semantic.stg_finance_revenue_snapshot"} */

  
  create view "olist_dirty"."staging"."stg_finance_revenue_snapshot__dbt_tmp" as (
    -- Parsed for completeness ONLY. This export is known-stale (cut off
-- 2018-07-01, missing 12,824 orders) and double-counts duplicate redemptions.
-- It is deliberately never promoted to marts. See DATA.md.
select
    order_id,
    cast(snapshot_date as date)                          as snapshot_date,
    currency,
    cast(gross_merchandise_value as decimal(14,2))       as gross_merchandise_value,
    cast(freight_revenue as decimal(14,2))               as freight_revenue,
    cast(discount_total as decimal(14,2))                as discount_total,
    cast(refund_total as decimal(14,2))                  as refund_total,
    cast(net_revenue as decimal(14,2))                   as net_revenue,
    source_system
from "olist_dirty"."raw"."finance_order_revenue_snapshot"
  );

[0m20:39:45.473981 [debug] [Thread-4 (]: SQL status: OK in 0.000 seconds
[0m20:39:45.475811 [debug] [Thread-4 (]: Using duckdb connection "model.olist_semantic.stg_geolocation"
[0m20:39:45.475930 [debug] [Thread-2 (]: SQL status: OK in 0.002 seconds
[0m20:39:45.476042 [debug] [Thread-4 (]: On model.olist_semantic.stg_geolocation: /* {"app": "dbt", "dbt_version": "1.12.5", "profile_name": "olist", "target_name": "dev", "node_id": "model.olist_semantic.stg_geolocation"} */
alter view "olist_dirty"."staging"."stg_geolocation__dbt_tmp" rename to "stg_geolocation"
[0m20:39:45.476155 [debug] [Thread-1 (]: SQL status: OK in 0.003 seconds
[0m20:39:45.476258 [debug] [Thread-3 (]: SQL status: OK in 0.002 seconds
[0m20:39:45.476828 [debug] [Thread-2 (]: Using duckdb connection "model.olist_semantic.stg_customers"
[0m20:39:45.477792 [debug] [Thread-1 (]: Using duckdb connection "model.olist_semantic.stg_coupons"
[0m20:39:45.478375 [debug] [Thread-3 (]: Using duckdb connection "model.olist_semantic.stg_finance_revenue_snapshot"
[0m20:39:45.478489 [debug] [Thread-4 (]: SQL status: OK in 0.002 seconds
[0m20:39:45.478598 [debug] [Thread-2 (]: On model.olist_semantic.stg_customers: /* {"app": "dbt", "dbt_version": "1.12.5", "profile_name": "olist", "target_name": "dev", "node_id": "model.olist_semantic.stg_customers"} */
alter view "olist_dirty"."staging"."stg_customers__dbt_tmp" rename to "stg_customers"
[0m20:39:45.478710 [debug] [Thread-1 (]: On model.olist_semantic.stg_coupons: /* {"app": "dbt", "dbt_version": "1.12.5", "profile_name": "olist", "target_name": "dev", "node_id": "model.olist_semantic.stg_coupons"} */
alter view "olist_dirty"."staging"."stg_coupons" rename to "stg_coupons__dbt_backup"
[0m20:39:45.478815 [debug] [Thread-3 (]: On model.olist_semantic.stg_finance_revenue_snapshot: /* {"app": "dbt", "dbt_version": "1.12.5", "profile_name": "olist", "target_name": "dev", "node_id": "model.olist_semantic.stg_finance_revenue_snapshot"} */
alter view "olist_dirty"."staging"."stg_finance_revenue_snapshot" rename to "stg_finance_revenue_snapshot__dbt_backup"
[0m20:39:45.482872 [debug] [Thread-4 (]: On model.olist_semantic.stg_geolocation: COMMIT
[0m20:39:45.483161 [debug] [Thread-2 (]: SQL status: OK in 0.000 seconds
[0m20:39:45.483289 [debug] [Thread-4 (]: Using duckdb connection "model.olist_semantic.stg_geolocation"
[0m20:39:45.483413 [debug] [Thread-3 (]: SQL status: OK in 0.000 seconds
[0m20:39:45.483541 [debug] [Thread-1 (]: SQL status: OK in 0.000 seconds
[0m20:39:45.483966 [debug] [Thread-2 (]: On model.olist_semantic.stg_customers: COMMIT
[0m20:39:45.484079 [debug] [Thread-4 (]: On model.olist_semantic.stg_geolocation: COMMIT
[0m20:39:45.484733 [debug] [Thread-3 (]: Using duckdb connection "model.olist_semantic.stg_finance_revenue_snapshot"
[0m20:39:45.485297 [debug] [Thread-1 (]: Using duckdb connection "model.olist_semantic.stg_coupons"
[0m20:39:45.485412 [debug] [Thread-2 (]: Using duckdb connection "model.olist_semantic.stg_customers"
[0m20:39:45.485541 [debug] [Thread-3 (]: On model.olist_semantic.stg_finance_revenue_snapshot: /* {"app": "dbt", "dbt_version": "1.12.5", "profile_name": "olist", "target_name": "dev", "node_id": "model.olist_semantic.stg_finance_revenue_snapshot"} */
alter view "olist_dirty"."staging"."stg_finance_revenue_snapshot__dbt_tmp" rename to "stg_finance_revenue_snapshot"
[0m20:39:45.485697 [debug] [Thread-1 (]: On model.olist_semantic.stg_coupons: /* {"app": "dbt", "dbt_version": "1.12.5", "profile_name": "olist", "target_name": "dev", "node_id": "model.olist_semantic.stg_coupons"} */
alter view "olist_dirty"."staging"."stg_coupons__dbt_tmp" rename to "stg_coupons"
[0m20:39:45.485813 [debug] [Thread-2 (]: On model.olist_semantic.stg_customers: COMMIT
[0m20:39:45.485912 [debug] [Thread-4 (]: SQL status: OK in 0.000 seconds
[0m20:39:45.486137 [debug] [Thread-3 (]: SQL status: OK in 0.000 seconds
[0m20:39:45.487569 [debug] [Thread-4 (]: Using duckdb connection "model.olist_semantic.stg_geolocation"
[0m20:39:45.487682 [debug] [Thread-1 (]: SQL status: OK in 0.002 seconds
[0m20:39:45.487797 [debug] [Thread-2 (]: SQL status: OK in 0.002 seconds
[0m20:39:45.488801 [debug] [Thread-3 (]: On model.olist_semantic.stg_finance_revenue_snapshot: COMMIT
[0m20:39:45.488921 [debug] [Thread-4 (]: On model.olist_semantic.stg_geolocation: /* {"app": "dbt", "dbt_version": "1.12.5", "profile_name": "olist", "target_name": "dev", "node_id": "model.olist_semantic.stg_geolocation"} */

      drop view if exists "olist_dirty"."staging"."stg_geolocation__dbt_backup" cascade
    
[0m20:39:45.489365 [debug] [Thread-1 (]: On model.olist_semantic.stg_coupons: COMMIT
[0m20:39:45.489790 [debug] [Thread-2 (]: Using duckdb connection "model.olist_semantic.stg_customers"
[0m20:39:45.489900 [debug] [Thread-3 (]: Using duckdb connection "model.olist_semantic.stg_finance_revenue_snapshot"
[0m20:39:45.490233 [debug] [Thread-1 (]: Using duckdb connection "model.olist_semantic.stg_coupons"
[0m20:39:45.490349 [debug] [Thread-2 (]: On model.olist_semantic.stg_customers: /* {"app": "dbt", "dbt_version": "1.12.5", "profile_name": "olist", "target_name": "dev", "node_id": "model.olist_semantic.stg_customers"} */

      drop view if exists "olist_dirty"."staging"."stg_customers__dbt_backup" cascade
    
[0m20:39:45.490464 [debug] [Thread-4 (]: SQL status: OK in 0.000 seconds
[0m20:39:45.490569 [debug] [Thread-3 (]: On model.olist_semantic.stg_finance_revenue_snapshot: COMMIT
[0m20:39:45.490678 [debug] [Thread-1 (]: On model.olist_semantic.stg_coupons: COMMIT
[0m20:39:45.491458 [debug] [Thread-4 (]: On model.olist_semantic.stg_geolocation: Close
[0m20:39:45.491594 [debug] [Thread-2 (]: SQL status: OK in 0.001 seconds
[0m20:39:45.492006 [debug] [Thread-3 (]: SQL status: OK in 0.000 seconds
[0m20:39:45.492419 [debug] [Thread-2 (]: On model.olist_semantic.stg_customers: Close
[0m20:39:45.492601 [debug] [Thread-1 (]: SQL status: OK in 0.001 seconds
[0m20:39:45.493072 [debug] [Thread-3 (]: Using duckdb connection "model.olist_semantic.stg_finance_revenue_snapshot"
[0m20:39:45.494023 [debug] [Thread-1 (]: Using duckdb connection "model.olist_semantic.stg_coupons"
[0m20:39:45.494152 [debug] [Thread-3 (]: On model.olist_semantic.stg_finance_revenue_snapshot: /* {"app": "dbt", "dbt_version": "1.12.5", "profile_name": "olist", "target_name": "dev", "node_id": "model.olist_semantic.stg_finance_revenue_snapshot"} */

      drop view if exists "olist_dirty"."staging"."stg_finance_revenue_snapshot__dbt_backup" cascade
    
[0m20:39:45.494275 [debug] [Thread-1 (]: On model.olist_semantic.stg_coupons: /* {"app": "dbt", "dbt_version": "1.12.5", "profile_name": "olist", "target_name": "dev", "node_id": "model.olist_semantic.stg_coupons"} */

      drop view if exists "olist_dirty"."staging"."stg_coupons__dbt_backup" cascade
    
[0m20:39:45.494434 [debug] [Thread-4 (]: Sending event: {'category': 'dbt', 'action': 'run_model', 'label': '1eab43cc-e74c-4399-bb95-8b0c186c88d3', 'context': [<snowplow_tracker.self_describing_json.SelfDescribingJson object at 0x10aa147d0>]}
[0m20:39:45.494568 [debug] [Thread-2 (]: Sending event: {'category': 'dbt', 'action': 'run_model', 'label': '1eab43cc-e74c-4399-bb95-8b0c186c88d3', 'context': [<snowplow_tracker.self_describing_json.SelfDescribingJson object at 0x10a5daba0>]}
[0m20:39:45.494681 [debug] [Thread-3 (]: SQL status: OK in 0.000 seconds
[0m20:39:45.494893 [info ] [Thread-4 (]: 4 of 27 OK created sql view model staging.stg_geolocation ...................... [[32mOK[0m in 0.04s]
[0m20:39:45.495197 [debug] [Thread-1 (]: SQL status: OK in 0.001 seconds
[0m20:39:45.495607 [debug] [Thread-3 (]: On model.olist_semantic.stg_finance_revenue_snapshot: Close
[0m20:39:45.495066 [info ] [Thread-2 (]: 2 of 27 OK created sql view model staging.stg_customers ........................ [[32mOK[0m in 0.04s]
[0m20:39:45.495821 [debug] [Thread-4 (]: Finished running node model.olist_semantic.stg_geolocation
[0m20:39:45.496215 [debug] [Thread-1 (]: On model.olist_semantic.stg_coupons: Close
[0m20:39:45.496381 [debug] [Thread-3 (]: Sending event: {'category': 'dbt', 'action': 'run_model', 'label': '1eab43cc-e74c-4399-bb95-8b0c186c88d3', 'context': [<snowplow_tracker.self_describing_json.SelfDescribingJson object at 0x10aa39ef0>]}
[0m20:39:45.496542 [debug] [Thread-2 (]: Finished running node model.olist_semantic.stg_customers
[0m20:39:45.496680 [debug] [Thread-4 (]: Began running node model.olist_semantic.stg_order_coupons
[0m20:39:45.496887 [debug] [Thread-1 (]: Sending event: {'category': 'dbt', 'action': 'run_model', 'label': '1eab43cc-e74c-4399-bb95-8b0c186c88d3', 'context': [<snowplow_tracker.self_describing_json.SelfDescribingJson object at 0x10a9036e0>]}
[0m20:39:45.497174 [debug] [Thread-2 (]: Began running node model.olist_semantic.stg_order_items
[0m20:39:45.497069 [info ] [Thread-3 (]: 3 of 27 OK created sql view model staging.stg_finance_revenue_snapshot ......... [[32mOK[0m in 0.04s]
[0m20:39:45.497359 [info ] [Thread-4 (]: 5 of 27 START sql view model staging.stg_order_coupons ......................... [RUN]
[0m20:39:45.497557 [info ] [Thread-1 (]: 1 of 27 OK created sql view model staging.stg_coupons .......................... [[32mOK[0m in 0.04s]
[0m20:39:45.497711 [info ] [Thread-2 (]: 6 of 27 START sql view model staging.stg_order_items ........................... [RUN]
[0m20:39:45.497884 [debug] [Thread-3 (]: Finished running node model.olist_semantic.stg_finance_revenue_snapshot
[0m20:39:45.498014 [debug] [Thread-4 (]: Re-using an available connection from the pool (formerly model.olist_semantic.stg_geolocation, now model.olist_semantic.stg_order_coupons)
[0m20:39:45.498175 [debug] [Thread-1 (]: Finished running node model.olist_semantic.stg_coupons
[0m20:39:45.498295 [debug] [Thread-2 (]: Re-using an available connection from the pool (formerly model.olist_semantic.stg_customers, now model.olist_semantic.stg_order_items)
[0m20:39:45.498423 [debug] [Thread-3 (]: Began running node model.olist_semantic.stg_order_payments
[0m20:39:45.498544 [debug] [Thread-4 (]: Began compiling node model.olist_semantic.stg_order_coupons
[0m20:39:45.498666 [debug] [Thread-1 (]: Began running node model.olist_semantic.stg_order_returns
[0m20:39:45.498781 [debug] [Thread-2 (]: Began compiling node model.olist_semantic.stg_order_items
[0m20:39:45.498913 [info ] [Thread-3 (]: 7 of 27 START sql view model staging.stg_order_payments ........................ [RUN]
[0m20:39:45.499652 [debug] [Thread-4 (]: Writing injected SQL for node "model.olist_semantic.stg_order_coupons"
[0m20:39:45.499783 [info ] [Thread-1 (]: 8 of 27 START sql view model staging.stg_order_returns ......................... [RUN]
[0m20:39:45.500325 [debug] [Thread-2 (]: Writing injected SQL for node "model.olist_semantic.stg_order_items"
[0m20:39:45.500459 [debug] [Thread-3 (]: Re-using an available connection from the pool (formerly model.olist_semantic.stg_finance_revenue_snapshot, now model.olist_semantic.stg_order_payments)
[0m20:39:45.500603 [debug] [Thread-1 (]: Re-using an available connection from the pool (formerly model.olist_semantic.stg_coupons, now model.olist_semantic.stg_order_returns)
[0m20:39:45.500738 [debug] [Thread-3 (]: Began compiling node model.olist_semantic.stg_order_payments
[0m20:39:45.500857 [debug] [Thread-1 (]: Began compiling node model.olist_semantic.stg_order_returns
[0m20:39:45.501391 [debug] [Thread-3 (]: Writing injected SQL for node "model.olist_semantic.stg_order_payments"
[0m20:39:45.502287 [debug] [Thread-1 (]: Writing injected SQL for node "model.olist_semantic.stg_order_returns"
[0m20:39:45.502389 [debug] [Thread-2 (]: Began executing node model.olist_semantic.stg_order_items
[0m20:39:45.502488 [debug] [Thread-4 (]: Began executing node model.olist_semantic.stg_order_coupons
[0m20:39:45.503315 [debug] [Thread-2 (]: Writing runtime sql for node "model.olist_semantic.stg_order_items"
[0m20:39:45.504208 [debug] [Thread-4 (]: Writing runtime sql for node "model.olist_semantic.stg_order_coupons"
[0m20:39:45.504383 [debug] [Thread-3 (]: Began executing node model.olist_semantic.stg_order_payments
[0m20:39:45.504512 [debug] [Thread-1 (]: Began executing node model.olist_semantic.stg_order_returns
[0m20:39:45.505225 [debug] [Thread-3 (]: Writing runtime sql for node "model.olist_semantic.stg_order_payments"
[0m20:39:45.505887 [debug] [Thread-1 (]: Writing runtime sql for node "model.olist_semantic.stg_order_returns"
[0m20:39:45.506030 [debug] [Thread-2 (]: Using duckdb connection "model.olist_semantic.stg_order_items"
[0m20:39:45.506160 [debug] [Thread-4 (]: Using duckdb connection "model.olist_semantic.stg_order_coupons"
[0m20:39:45.506304 [debug] [Thread-2 (]: On model.olist_semantic.stg_order_items: BEGIN
[0m20:39:45.506419 [debug] [Thread-4 (]: On model.olist_semantic.stg_order_coupons: BEGIN
[0m20:39:45.506535 [debug] [Thread-2 (]: Opening a new connection, currently in state closed
[0m20:39:45.506649 [debug] [Thread-4 (]: Opening a new connection, currently in state closed
[0m20:39:45.506830 [debug] [Thread-3 (]: Using duckdb connection "model.olist_semantic.stg_order_payments"
[0m20:39:45.506982 [debug] [Thread-3 (]: On model.olist_semantic.stg_order_payments: BEGIN
[0m20:39:45.507089 [debug] [Thread-2 (]: SQL status: OK in 0.001 seconds
[0m20:39:45.507206 [debug] [Thread-1 (]: Using duckdb connection "model.olist_semantic.stg_order_returns"
[0m20:39:45.507307 [debug] [Thread-3 (]: Opening a new connection, currently in state closed
[0m20:39:45.507404 [debug] [Thread-4 (]: SQL status: OK in 0.001 seconds
[0m20:39:45.507502 [debug] [Thread-2 (]: Using duckdb connection "model.olist_semantic.stg_order_items"
[0m20:39:45.507614 [debug] [Thread-1 (]: On model.olist_semantic.stg_order_returns: BEGIN
[0m20:39:45.507750 [debug] [Thread-4 (]: Using duckdb connection "model.olist_semantic.stg_order_coupons"
[0m20:39:45.507861 [debug] [Thread-2 (]: On model.olist_semantic.stg_order_items: /* {"app": "dbt", "dbt_version": "1.12.5", "profile_name": "olist", "target_name": "dev", "node_id": "model.olist_semantic.stg_order_items"} */

  
  create view "olist_dirty"."staging"."stg_order_items__dbt_tmp" as (
    select
    order_id,
    order_item_id,
    product_id,
    seller_id,
    shipping_limit_date                      as shipping_limit_at,
    cast(price as decimal(14,2))             as item_price,
    cast(freight_value as decimal(14,2))     as freight_value
from "olist_dirty"."raw"."order_items"
  );

[0m20:39:45.507977 [debug] [Thread-3 (]: SQL status: OK in 0.001 seconds
[0m20:39:45.508075 [debug] [Thread-1 (]: Opening a new connection, currently in state closed
[0m20:39:45.508214 [debug] [Thread-4 (]: On model.olist_semantic.stg_order_coupons: /* {"app": "dbt", "dbt_version": "1.12.5", "profile_name": "olist", "target_name": "dev", "node_id": "model.olist_semantic.stg_order_coupons"} */

  
  create view "olist_dirty"."staging"."stg_order_coupons__dbt_tmp" as (
    -- Resolves: 306 byte-identical duplicate rows from an ETL replay.
-- Orphan coupon_codes are PRESERVED (not dropped) so redemption totals stay
-- correct; marts join to coupons with a LEFT JOIN.
with deduped as (
    select
        *,
        row_number() over (partition by redemption_id order by order_id) as _rn
    from "olist_dirty"."raw"."order_coupons"
)

select
    redemption_id,
    order_id,
    customer_id,
    trim(coupon_code)                                    as coupon_code,
    
    cast(
        case
            when discount_amount_applied is null then null
            when position(',' in replace(replace(discount_amount_applied, 'R$', ''), ' ', '')) > 0
                then replace(replace(replace(replace(discount_amount_applied, 'R$', ''), ' ', ''), '.', ''), ',', '.')
            else replace(replace(discount_amount_applied, 'R$', ''), ' ', '')
        end
    as decimal(14,2))
         as discount_amount,
    upper(trim(discount_applies_to))                     as discount_applies_to,
    
    coalesce(
        try_strptime(trim(redeemed_at), '%Y-%m-%d %H:%M:%S'),
        try_strptime(trim(redeemed_at), '%Y-%m-%dT%H:%M:%SZ'),
        try_strptime(trim(redeemed_at), '%d/%m/%Y %H:%M'),
        try_strptime(trim(redeemed_at), '%Y-%m-%d'),
        case
            when regexp_matches(trim(redeemed_at), '^[0-9]{9,11}$')
            then cast(to_timestamp(try_cast(trim(redeemed_at) as bigint)) at time zone 'UTC' as timestamp)
        end
    )
                        as redeemed_at,
    upper(trim(channel))                                 as channel
from deduped
where _rn = 1
  );

[0m20:39:45.508399 [debug] [Thread-3 (]: Using duckdb connection "model.olist_semantic.stg_order_payments"
[0m20:39:45.508539 [debug] [Thread-2 (]: SQL status: OK in 0.000 seconds
[0m20:39:45.508722 [debug] [Thread-1 (]: SQL status: OK in 0.001 seconds
[0m20:39:45.508838 [debug] [Thread-3 (]: On model.olist_semantic.stg_order_payments: /* {"app": "dbt", "dbt_version": "1.12.5", "profile_name": "olist", "target_name": "dev", "node_id": "model.olist_semantic.stg_order_payments"} */

  
  create view "olist_dirty"."staging"."stg_order_payments__dbt_tmp" as (
    select
    order_id,
    payment_sequential,
    lower(trim(payment_type))                    as payment_type,
    payment_installments,
    cast(payment_value as decimal(14,2))         as payment_value
from "olist_dirty"."raw"."order_payments"
  );

[0m20:39:45.509523 [debug] [Thread-2 (]: Using duckdb connection "model.olist_semantic.stg_order_items"
[0m20:39:45.509643 [debug] [Thread-1 (]: Using duckdb connection "model.olist_semantic.stg_order_returns"
[0m20:39:45.509785 [debug] [Thread-4 (]: SQL status: OK in 0.001 seconds
[0m20:39:45.509888 [debug] [Thread-2 (]: On model.olist_semantic.stg_order_items: /* {"app": "dbt", "dbt_version": "1.12.5", "profile_name": "olist", "target_name": "dev", "node_id": "model.olist_semantic.stg_order_items"} */
alter view "olist_dirty"."staging"."stg_order_items" rename to "stg_order_items__dbt_backup"
[0m20:39:45.509999 [debug] [Thread-3 (]: SQL status: OK in 0.000 seconds
[0m20:39:45.510193 [debug] [Thread-1 (]: On model.olist_semantic.stg_order_returns: /* {"app": "dbt", "dbt_version": "1.12.5", "profile_name": "olist", "target_name": "dev", "node_id": "model.olist_semantic.stg_order_returns"} */

  
  create view "olist_dirty"."staging"."stg_order_returns__dbt_tmp" as (
    -- Resolves: bilingual/free-text reason codes collapsed to 8 canonical values,
-- status casing, and 0.8% clock-skew rows where resolved_at precedes requested_at.
with src as (select * from "olist_dirty"."raw"."order_returns"),

parsed as (
    select
        return_id,
        order_id,
        cast(order_item_id as integer)                   as order_item_id,
        product_id,
        seller_id,
        customer_id,
        lower(trim(return_reason_code))                  as _reason,
        lower(trim(return_status))                       as _status,
        upper(trim(resolution))                          as resolution,
        cast(quantity_returned as integer)               as quantity_returned,
        
    cast(
        case
            when item_price_at_purchase is null then null
            when position(',' in replace(replace(item_price_at_purchase, 'R$', ''), ' ', '')) > 0
                then replace(replace(replace(replace(item_price_at_purchase, 'R$', ''), ' ', ''), '.', ''), ',', '.')
            else replace(replace(item_price_at_purchase, 'R$', ''), ' ', '')
        end
    as decimal(14,2))
      as item_price_at_purchase,
        
    cast(
        case
            when freight_at_purchase is null then null
            when position(',' in replace(replace(freight_at_purchase, 'R$', ''), ' ', '')) > 0
                then replace(replace(replace(replace(freight_at_purchase, 'R$', ''), ' ', ''), '.', ''), ',', '.')
            else replace(replace(freight_at_purchase, 'R$', ''), ' ', '')
        end
    as decimal(14,2))
         as freight_at_purchase,
        
    coalesce(
        try_strptime(trim(requested_at), '%Y-%m-%d %H:%M:%S'),
        try_strptime(trim(requested_at), '%Y-%m-%dT%H:%M:%SZ'),
        try_strptime(trim(requested_at), '%d/%m/%Y %H:%M'),
        try_strptime(trim(requested_at), '%Y-%m-%d'),
        case
            when regexp_matches(trim(requested_at), '^[0-9]{9,11}$')
            then cast(to_timestamp(try_cast(trim(requested_at) as bigint)) at time zone 'UTC' as timestamp)
        end
    )
                   as requested_at,
        
    coalesce(
        try_strptime(trim(received_at), '%Y-%m-%d %H:%M:%S'),
        try_strptime(trim(received_at), '%Y-%m-%dT%H:%M:%SZ'),
        try_strptime(trim(received_at), '%d/%m/%Y %H:%M'),
        try_strptime(trim(received_at), '%Y-%m-%d'),
        case
            when regexp_matches(trim(received_at), '^[0-9]{9,11}$')
            then cast(to_timestamp(try_cast(trim(received_at) as bigint)) at time zone 'UTC' as timestamp)
        end
    )
                    as received_at,
        
    coalesce(
        try_strptime(trim(resolved_at), '%Y-%m-%d %H:%M:%S'),
        try_strptime(trim(resolved_at), '%Y-%m-%dT%H:%M:%SZ'),
        try_strptime(trim(resolved_at), '%d/%m/%Y %H:%M'),
        try_strptime(trim(resolved_at), '%Y-%m-%d'),
        case
            when regexp_matches(trim(resolved_at), '^[0-9]{9,11}$')
            then cast(to_timestamp(try_cast(trim(resolved_at) as bigint)) at time zone 'UTC' as timestamp)
        end
    )
                    as resolved_at,
        inspection_notes
    from src
)

select
    * exclude (_reason, _status),

    case
        when _reason in ('damaged', 'damaged_in_transit', 'produto danificado')  then 'DAMAGED_IN_TRANSIT'
        when _reason in ('defective', 'defeito')                                 then 'DEFECTIVE'
        when _reason in ('wrong_item', 'wrong item', 'wrong-item', 'item_errado') then 'WRONG_ITEM'
        when _reason in ('not_as_described', 'nao conforme anuncio')             then 'NOT_AS_DESCRIBED'
        when _reason in ('missing_parts', 'faltando pecas')                      then 'MISSING_PARTS'
        when _reason in ('size_fit', 'size/fit', 'tamanho')                      then 'SIZE_FIT'
        when _reason in ('late_delivery', 'late', 'atraso na entrega')           then 'LATE_DELIVERY'
        when _reason in ('no_longer_wanted', 'no longer wanted', 'changed_mind', 'arrependimento')
                                                                                 then 'NO_LONGER_WANTED'
    end                                                  as return_reason,

    case
        when _status in ('completed', 'closed')          then 'COMPLETED'
        when _status = 'approved'                        then 'APPROVED'
        when _status in ('rejected', 'denied')           then 'REJECTED'
        when _status in ('requested', 'open')            then 'REQUESTED'
        when _status in ('in_transit', 'shipping_back')  then 'IN_TRANSIT'
    end                                                  as return_status,

    -- explicit flag rather than silently propagating a negative duration
    (resolved_at is not null and resolved_at < requested_at) as has_timestamp_inconsistency,

    case
        when resolved_at is not null and resolved_at >= requested_at
        then date_diff('day', requested_at, resolved_at)
    end                                                  as resolution_days
from parsed
  );

[0m20:39:45.510922 [debug] [Thread-4 (]: Using duckdb connection "model.olist_semantic.stg_order_coupons"
[0m20:39:45.511681 [debug] [Thread-3 (]: Using duckdb connection "model.olist_semantic.stg_order_payments"
[0m20:39:45.511943 [debug] [Thread-2 (]: SQL status: OK in 0.001 seconds
[0m20:39:45.512059 [debug] [Thread-4 (]: On model.olist_semantic.stg_order_coupons: /* {"app": "dbt", "dbt_version": "1.12.5", "profile_name": "olist", "target_name": "dev", "node_id": "model.olist_semantic.stg_order_coupons"} */
alter view "olist_dirty"."staging"."stg_order_coupons" rename to "stg_order_coupons__dbt_backup"
[0m20:39:45.512174 [debug] [Thread-3 (]: On model.olist_semantic.stg_order_payments: /* {"app": "dbt", "dbt_version": "1.12.5", "profile_name": "olist", "target_name": "dev", "node_id": "model.olist_semantic.stg_order_payments"} */
alter view "olist_dirty"."staging"."stg_order_payments" rename to "stg_order_payments__dbt_backup"
[0m20:39:45.512745 [debug] [Thread-2 (]: Using duckdb connection "model.olist_semantic.stg_order_items"
[0m20:39:45.512883 [debug] [Thread-1 (]: SQL status: OK in 0.001 seconds
[0m20:39:45.513009 [debug] [Thread-4 (]: SQL status: OK in 0.000 seconds
[0m20:39:45.513114 [debug] [Thread-2 (]: On model.olist_semantic.stg_order_items: /* {"app": "dbt", "dbt_version": "1.12.5", "profile_name": "olist", "target_name": "dev", "node_id": "model.olist_semantic.stg_order_items"} */
alter view "olist_dirty"."staging"."stg_order_items__dbt_tmp" rename to "stg_order_items"
[0m20:39:45.513230 [debug] [Thread-3 (]: SQL status: OK in 0.000 seconds
[0m20:39:45.513819 [debug] [Thread-1 (]: Using duckdb connection "model.olist_semantic.stg_order_returns"
[0m20:39:45.514365 [debug] [Thread-4 (]: Using duckdb connection "model.olist_semantic.stg_order_coupons"
[0m20:39:45.514984 [debug] [Thread-3 (]: Using duckdb connection "model.olist_semantic.stg_order_payments"
[0m20:39:45.515098 [debug] [Thread-1 (]: On model.olist_semantic.stg_order_returns: /* {"app": "dbt", "dbt_version": "1.12.5", "profile_name": "olist", "target_name": "dev", "node_id": "model.olist_semantic.stg_order_returns"} */
alter view "olist_dirty"."staging"."stg_order_returns" rename to "stg_order_returns__dbt_backup"
[0m20:39:45.515208 [debug] [Thread-2 (]: SQL status: OK in 0.001 seconds
[0m20:39:45.515317 [debug] [Thread-4 (]: On model.olist_semantic.stg_order_coupons: /* {"app": "dbt", "dbt_version": "1.12.5", "profile_name": "olist", "target_name": "dev", "node_id": "model.olist_semantic.stg_order_coupons"} */
alter view "olist_dirty"."staging"."stg_order_coupons__dbt_tmp" rename to "stg_order_coupons"
[0m20:39:45.515435 [debug] [Thread-3 (]: On model.olist_semantic.stg_order_payments: /* {"app": "dbt", "dbt_version": "1.12.5", "profile_name": "olist", "target_name": "dev", "node_id": "model.olist_semantic.stg_order_payments"} */
alter view "olist_dirty"."staging"."stg_order_payments__dbt_tmp" rename to "stg_order_payments"
[0m20:39:45.515888 [debug] [Thread-2 (]: On model.olist_semantic.stg_order_items: COMMIT
[0m20:39:45.516014 [debug] [Thread-1 (]: SQL status: OK in 0.000 seconds
[0m20:39:45.516137 [debug] [Thread-4 (]: SQL status: OK in 0.000 seconds
[0m20:39:45.516250 [debug] [Thread-2 (]: Using duckdb connection "model.olist_semantic.stg_order_items"
[0m20:39:45.516777 [debug] [Thread-1 (]: Using duckdb connection "model.olist_semantic.stg_order_returns"
[0m20:39:45.516880 [debug] [Thread-3 (]: SQL status: OK in 0.001 seconds
[0m20:39:45.517252 [debug] [Thread-4 (]: On model.olist_semantic.stg_order_coupons: COMMIT
[0m20:39:45.517362 [debug] [Thread-2 (]: On model.olist_semantic.stg_order_items: COMMIT
[0m20:39:45.517471 [debug] [Thread-1 (]: On model.olist_semantic.stg_order_returns: /* {"app": "dbt", "dbt_version": "1.12.5", "profile_name": "olist", "target_name": "dev", "node_id": "model.olist_semantic.stg_order_returns"} */
alter view "olist_dirty"."staging"."stg_order_returns__dbt_tmp" rename to "stg_order_returns"
[0m20:39:45.517889 [debug] [Thread-3 (]: On model.olist_semantic.stg_order_payments: COMMIT
[0m20:39:45.517989 [debug] [Thread-4 (]: Using duckdb connection "model.olist_semantic.stg_order_coupons"
[0m20:39:45.518144 [debug] [Thread-3 (]: Using duckdb connection "model.olist_semantic.stg_order_payments"
[0m20:39:45.518251 [debug] [Thread-2 (]: SQL status: OK in 0.000 seconds
[0m20:39:45.518355 [debug] [Thread-4 (]: On model.olist_semantic.stg_order_coupons: COMMIT
[0m20:39:45.518460 [debug] [Thread-1 (]: SQL status: OK in 0.000 seconds
[0m20:39:45.518555 [debug] [Thread-3 (]: On model.olist_semantic.stg_order_payments: COMMIT
[0m20:39:45.519120 [debug] [Thread-2 (]: Using duckdb connection "model.olist_semantic.stg_order_items"
[0m20:39:45.519549 [debug] [Thread-1 (]: On model.olist_semantic.stg_order_returns: COMMIT
[0m20:39:45.519677 [debug] [Thread-4 (]: SQL status: OK in 0.000 seconds
[0m20:39:45.519824 [debug] [Thread-2 (]: On model.olist_semantic.stg_order_items: /* {"app": "dbt", "dbt_version": "1.12.5", "profile_name": "olist", "target_name": "dev", "node_id": "model.olist_semantic.stg_order_items"} */

      drop view if exists "olist_dirty"."staging"."stg_order_items__dbt_backup" cascade
    
[0m20:39:45.519940 [debug] [Thread-3 (]: SQL status: OK in 0.000 seconds
[0m20:39:45.520046 [debug] [Thread-1 (]: Using duckdb connection "model.olist_semantic.stg_order_returns"
[0m20:39:45.520456 [debug] [Thread-4 (]: Using duckdb connection "model.olist_semantic.stg_order_coupons"
[0m20:39:45.520899 [debug] [Thread-3 (]: Using duckdb connection "model.olist_semantic.stg_order_payments"
[0m20:39:45.521012 [debug] [Thread-1 (]: On model.olist_semantic.stg_order_returns: COMMIT
[0m20:39:45.521125 [debug] [Thread-2 (]: SQL status: OK in 0.001 seconds
[0m20:39:45.521236 [debug] [Thread-4 (]: On model.olist_semantic.stg_order_coupons: /* {"app": "dbt", "dbt_version": "1.12.5", "profile_name": "olist", "target_name": "dev", "node_id": "model.olist_semantic.stg_order_coupons"} */

      drop view if exists "olist_dirty"."staging"."stg_order_coupons__dbt_backup" cascade
    
[0m20:39:45.521354 [debug] [Thread-3 (]: On model.olist_semantic.stg_order_payments: /* {"app": "dbt", "dbt_version": "1.12.5", "profile_name": "olist", "target_name": "dev", "node_id": "model.olist_semantic.stg_order_payments"} */

      drop view if exists "olist_dirty"."staging"."stg_order_payments__dbt_backup" cascade
    
[0m20:39:45.521773 [debug] [Thread-2 (]: On model.olist_semantic.stg_order_items: Close
[0m20:39:45.521914 [debug] [Thread-1 (]: SQL status: OK in 0.000 seconds
[0m20:39:45.522116 [debug] [Thread-2 (]: Sending event: {'category': 'dbt', 'action': 'run_model', 'label': '1eab43cc-e74c-4399-bb95-8b0c186c88d3', 'context': [<snowplow_tracker.self_describing_json.SelfDescribingJson object at 0x10a5ed780>]}
[0m20:39:45.522511 [debug] [Thread-1 (]: Using duckdb connection "model.olist_semantic.stg_order_returns"
[0m20:39:45.522612 [debug] [Thread-4 (]: SQL status: OK in 0.001 seconds
[0m20:39:45.522753 [debug] [Thread-3 (]: SQL status: OK in 0.001 seconds
[0m20:39:45.523026 [debug] [Thread-1 (]: On model.olist_semantic.stg_order_returns: /* {"app": "dbt", "dbt_version": "1.12.5", "profile_name": "olist", "target_name": "dev", "node_id": "model.olist_semantic.stg_order_returns"} */

      drop view if exists "olist_dirty"."staging"."stg_order_returns__dbt_backup" cascade
    
[0m20:39:45.522922 [info ] [Thread-2 (]: 6 of 27 OK created sql view model staging.stg_order_items ...................... [[32mOK[0m in 0.02s]
[0m20:39:45.523433 [debug] [Thread-4 (]: On model.olist_semantic.stg_order_coupons: Close
[0m20:39:45.523813 [debug] [Thread-3 (]: On model.olist_semantic.stg_order_payments: Close
[0m20:39:45.524018 [debug] [Thread-2 (]: Finished running node model.olist_semantic.stg_order_items
[0m20:39:45.524205 [debug] [Thread-4 (]: Sending event: {'category': 'dbt', 'action': 'run_model', 'label': '1eab43cc-e74c-4399-bb95-8b0c186c88d3', 'context': [<snowplow_tracker.self_describing_json.SelfDescribingJson object at 0x10a945fd0>]}
[0m20:39:45.524329 [debug] [Thread-1 (]: SQL status: OK in 0.000 seconds
[0m20:39:45.524466 [debug] [Thread-3 (]: Sending event: {'category': 'dbt', 'action': 'run_model', 'label': '1eab43cc-e74c-4399-bb95-8b0c186c88d3', 'context': [<snowplow_tracker.self_describing_json.SelfDescribingJson object at 0x10a946030>]}
[0m20:39:45.524594 [debug] [Thread-2 (]: Began running node model.olist_semantic.stg_order_reviews
[0m20:39:45.524839 [info ] [Thread-4 (]: 5 of 27 OK created sql view model staging.stg_order_coupons .................... [[32mOK[0m in 0.03s]
[0m20:39:45.525231 [debug] [Thread-1 (]: On model.olist_semantic.stg_order_returns: Close
[0m20:39:45.525415 [info ] [Thread-3 (]: 7 of 27 OK created sql view model staging.stg_order_payments ................... [[32mOK[0m in 0.02s]
[0m20:39:45.525573 [info ] [Thread-2 (]: 9 of 27 START sql view model staging.stg_order_reviews ......................... [RUN]
[0m20:39:45.525746 [debug] [Thread-4 (]: Finished running node model.olist_semantic.stg_order_coupons
[0m20:39:45.525975 [debug] [Thread-3 (]: Finished running node model.olist_semantic.stg_order_payments
[0m20:39:45.526076 [debug] [Thread-1 (]: Sending event: {'category': 'dbt', 'action': 'run_model', 'label': '1eab43cc-e74c-4399-bb95-8b0c186c88d3', 'context': [<snowplow_tracker.self_describing_json.SelfDescribingJson object at 0x10a9463f0>]}
[0m20:39:45.526214 [debug] [Thread-2 (]: Re-using an available connection from the pool (formerly model.olist_semantic.stg_order_items, now model.olist_semantic.stg_order_reviews)
[0m20:39:45.526338 [debug] [Thread-4 (]: Began running node model.olist_semantic.stg_orders
[0m20:39:45.526490 [debug] [Thread-3 (]: Began running node model.olist_semantic.stg_product_category_translation
[0m20:39:45.526826 [debug] [Thread-2 (]: Began compiling node model.olist_semantic.stg_order_reviews
[0m20:39:45.526721 [info ] [Thread-1 (]: 8 of 27 OK created sql view model staging.stg_order_returns .................... [[32mOK[0m in 0.03s]
[0m20:39:45.526995 [info ] [Thread-4 (]: 10 of 27 START sql view model staging.stg_orders ............................... [RUN]
[0m20:39:45.527151 [info ] [Thread-3 (]: 11 of 27 START sql view model staging.stg_product_category_translation ......... [RUN]
[0m20:39:45.527761 [debug] [Thread-2 (]: Writing injected SQL for node "model.olist_semantic.stg_order_reviews"
[0m20:39:45.527926 [debug] [Thread-1 (]: Finished running node model.olist_semantic.stg_order_returns
[0m20:39:45.528061 [debug] [Thread-4 (]: Re-using an available connection from the pool (formerly model.olist_semantic.stg_order_coupons, now model.olist_semantic.stg_orders)
[0m20:39:45.528196 [debug] [Thread-3 (]: Re-using an available connection from the pool (formerly model.olist_semantic.stg_order_payments, now model.olist_semantic.stg_product_category_translation)
[0m20:39:45.528347 [debug] [Thread-1 (]: Began running node model.olist_semantic.stg_products
[0m20:39:45.528483 [debug] [Thread-4 (]: Began compiling node model.olist_semantic.stg_orders
[0m20:39:45.528606 [debug] [Thread-3 (]: Began compiling node model.olist_semantic.stg_product_category_translation
[0m20:39:45.529300 [debug] [Thread-4 (]: Writing injected SQL for node "model.olist_semantic.stg_orders"
[0m20:39:45.528749 [info ] [Thread-1 (]: 12 of 27 START sql view model staging.stg_products ............................. [RUN]
[0m20:39:45.529865 [debug] [Thread-3 (]: Writing injected SQL for node "model.olist_semantic.stg_product_category_translation"
[0m20:39:45.529986 [debug] [Thread-2 (]: Began executing node model.olist_semantic.stg_order_reviews
[0m20:39:45.530135 [debug] [Thread-1 (]: Re-using an available connection from the pool (formerly model.olist_semantic.stg_order_returns, now model.olist_semantic.stg_products)
[0m20:39:45.531197 [debug] [Thread-2 (]: Writing runtime sql for node "model.olist_semantic.stg_order_reviews"
[0m20:39:45.531321 [debug] [Thread-1 (]: Began compiling node model.olist_semantic.stg_products
[0m20:39:45.531431 [debug] [Thread-4 (]: Began executing node model.olist_semantic.stg_orders
[0m20:39:45.531974 [debug] [Thread-1 (]: Writing injected SQL for node "model.olist_semantic.stg_products"
[0m20:39:45.532683 [debug] [Thread-4 (]: Writing runtime sql for node "model.olist_semantic.stg_orders"
[0m20:39:45.532788 [debug] [Thread-3 (]: Began executing node model.olist_semantic.stg_product_category_translation
[0m20:39:45.532956 [debug] [Thread-2 (]: Using duckdb connection "model.olist_semantic.stg_order_reviews"
[0m20:39:45.533678 [debug] [Thread-3 (]: Writing runtime sql for node "model.olist_semantic.stg_product_category_translation"
[0m20:39:45.533806 [debug] [Thread-2 (]: On model.olist_semantic.stg_order_reviews: BEGIN
[0m20:39:45.533945 [debug] [Thread-2 (]: Opening a new connection, currently in state closed
[0m20:39:45.534109 [debug] [Thread-4 (]: Using duckdb connection "model.olist_semantic.stg_orders"
[0m20:39:45.534220 [debug] [Thread-4 (]: On model.olist_semantic.stg_orders: BEGIN
[0m20:39:45.534319 [debug] [Thread-4 (]: Opening a new connection, currently in state closed
[0m20:39:45.534470 [debug] [Thread-2 (]: SQL status: OK in 0.001 seconds
[0m20:39:45.534573 [debug] [Thread-2 (]: Using duckdb connection "model.olist_semantic.stg_order_reviews"
[0m20:39:45.534693 [debug] [Thread-3 (]: Using duckdb connection "model.olist_semantic.stg_product_category_translation"
[0m20:39:45.534809 [debug] [Thread-4 (]: SQL status: OK in 0.000 seconds
[0m20:39:45.534909 [debug] [Thread-1 (]: Began executing node model.olist_semantic.stg_products
[0m20:39:45.535018 [debug] [Thread-2 (]: On model.olist_semantic.stg_order_reviews: /* {"app": "dbt", "dbt_version": "1.12.5", "profile_name": "olist", "target_name": "dev", "node_id": "model.olist_semantic.stg_order_reviews"} */

  
  create view "olist_dirty"."staging"."stg_order_reviews__dbt_tmp" as (
    -- raw.order_reviews contains repeated review_id values (a genuine Olist quirk),
-- so this stays at its natural grain and marts aggregate it to one row per order.
select
    review_id,
    order_id,
    review_score,
    review_comment_title,
    review_comment_message,
    review_creation_date                     as review_created_at,
    review_answer_timestamp                  as review_answered_at
from "olist_dirty"."raw"."order_reviews"
  );

[0m20:39:45.535140 [debug] [Thread-3 (]: On model.olist_semantic.stg_product_category_translation: BEGIN
[0m20:39:45.535242 [debug] [Thread-4 (]: Using duckdb connection "model.olist_semantic.stg_orders"
[0m20:39:45.536030 [debug] [Thread-1 (]: Writing runtime sql for node "model.olist_semantic.stg_products"
[0m20:39:45.536195 [debug] [Thread-3 (]: Opening a new connection, currently in state closed
[0m20:39:45.536314 [debug] [Thread-4 (]: On model.olist_semantic.stg_orders: /* {"app": "dbt", "dbt_version": "1.12.5", "profile_name": "olist", "target_name": "dev", "node_id": "model.olist_semantic.stg_orders"} */

  
  create view "olist_dirty"."staging"."stg_orders__dbt_tmp" as (
    select
    order_id,
    customer_id,
    lower(trim(order_status))                as order_status,
    order_purchase_timestamp                 as purchased_at,
    order_approved_at                        as approved_at,
    order_delivered_carrier_date             as shipped_at,
    order_delivered_customer_date            as delivered_at,
    order_estimated_delivery_date            as estimated_delivery_at
from "olist_dirty"."raw"."orders"
  );

[0m20:39:45.536436 [debug] [Thread-2 (]: SQL status: OK in 0.000 seconds
[0m20:39:45.536637 [debug] [Thread-3 (]: SQL status: OK in 0.000 seconds
[0m20:39:45.537227 [debug] [Thread-2 (]: Using duckdb connection "model.olist_semantic.stg_order_reviews"
[0m20:39:45.537349 [debug] [Thread-4 (]: SQL status: OK in 0.001 seconds
[0m20:39:45.537455 [debug] [Thread-3 (]: Using duckdb connection "model.olist_semantic.stg_product_category_translation"
[0m20:39:45.537569 [debug] [Thread-1 (]: Using duckdb connection "model.olist_semantic.stg_products"
[0m20:39:45.537687 [debug] [Thread-2 (]: On model.olist_semantic.stg_order_reviews: /* {"app": "dbt", "dbt_version": "1.12.5", "profile_name": "olist", "target_name": "dev", "node_id": "model.olist_semantic.stg_order_reviews"} */
alter view "olist_dirty"."staging"."stg_order_reviews" rename to "stg_order_reviews__dbt_backup"
[0m20:39:45.538307 [debug] [Thread-4 (]: Using duckdb connection "model.olist_semantic.stg_orders"
[0m20:39:45.538437 [debug] [Thread-3 (]: On model.olist_semantic.stg_product_category_translation: /* {"app": "dbt", "dbt_version": "1.12.5", "profile_name": "olist", "target_name": "dev", "node_id": "model.olist_semantic.stg_product_category_translation"} */

  
  create view "olist_dirty"."staging"."stg_product_category_translation__dbt_tmp" as (
    select
    lower(trim(product_category_name))           as product_category_name,
    lower(trim(product_category_name_english))   as product_category_name_english
from "olist_dirty"."raw"."product_category_name_translation"
  );

[0m20:39:45.538539 [debug] [Thread-1 (]: On model.olist_semantic.stg_products: BEGIN
[0m20:39:45.538660 [debug] [Thread-4 (]: On model.olist_semantic.stg_orders: /* {"app": "dbt", "dbt_version": "1.12.5", "profile_name": "olist", "target_name": "dev", "node_id": "model.olist_semantic.stg_orders"} */
alter view "olist_dirty"."staging"."stg_orders" rename to "stg_orders__dbt_backup"
[0m20:39:45.538802 [debug] [Thread-2 (]: SQL status: OK in 0.000 seconds
[0m20:39:45.538902 [debug] [Thread-1 (]: Opening a new connection, currently in state closed
[0m20:39:45.539017 [debug] [Thread-3 (]: SQL status: OK in 0.000 seconds
[0m20:39:45.539611 [debug] [Thread-2 (]: Using duckdb connection "model.olist_semantic.stg_order_reviews"
[0m20:39:45.539752 [debug] [Thread-4 (]: SQL status: OK in 0.001 seconds
[0m20:39:45.540316 [debug] [Thread-3 (]: Using duckdb connection "model.olist_semantic.stg_product_category_translation"
[0m20:39:45.540427 [debug] [Thread-1 (]: SQL status: OK in 0.002 seconds
[0m20:39:45.540531 [debug] [Thread-2 (]: On model.olist_semantic.stg_order_reviews: /* {"app": "dbt", "dbt_version": "1.12.5", "profile_name": "olist", "target_name": "dev", "node_id": "model.olist_semantic.stg_order_reviews"} */
alter view "olist_dirty"."staging"."stg_order_reviews__dbt_tmp" rename to "stg_order_reviews"
[0m20:39:45.541068 [debug] [Thread-4 (]: Using duckdb connection "model.olist_semantic.stg_orders"
[0m20:39:45.541181 [debug] [Thread-3 (]: On model.olist_semantic.stg_product_category_translation: /* {"app": "dbt", "dbt_version": "1.12.5", "profile_name": "olist", "target_name": "dev", "node_id": "model.olist_semantic.stg_product_category_translation"} */
alter view "olist_dirty"."staging"."stg_product_category_translation" rename to "stg_product_category_translation__dbt_backup"
[0m20:39:45.541286 [debug] [Thread-1 (]: Using duckdb connection "model.olist_semantic.stg_products"
[0m20:39:45.541414 [debug] [Thread-4 (]: On model.olist_semantic.stg_orders: /* {"app": "dbt", "dbt_version": "1.12.5", "profile_name": "olist", "target_name": "dev", "node_id": "model.olist_semantic.stg_orders"} */
alter view "olist_dirty"."staging"."stg_orders__dbt_tmp" rename to "stg_orders"
[0m20:39:45.541545 [debug] [Thread-2 (]: SQL status: OK in 0.000 seconds
[0m20:39:45.541655 [debug] [Thread-1 (]: On model.olist_semantic.stg_products: /* {"app": "dbt", "dbt_version": "1.12.5", "profile_name": "olist", "target_name": "dev", "node_id": "model.olist_semantic.stg_products"} */

  
  create view "olist_dirty"."staging"."stg_products__dbt_tmp" as (
    select
    product_id,
    lower(trim(product_category_name))       as product_category_name,
    product_name_lenght                      as name_length,
    product_description_lenght               as description_length,
    product_photos_qty                       as photos_qty,
    product_weight_g                         as weight_g,
    product_length_cm                        as length_cm,
    product_height_cm                        as height_cm,
    product_width_cm                         as width_cm
from "olist_dirty"."raw"."products"
  );

[0m20:39:45.541790 [debug] [Thread-3 (]: SQL status: OK in 0.000 seconds
[0m20:39:45.542201 [debug] [Thread-2 (]: On model.olist_semantic.stg_order_reviews: COMMIT
[0m20:39:45.542307 [debug] [Thread-4 (]: SQL status: OK in 0.001 seconds
[0m20:39:45.542935 [debug] [Thread-3 (]: Using duckdb connection "model.olist_semantic.stg_product_category_translation"
[0m20:39:45.543051 [debug] [Thread-2 (]: Using duckdb connection "model.olist_semantic.stg_order_reviews"
[0m20:39:45.543156 [debug] [Thread-1 (]: SQL status: OK in 0.001 seconds
[0m20:39:45.543546 [debug] [Thread-4 (]: On model.olist_semantic.stg_orders: COMMIT
[0m20:39:45.543651 [debug] [Thread-3 (]: On model.olist_semantic.stg_product_category_translation: /* {"app": "dbt", "dbt_version": "1.12.5", "profile_name": "olist", "target_name": "dev", "node_id": "model.olist_semantic.stg_product_category_translation"} */
alter view "olist_dirty"."staging"."stg_product_category_translation__dbt_tmp" rename to "stg_product_category_translation"
[0m20:39:45.543755 [debug] [Thread-2 (]: On model.olist_semantic.stg_order_reviews: COMMIT
[0m20:39:45.544464 [debug] [Thread-1 (]: Using duckdb connection "model.olist_semantic.stg_products"
[0m20:39:45.544564 [debug] [Thread-4 (]: Using duckdb connection "model.olist_semantic.stg_orders"
[0m20:39:45.544721 [debug] [Thread-1 (]: On model.olist_semantic.stg_products: /* {"app": "dbt", "dbt_version": "1.12.5", "profile_name": "olist", "target_name": "dev", "node_id": "model.olist_semantic.stg_products"} */
alter view "olist_dirty"."staging"."stg_products" rename to "stg_products__dbt_backup"
[0m20:39:45.544835 [debug] [Thread-3 (]: SQL status: OK in 0.000 seconds
[0m20:39:45.544938 [debug] [Thread-4 (]: On model.olist_semantic.stg_orders: COMMIT
[0m20:39:45.545037 [debug] [Thread-2 (]: SQL status: OK in 0.000 seconds
[0m20:39:45.545483 [debug] [Thread-3 (]: On model.olist_semantic.stg_product_category_translation: COMMIT
[0m20:39:45.545618 [debug] [Thread-1 (]: SQL status: OK in 0.000 seconds
[0m20:39:45.546022 [debug] [Thread-2 (]: Using duckdb connection "model.olist_semantic.stg_order_reviews"
[0m20:39:45.546131 [debug] [Thread-4 (]: SQL status: OK in 0.001 seconds
[0m20:39:45.546237 [debug] [Thread-3 (]: Using duckdb connection "model.olist_semantic.stg_product_category_translation"
[0m20:39:45.546801 [debug] [Thread-1 (]: Using duckdb connection "model.olist_semantic.stg_products"
[0m20:39:45.546909 [debug] [Thread-2 (]: On model.olist_semantic.stg_order_reviews: /* {"app": "dbt", "dbt_version": "1.12.5", "profile_name": "olist", "target_name": "dev", "node_id": "model.olist_semantic.stg_order_reviews"} */

      drop view if exists "olist_dirty"."staging"."stg_order_reviews__dbt_backup" cascade
    
[0m20:39:45.547295 [debug] [Thread-4 (]: Using duckdb connection "model.olist_semantic.stg_orders"
[0m20:39:45.547402 [debug] [Thread-3 (]: On model.olist_semantic.stg_product_category_translation: COMMIT
[0m20:39:45.547510 [debug] [Thread-1 (]: On model.olist_semantic.stg_products: /* {"app": "dbt", "dbt_version": "1.12.5", "profile_name": "olist", "target_name": "dev", "node_id": "model.olist_semantic.stg_products"} */
alter view "olist_dirty"."staging"."stg_products__dbt_tmp" rename to "stg_products"
[0m20:39:45.547645 [debug] [Thread-4 (]: On model.olist_semantic.stg_orders: /* {"app": "dbt", "dbt_version": "1.12.5", "profile_name": "olist", "target_name": "dev", "node_id": "model.olist_semantic.stg_orders"} */

      drop view if exists "olist_dirty"."staging"."stg_orders__dbt_backup" cascade
    
[0m20:39:45.547821 [debug] [Thread-2 (]: SQL status: OK in 0.000 seconds
[0m20:39:45.548178 [debug] [Thread-2 (]: On model.olist_semantic.stg_order_reviews: Close
[0m20:39:45.548295 [debug] [Thread-1 (]: SQL status: OK in 0.001 seconds
[0m20:39:45.548403 [debug] [Thread-3 (]: SQL status: OK in 0.001 seconds
[0m20:39:45.548563 [debug] [Thread-2 (]: Sending event: {'category': 'dbt', 'action': 'run_model', 'label': '1eab43cc-e74c-4399-bb95-8b0c186c88d3', 'context': [<snowplow_tracker.self_describing_json.SelfDescribingJson object at 0x10a946450>]}
[0m20:39:45.548976 [debug] [Thread-1 (]: On model.olist_semantic.stg_products: COMMIT
[0m20:39:45.549083 [debug] [Thread-4 (]: SQL status: OK in 0.001 seconds
[0m20:39:45.549483 [debug] [Thread-3 (]: Using duckdb connection "model.olist_semantic.stg_product_category_translation"
[0m20:39:45.549660 [info ] [Thread-2 (]: 9 of 27 OK created sql view model staging.stg_order_reviews .................... [[32mOK[0m in 0.02s]
[0m20:39:45.549785 [debug] [Thread-1 (]: Using duckdb connection "model.olist_semantic.stg_products"
[0m20:39:45.550157 [debug] [Thread-4 (]: On model.olist_semantic.stg_orders: Close
[0m20:39:45.550260 [debug] [Thread-3 (]: On model.olist_semantic.stg_product_category_translation: /* {"app": "dbt", "dbt_version": "1.12.5", "profile_name": "olist", "target_name": "dev", "node_id": "model.olist_semantic.stg_product_category_translation"} */

      drop view if exists "olist_dirty"."staging"."stg_product_category_translation__dbt_backup" cascade
    
[0m20:39:45.550424 [debug] [Thread-2 (]: Finished running node model.olist_semantic.stg_order_reviews
[0m20:39:45.550535 [debug] [Thread-1 (]: On model.olist_semantic.stg_products: COMMIT
[0m20:39:45.550701 [debug] [Thread-4 (]: Sending event: {'category': 'dbt', 'action': 'run_model', 'label': '1eab43cc-e74c-4399-bb95-8b0c186c88d3', 'context': [<snowplow_tracker.self_describing_json.SelfDescribingJson object at 0x10a9fa8d0>]}
[0m20:39:45.550848 [debug] [Thread-2 (]: Began running node model.olist_semantic.stg_refunds
[0m20:39:45.551004 [debug] [Thread-3 (]: SQL status: OK in 0.000 seconds
[0m20:39:45.551199 [info ] [Thread-4 (]: 10 of 27 OK created sql view model staging.stg_orders .......................... [[32mOK[0m in 0.02s]
[0m20:39:45.551438 [debug] [Thread-1 (]: SQL status: OK in 0.000 seconds
[0m20:39:45.551350 [info ] [Thread-2 (]: 13 of 27 START sql view model staging.stg_refunds .............................. [RUN]
[0m20:39:45.551823 [debug] [Thread-3 (]: On model.olist_semantic.stg_product_category_translation: Close
[0m20:39:45.551983 [debug] [Thread-4 (]: Finished running node model.olist_semantic.stg_orders
[0m20:39:45.552385 [debug] [Thread-1 (]: Using duckdb connection "model.olist_semantic.stg_products"
[0m20:39:45.552504 [debug] [Thread-2 (]: Re-using an available connection from the pool (formerly model.olist_semantic.stg_order_reviews, now model.olist_semantic.stg_refunds)
[0m20:39:45.552647 [debug] [Thread-3 (]: Sending event: {'category': 'dbt', 'action': 'run_model', 'label': '1eab43cc-e74c-4399-bb95-8b0c186c88d3', 'context': [<snowplow_tracker.self_describing_json.SelfDescribingJson object at 0x10aa4fad0>]}
[0m20:39:45.552771 [debug] [Thread-4 (]: Began running node model.olist_semantic.stg_replacement_orders
[0m20:39:45.552899 [debug] [Thread-1 (]: On model.olist_semantic.stg_products: /* {"app": "dbt", "dbt_version": "1.12.5", "profile_name": "olist", "target_name": "dev", "node_id": "model.olist_semantic.stg_products"} */

      drop view if exists "olist_dirty"."staging"."stg_products__dbt_backup" cascade
    
[0m20:39:45.553021 [debug] [Thread-2 (]: Began compiling node model.olist_semantic.stg_refunds
[0m20:39:45.553211 [info ] [Thread-3 (]: 11 of 27 OK created sql view model staging.stg_product_category_translation .... [[32mOK[0m in 0.02s]
[0m20:39:45.553345 [info ] [Thread-4 (]: 14 of 27 START sql view model staging.stg_replacement_orders ................... [RUN]
[0m20:39:45.554195 [debug] [Thread-2 (]: Writing injected SQL for node "model.olist_semantic.stg_refunds"
[0m20:39:45.554367 [debug] [Thread-3 (]: Finished running node model.olist_semantic.stg_product_category_translation
[0m20:39:45.554478 [debug] [Thread-1 (]: SQL status: OK in 0.001 seconds
[0m20:39:45.554604 [debug] [Thread-4 (]: Re-using an available connection from the pool (formerly model.olist_semantic.stg_orders, now model.olist_semantic.stg_replacement_orders)
[0m20:39:45.554753 [debug] [Thread-3 (]: Began running node model.olist_semantic.stg_sellers
[0m20:39:45.555130 [debug] [Thread-1 (]: On model.olist_semantic.stg_products: Close
[0m20:39:45.555239 [debug] [Thread-4 (]: Began compiling node model.olist_semantic.stg_replacement_orders
[0m20:39:45.555390 [info ] [Thread-3 (]: 15 of 27 START sql view model staging.stg_sellers .............................. [RUN]
[0m20:39:45.556206 [debug] [Thread-4 (]: Writing injected SQL for node "model.olist_semantic.stg_replacement_orders"
[0m20:39:45.556308 [debug] [Thread-2 (]: Began executing node model.olist_semantic.stg_refunds
[0m20:39:45.556747 [debug] [Thread-1 (]: Sending event: {'category': 'dbt', 'action': 'run_model', 'label': '1eab43cc-e74c-4399-bb95-8b0c186c88d3', 'context': [<snowplow_tracker.self_describing_json.SelfDescribingJson object at 0x10a9f8c50>]}
[0m20:39:45.556876 [debug] [Thread-3 (]: Re-using an available connection from the pool (formerly model.olist_semantic.stg_product_category_translation, now model.olist_semantic.stg_sellers)
[0m20:39:45.557650 [debug] [Thread-2 (]: Writing runtime sql for node "model.olist_semantic.stg_refunds"
[0m20:39:45.557834 [info ] [Thread-1 (]: 12 of 27 OK created sql view model staging.stg_products ........................ [[32mOK[0m in 0.03s]
[0m20:39:45.557962 [debug] [Thread-3 (]: Began compiling node model.olist_semantic.stg_sellers
[0m20:39:45.558076 [debug] [Thread-4 (]: Began executing node model.olist_semantic.stg_replacement_orders
[0m20:39:45.558254 [debug] [Thread-1 (]: Finished running node model.olist_semantic.stg_products
[0m20:39:45.558768 [debug] [Thread-3 (]: Writing injected SQL for node "model.olist_semantic.stg_sellers"
[0m20:39:45.559442 [debug] [Thread-4 (]: Writing runtime sql for node "model.olist_semantic.stg_replacement_orders"
[0m20:39:45.559574 [debug] [Thread-1 (]: Began running node model.olist_semantic.dim_geography
[0m20:39:45.559757 [debug] [Thread-2 (]: Using duckdb connection "model.olist_semantic.stg_refunds"
[0m20:39:45.560031 [debug] [Thread-2 (]: On model.olist_semantic.stg_refunds: BEGIN
[0m20:39:45.559929 [info ] [Thread-1 (]: 16 of 27 START sql table model marts.dim_geography ............................. [RUN]
[0m20:39:45.560172 [debug] [Thread-2 (]: Opening a new connection, currently in state closed
[0m20:39:45.560312 [debug] [Thread-1 (]: Re-using an available connection from the pool (formerly model.olist_semantic.stg_products, now model.olist_semantic.dim_geography)
[0m20:39:45.560439 [debug] [Thread-4 (]: Using duckdb connection "model.olist_semantic.stg_replacement_orders"
[0m20:39:45.560577 [debug] [Thread-3 (]: Began executing node model.olist_semantic.stg_sellers
[0m20:39:45.560684 [debug] [Thread-1 (]: Began compiling node model.olist_semantic.dim_geography
[0m20:39:45.560793 [debug] [Thread-2 (]: SQL status: OK in 0.001 seconds
[0m20:39:45.560893 [debug] [Thread-4 (]: On model.olist_semantic.stg_replacement_orders: BEGIN
[0m20:39:45.561740 [debug] [Thread-3 (]: Writing runtime sql for node "model.olist_semantic.stg_sellers"
[0m20:39:45.562266 [debug] [Thread-1 (]: Writing injected SQL for node "model.olist_semantic.dim_geography"
[0m20:39:45.562375 [debug] [Thread-2 (]: Using duckdb connection "model.olist_semantic.stg_refunds"
[0m20:39:45.562479 [debug] [Thread-4 (]: Opening a new connection, currently in state closed
[0m20:39:45.562669 [debug] [Thread-2 (]: On model.olist_semantic.stg_refunds: /* {"app": "dbt", "dbt_version": "1.12.5", "profile_name": "olist", "target_name": "dev", "node_id": "model.olist_semantic.stg_refunds"} */

  
  create view "olist_dirty"."staging"."stg_refunds__dbt_tmp" as (
    -- Resolves: the sign trap (1,249 of 3,624 rows stored negative for the same
-- semantic event) and status casing. Settlement is made explicit so that
-- pending/failed/reversed refunds can never be silently deducted.
with src as (select * from "olist_dirty"."raw"."refunds"),

parsed as (
    select
        refund_id,
        order_id,
        return_id,
        upper(trim(refund_type))                         as refund_type,
        abs(
    cast(
        case
            when refund_amount is null then null
            when position(',' in replace(replace(refund_amount, 'R$', ''), ' ', '')) > 0
                then replace(replace(replace(replace(refund_amount, 'R$', ''), ' ', ''), '.', ''), ',', '.')
            else replace(replace(refund_amount, 'R$', ''), ' ', '')
        end
    as decimal(14,2))
)          as refund_amount,
        upper(trim(refund_reason))                       as refund_reason,
        lower(trim(refund_status))                       as _status,
        upper(trim(refund_method))                       as refund_method,
        
    coalesce(
        try_strptime(trim(requested_at), '%Y-%m-%d %H:%M:%S'),
        try_strptime(trim(requested_at), '%Y-%m-%dT%H:%M:%SZ'),
        try_strptime(trim(requested_at), '%d/%m/%Y %H:%M'),
        try_strptime(trim(requested_at), '%Y-%m-%d'),
        case
            when regexp_matches(trim(requested_at), '^[0-9]{9,11}$')
            then cast(to_timestamp(try_cast(trim(requested_at) as bigint)) at time zone 'UTC' as timestamp)
        end
    )
                   as requested_at,
        
    coalesce(
        try_strptime(trim(processed_at), '%Y-%m-%d %H:%M:%S'),
        try_strptime(trim(processed_at), '%Y-%m-%dT%H:%M:%SZ'),
        try_strptime(trim(processed_at), '%d/%m/%Y %H:%M'),
        try_strptime(trim(processed_at), '%Y-%m-%d'),
        case
            when regexp_matches(trim(processed_at), '^[0-9]{9,11}$')
            then cast(to_timestamp(try_cast(trim(processed_at) as bigint)) at time zone 'UTC' as timestamp)
        end
    )
                   as processed_at,
        gateway_reference
    from src
)

select
    * exclude (_status),
    upper(_status)                                       as refund_status,
    (_status = 'processed')                              as is_settled,
    case when _status = 'processed' then processed_at end as settled_at
from parsed
  );

[0m20:39:45.562974 [debug] [Thread-4 (]: SQL status: OK in 0.000 seconds
[0m20:39:45.563087 [debug] [Thread-1 (]: Began executing node model.olist_semantic.dim_geography
[0m20:39:45.563192 [debug] [Thread-4 (]: Using duckdb connection "model.olist_semantic.stg_replacement_orders"
[0m20:39:45.574672 [debug] [Thread-1 (]: Writing runtime sql for node "model.olist_semantic.dim_geography"
[0m20:39:45.574820 [debug] [Thread-3 (]: Using duckdb connection "model.olist_semantic.stg_sellers"
[0m20:39:45.574996 [debug] [Thread-4 (]: On model.olist_semantic.stg_replacement_orders: /* {"app": "dbt", "dbt_version": "1.12.5", "profile_name": "olist", "target_name": "dev", "node_id": "model.olist_semantic.stg_replacement_orders"} */

  
  create view "olist_dirty"."staging"."stg_replacement_orders__dbt_tmp" as (
    -- Free replacement shipments: real fulfilled units at zero revenue, carrying
-- real COGS. Kept in a separate model so they can never be mistaken for sales.
select
    replacement_order_id,
    original_order_id,
    return_id,
    customer_id,
    product_id,
    seller_id,
    cast(quantity_shipped as integer)                    as quantity_shipped,
    cast(charged_to_customer as decimal(14,2))           as charged_to_customer,
    
    cast(
        case
            when replacement_cogs is null then null
            when position(',' in replace(replace(replacement_cogs, 'R$', ''), ' ', '')) > 0
                then replace(replace(replace(replace(replacement_cogs, 'R$', ''), ' ', ''), '.', ''), ',', '.')
            else replace(replace(replacement_cogs, 'R$', ''), ' ', '')
        end
    as decimal(14,2))
                as replacement_cogs,
    
    cast(
        case
            when freight_absorbed is null then null
            when position(',' in replace(replace(freight_absorbed, 'R$', ''), ' ', '')) > 0
                then replace(replace(replace(replace(freight_absorbed, 'R$', ''), ' ', ''), '.', ''), ',', '.')
            else replace(replace(freight_absorbed, 'R$', ''), ' ', '')
        end
    as decimal(14,2))
                as freight_absorbed,
    upper(trim(cost_borne_by))                           as cost_borne_by,
    upper(trim(replacement_status))                      as replacement_status,
    
    coalesce(
        try_strptime(trim(shipped_at), '%Y-%m-%d %H:%M:%S'),
        try_strptime(trim(shipped_at), '%Y-%m-%dT%H:%M:%SZ'),
        try_strptime(trim(shipped_at), '%d/%m/%Y %H:%M'),
        try_strptime(trim(shipped_at), '%Y-%m-%d'),
        case
            when regexp_matches(trim(shipped_at), '^[0-9]{9,11}$')
            then cast(to_timestamp(try_cast(trim(shipped_at) as bigint)) at time zone 'UTC' as timestamp)
        end
    )
                         as shipped_at,
    
    coalesce(
        try_strptime(trim(delivered_at), '%Y-%m-%d %H:%M:%S'),
        try_strptime(trim(delivered_at), '%Y-%m-%dT%H:%M:%SZ'),
        try_strptime(trim(delivered_at), '%d/%m/%Y %H:%M'),
        try_strptime(trim(delivered_at), '%Y-%m-%d'),
        case
            when regexp_matches(trim(delivered_at), '^[0-9]{9,11}$')
            then cast(to_timestamp(try_cast(trim(delivered_at) as bigint)) at time zone 'UTC' as timestamp)
        end
    )
                       as delivered_at
from "olist_dirty"."raw"."replacement_orders"
  );

[0m20:39:45.575171 [debug] [Thread-2 (]: SQL status: OK in 0.012 seconds
[0m20:39:45.575309 [debug] [Thread-3 (]: On model.olist_semantic.stg_sellers: BEGIN
[0m20:39:45.576133 [debug] [Thread-2 (]: Using duckdb connection "model.olist_semantic.stg_refunds"
[0m20:39:45.576250 [debug] [Thread-3 (]: Opening a new connection, currently in state closed
[0m20:39:45.576372 [debug] [Thread-4 (]: SQL status: OK in 0.001 seconds
[0m20:39:45.576474 [debug] [Thread-2 (]: On model.olist_semantic.stg_refunds: /* {"app": "dbt", "dbt_version": "1.12.5", "profile_name": "olist", "target_name": "dev", "node_id": "model.olist_semantic.stg_refunds"} */
alter view "olist_dirty"."staging"."stg_refunds" rename to "stg_refunds__dbt_backup"
[0m20:39:45.576578 [debug] [Thread-1 (]: Using duckdb connection "model.olist_semantic.dim_geography"
[0m20:39:45.577221 [debug] [Thread-4 (]: Using duckdb connection "model.olist_semantic.stg_replacement_orders"
[0m20:39:45.577327 [debug] [Thread-3 (]: SQL status: OK in 0.001 seconds
[0m20:39:45.577465 [debug] [Thread-1 (]: On model.olist_semantic.dim_geography: BEGIN
[0m20:39:45.577599 [debug] [Thread-4 (]: On model.olist_semantic.stg_replacement_orders: /* {"app": "dbt", "dbt_version": "1.12.5", "profile_name": "olist", "target_name": "dev", "node_id": "model.olist_semantic.stg_replacement_orders"} */
alter view "olist_dirty"."staging"."stg_replacement_orders" rename to "stg_replacement_orders__dbt_backup"
[0m20:39:45.577695 [debug] [Thread-2 (]: SQL status: OK in 0.000 seconds
[0m20:39:45.577798 [debug] [Thread-3 (]: Using duckdb connection "model.olist_semantic.stg_sellers"
[0m20:39:45.577891 [debug] [Thread-1 (]: Opening a new connection, currently in state closed
[0m20:39:45.579591 [debug] [Thread-2 (]: Using duckdb connection "model.olist_semantic.stg_refunds"
[0m20:39:45.579722 [debug] [Thread-3 (]: On model.olist_semantic.stg_sellers: /* {"app": "dbt", "dbt_version": "1.12.5", "profile_name": "olist", "target_name": "dev", "node_id": "model.olist_semantic.stg_sellers"} */

  
  create view "olist_dirty"."staging"."stg_sellers__dbt_tmp" as (
    select
    seller_id,
    seller_zip_code_prefix                   as zip_code_prefix,
    lower(trim(seller_city))               as seller_city,
    upper(trim(seller_state))                as seller_state
from "olist_dirty"."raw"."sellers"
  );

[0m20:39:45.579825 [debug] [Thread-4 (]: SQL status: OK in 0.002 seconds
[0m20:39:45.579971 [debug] [Thread-2 (]: On model.olist_semantic.stg_refunds: /* {"app": "dbt", "dbt_version": "1.12.5", "profile_name": "olist", "target_name": "dev", "node_id": "model.olist_semantic.stg_refunds"} */
alter view "olist_dirty"."staging"."stg_refunds__dbt_tmp" rename to "stg_refunds"
[0m20:39:45.580112 [debug] [Thread-1 (]: SQL status: OK in 0.002 seconds
[0m20:39:45.580686 [debug] [Thread-4 (]: Using duckdb connection "model.olist_semantic.stg_replacement_orders"
[0m20:39:45.580797 [debug] [Thread-3 (]: SQL status: OK in 0.001 seconds
[0m20:39:45.580925 [debug] [Thread-1 (]: Using duckdb connection "model.olist_semantic.dim_geography"
[0m20:39:45.581035 [debug] [Thread-4 (]: On model.olist_semantic.stg_replacement_orders: /* {"app": "dbt", "dbt_version": "1.12.5", "profile_name": "olist", "target_name": "dev", "node_id": "model.olist_semantic.stg_replacement_orders"} */
alter view "olist_dirty"."staging"."stg_replacement_orders__dbt_tmp" rename to "stg_replacement_orders"
[0m20:39:45.581145 [debug] [Thread-2 (]: SQL status: OK in 0.000 seconds
[0m20:39:45.581649 [debug] [Thread-3 (]: Using duckdb connection "model.olist_semantic.stg_sellers"
[0m20:39:45.581766 [debug] [Thread-1 (]: On model.olist_semantic.dim_geography: /* {"app": "dbt", "dbt_version": "1.12.5", "profile_name": "olist", "target_name": "dev", "node_id": "model.olist_semantic.dim_geography"} */

    

    create  table
      "olist_dirty"."marts"."dim_geography__dbt_tmp"
  
    
    as (
      -- Resolves the 152x fan-out: raw.geolocation holds 1,000,163 points across
-- only 19,015 zips (up to 1,146 rows for a single zip). Collapsed to exactly
-- one row per zip so a join can never multiply orders.
select
    zip_code_prefix,
    round(median(latitude), 6)   as latitude,
    round(median(longitude), 6)  as longitude,
    mode(city)                   as city,
    mode(state)                  as state,
    count(*)                     as source_point_count
from "olist_dirty"."staging"."stg_geolocation"
group by 1
    );
    
  
[0m20:39:45.582227 [debug] [Thread-2 (]: On model.olist_semantic.stg_refunds: COMMIT
[0m20:39:45.582343 [debug] [Thread-3 (]: On model.olist_semantic.stg_sellers: /* {"app": "dbt", "dbt_version": "1.12.5", "profile_name": "olist", "target_name": "dev", "node_id": "model.olist_semantic.stg_sellers"} */
alter view "olist_dirty"."staging"."stg_sellers__dbt_tmp" rename to "stg_sellers"
[0m20:39:45.582455 [debug] [Thread-4 (]: SQL status: OK in 0.001 seconds
[0m20:39:45.582595 [debug] [Thread-2 (]: Using duckdb connection "model.olist_semantic.stg_refunds"
[0m20:39:45.583094 [debug] [Thread-4 (]: On model.olist_semantic.stg_replacement_orders: COMMIT
[0m20:39:45.583206 [debug] [Thread-2 (]: On model.olist_semantic.stg_refunds: COMMIT
[0m20:39:45.583317 [debug] [Thread-3 (]: SQL status: OK in 0.001 seconds
[0m20:39:45.583425 [debug] [Thread-4 (]: Using duckdb connection "model.olist_semantic.stg_replacement_orders"
[0m20:39:45.583824 [debug] [Thread-3 (]: On model.olist_semantic.stg_sellers: COMMIT
[0m20:39:45.583936 [debug] [Thread-4 (]: On model.olist_semantic.stg_replacement_orders: COMMIT
[0m20:39:45.584037 [debug] [Thread-2 (]: SQL status: OK in 0.001 seconds
[0m20:39:45.584143 [debug] [Thread-3 (]: Using duckdb connection "model.olist_semantic.stg_sellers"
[0m20:39:45.584575 [debug] [Thread-2 (]: Using duckdb connection "model.olist_semantic.stg_refunds"
[0m20:39:45.584684 [debug] [Thread-3 (]: On model.olist_semantic.stg_sellers: COMMIT
[0m20:39:45.584788 [debug] [Thread-4 (]: SQL status: OK in 0.001 seconds
[0m20:39:45.584888 [debug] [Thread-2 (]: On model.olist_semantic.stg_refunds: /* {"app": "dbt", "dbt_version": "1.12.5", "profile_name": "olist", "target_name": "dev", "node_id": "model.olist_semantic.stg_refunds"} */

      drop view if exists "olist_dirty"."staging"."stg_refunds__dbt_backup" cascade
    
[0m20:39:45.585340 [debug] [Thread-4 (]: Using duckdb connection "model.olist_semantic.stg_replacement_orders"
[0m20:39:45.585488 [debug] [Thread-3 (]: SQL status: OK in 0.000 seconds
[0m20:39:45.585596 [debug] [Thread-4 (]: On model.olist_semantic.stg_replacement_orders: /* {"app": "dbt", "dbt_version": "1.12.5", "profile_name": "olist", "target_name": "dev", "node_id": "model.olist_semantic.stg_replacement_orders"} */

      drop view if exists "olist_dirty"."staging"."stg_replacement_orders__dbt_backup" cascade
    
[0m20:39:45.585996 [debug] [Thread-3 (]: Using duckdb connection "model.olist_semantic.stg_sellers"
[0m20:39:45.586114 [debug] [Thread-2 (]: SQL status: OK in 0.001 seconds
[0m20:39:45.586259 [debug] [Thread-3 (]: On model.olist_semantic.stg_sellers: /* {"app": "dbt", "dbt_version": "1.12.5", "profile_name": "olist", "target_name": "dev", "node_id": "model.olist_semantic.stg_sellers"} */

      drop view if exists "olist_dirty"."staging"."stg_sellers__dbt_backup" cascade
    
[0m20:39:45.586706 [debug] [Thread-2 (]: On model.olist_semantic.stg_refunds: Close
[0m20:39:45.586813 [debug] [Thread-4 (]: SQL status: OK in 0.001 seconds
[0m20:39:45.587032 [debug] [Thread-2 (]: Sending event: {'category': 'dbt', 'action': 'run_model', 'label': '1eab43cc-e74c-4399-bb95-8b0c186c88d3', 'context': [<snowplow_tracker.self_describing_json.SelfDescribingJson object at 0x10a9f9e50>]}
[0m20:39:45.587433 [debug] [Thread-4 (]: On model.olist_semantic.stg_replacement_orders: Close
[0m20:39:45.587600 [debug] [Thread-3 (]: SQL status: OK in 0.001 seconds
[0m20:39:45.587974 [info ] [Thread-2 (]: 13 of 27 OK created sql view model staging.stg_refunds ......................... [[32mOK[0m in 0.03s]
[0m20:39:45.588155 [debug] [Thread-4 (]: Sending event: {'category': 'dbt', 'action': 'run_model', 'label': '1eab43cc-e74c-4399-bb95-8b0c186c88d3', 'context': [<snowplow_tracker.self_describing_json.SelfDescribingJson object at 0x10aa4cd10>]}
[0m20:39:45.588794 [debug] [Thread-3 (]: On model.olist_semantic.stg_sellers: Close
[0m20:39:45.588974 [debug] [Thread-2 (]: Finished running node model.olist_semantic.stg_refunds
[0m20:39:45.589182 [info ] [Thread-4 (]: 14 of 27 OK created sql view model staging.stg_replacement_orders .............. [[32mOK[0m in 0.03s]
[0m20:39:45.589360 [debug] [Thread-3 (]: Sending event: {'category': 'dbt', 'action': 'run_model', 'label': '1eab43cc-e74c-4399-bb95-8b0c186c88d3', 'context': [<snowplow_tracker.self_describing_json.SelfDescribingJson object at 0x10aa4fef0>]}
[0m20:39:45.589500 [debug] [Thread-2 (]: Began running node model.olist_semantic.fct_order_items
[0m20:39:45.589725 [debug] [Thread-4 (]: Finished running node model.olist_semantic.stg_replacement_orders
[0m20:39:45.589937 [info ] [Thread-3 (]: 15 of 27 OK created sql view model staging.stg_sellers ......................... [[32mOK[0m in 0.03s]
[0m20:39:45.590222 [info ] [Thread-2 (]: 17 of 27 START sql table model marts.fct_order_items ........................... [RUN]
[0m20:39:45.590365 [debug] [Thread-4 (]: Began running node model.olist_semantic.fct_coupon_redemptions
[0m20:39:45.590542 [debug] [Thread-3 (]: Finished running node model.olist_semantic.stg_sellers
[0m20:39:45.590702 [debug] [Thread-2 (]: Re-using an available connection from the pool (formerly model.olist_semantic.stg_refunds, now model.olist_semantic.fct_order_items)
[0m20:39:45.590852 [info ] [Thread-4 (]: 18 of 27 START sql table model marts.fct_coupon_redemptions .................... [RUN]
[0m20:39:45.590998 [debug] [Thread-3 (]: Began running node model.olist_semantic.fct_payments
[0m20:39:45.591122 [debug] [Thread-2 (]: Began compiling node model.olist_semantic.fct_order_items
[0m20:39:45.591290 [debug] [Thread-4 (]: Re-using an available connection from the pool (formerly model.olist_semantic.stg_replacement_orders, now model.olist_semantic.fct_coupon_redemptions)
[0m20:39:45.592287 [debug] [Thread-2 (]: Writing injected SQL for node "model.olist_semantic.fct_order_items"
[0m20:39:45.591432 [info ] [Thread-3 (]: 19 of 27 START sql table model marts.fct_payments .............................. [RUN]
[0m20:39:45.592439 [debug] [Thread-4 (]: Began compiling node model.olist_semantic.fct_coupon_redemptions
[0m20:39:45.592597 [debug] [Thread-3 (]: Re-using an available connection from the pool (formerly model.olist_semantic.stg_sellers, now model.olist_semantic.fct_payments)
[0m20:39:45.593579 [debug] [Thread-4 (]: Writing injected SQL for node "model.olist_semantic.fct_coupon_redemptions"
[0m20:39:45.593707 [debug] [Thread-3 (]: Began compiling node model.olist_semantic.fct_payments
[0m20:39:45.594376 [debug] [Thread-3 (]: Writing injected SQL for node "model.olist_semantic.fct_payments"
[0m20:39:45.594503 [debug] [Thread-2 (]: Began executing node model.olist_semantic.fct_order_items
[0m20:39:45.595551 [debug] [Thread-2 (]: Writing runtime sql for node "model.olist_semantic.fct_order_items"
[0m20:39:45.595726 [debug] [Thread-4 (]: Began executing node model.olist_semantic.fct_coupon_redemptions
[0m20:39:45.596864 [debug] [Thread-4 (]: Writing runtime sql for node "model.olist_semantic.fct_coupon_redemptions"
[0m20:39:45.597068 [debug] [Thread-3 (]: Began executing node model.olist_semantic.fct_payments
[0m20:39:45.599235 [debug] [Thread-3 (]: Writing runtime sql for node "model.olist_semantic.fct_payments"
[0m20:39:45.599872 [debug] [Thread-2 (]: Using duckdb connection "model.olist_semantic.fct_order_items"
[0m20:39:45.600195 [debug] [Thread-2 (]: On model.olist_semantic.fct_order_items: BEGIN
[0m20:39:45.600508 [debug] [Thread-2 (]: Opening a new connection, currently in state closed
[0m20:39:45.601116 [debug] [Thread-4 (]: Using duckdb connection "model.olist_semantic.fct_coupon_redemptions"
[0m20:39:45.601538 [debug] [Thread-4 (]: On model.olist_semantic.fct_coupon_redemptions: BEGIN
[0m20:39:45.601778 [debug] [Thread-4 (]: Opening a new connection, currently in state closed
[0m20:39:45.602131 [debug] [Thread-4 (]: SQL status: OK in 0.000 seconds
[0m20:39:45.602394 [debug] [Thread-4 (]: Using duckdb connection "model.olist_semantic.fct_coupon_redemptions"
[0m20:39:45.602909 [debug] [Thread-4 (]: On model.olist_semantic.fct_coupon_redemptions: /* {"app": "dbt", "dbt_version": "1.12.5", "profile_name": "olist", "target_name": "dev", "node_id": "model.olist_semantic.fct_coupon_redemptions"} */

    

    create  table
      "olist_dirty"."marts"."fct_coupon_redemptions__dbt_tmp"
  
    
    as (
      -- Deduped upstream. Orphan coupon codes (243 LEGACY* rows absent from the
-- coupon master) are RETAINED via LEFT JOIN and flagged, so discount totals
-- stay correct instead of silently shrinking.
select
    red.redemption_id,
    red.order_id,
    red.customer_id,
    red.coupon_code,
    red.discount_amount,
    red.discount_applies_to,
    red.redeemed_at,
    red.channel,
    cp.campaign_name,
    cp.coupon_type,
    cp.discount_pct,
    cp.discount_fixed_brl,
    cp.coupon_code is null              as is_orphan_coupon
from "olist_dirty"."staging"."stg_order_coupons" red
left join "olist_dirty"."staging"."stg_coupons" cp on cp.coupon_code = red.coupon_code
    );
    
  
[0m20:39:45.603464 [debug] [Thread-2 (]: SQL status: OK in 0.003 seconds
[0m20:39:45.603720 [debug] [Thread-2 (]: Using duckdb connection "model.olist_semantic.fct_order_items"
[0m20:39:45.603856 [debug] [Thread-2 (]: On model.olist_semantic.fct_order_items: /* {"app": "dbt", "dbt_version": "1.12.5", "profile_name": "olist", "target_name": "dev", "node_id": "model.olist_semantic.fct_order_items"} */

    

    create  table
      "olist_dirty"."marts"."fct_order_items__dbt_tmp"
  
    
    as (
      select
    i.order_id,
    i.order_item_id,
    i.product_id,
    i.seller_id,
    i.shipping_limit_at,
    i.item_price,
    i.freight_value,
    i.item_price + i.freight_value  as gross_item_value
from "olist_dirty"."staging"."stg_order_items" i
    );
    
  
[0m20:39:45.604247 [debug] [Thread-3 (]: Using duckdb connection "model.olist_semantic.fct_payments"
[0m20:39:45.604744 [debug] [Thread-3 (]: On model.olist_semantic.fct_payments: BEGIN
[0m20:39:45.604984 [debug] [Thread-3 (]: Opening a new connection, currently in state closed
[0m20:39:45.605449 [debug] [Thread-3 (]: SQL status: OK in 0.000 seconds
[0m20:39:45.605696 [debug] [Thread-3 (]: Using duckdb connection "model.olist_semantic.fct_payments"
[0m20:39:45.606026 [debug] [Thread-3 (]: On model.olist_semantic.fct_payments: /* {"app": "dbt", "dbt_version": "1.12.5", "profile_name": "olist", "target_name": "dev", "node_id": "model.olist_semantic.fct_payments"} */

    

    create  table
      "olist_dirty"."marts"."fct_payments__dbt_tmp"
  
    
    as (
      -- Pre-aggregated to ONE row per order. raw.order_payments has 2,843 orders
-- with multiple instalment rows; joining it at row grain double-counts revenue.
select
    order_id,
    sum(payment_value)                        as amount_paid,
    count(*)                                  as payment_row_count,
    max(payment_installments)                 as max_installments,
    arg_max(payment_type, payment_value)      as primary_payment_type,
    count(distinct payment_type)              as payment_type_count
from "olist_dirty"."staging"."stg_order_payments"
group by 1
    );
    
  
[0m20:39:45.632212 [debug] [Thread-1 (]: SQL status: OK in 0.050 seconds
[0m20:39:45.633304 [debug] [Thread-1 (]: Using duckdb connection "model.olist_semantic.dim_geography"
[0m20:39:45.633456 [debug] [Thread-1 (]: On model.olist_semantic.dim_geography: /* {"app": "dbt", "dbt_version": "1.12.5", "profile_name": "olist", "target_name": "dev", "node_id": "model.olist_semantic.dim_geography"} */
alter table "olist_dirty"."marts"."dim_geography__dbt_tmp" rename to "dim_geography"
[0m20:39:45.634236 [debug] [Thread-1 (]: SQL status: OK in 0.001 seconds
[0m20:39:45.637642 [debug] [Thread-1 (]: On model.olist_semantic.dim_geography: COMMIT
[0m20:39:45.638152 [debug] [Thread-1 (]: Using duckdb connection "model.olist_semantic.dim_geography"
[0m20:39:45.638361 [debug] [Thread-1 (]: On model.olist_semantic.dim_geography: COMMIT
[0m20:39:45.640330 [debug] [Thread-1 (]: SQL status: OK in 0.002 seconds
[0m20:39:45.641031 [debug] [Thread-1 (]: Using duckdb connection "model.olist_semantic.dim_geography"
[0m20:39:45.641206 [debug] [Thread-1 (]: On model.olist_semantic.dim_geography: /* {"app": "dbt", "dbt_version": "1.12.5", "profile_name": "olist", "target_name": "dev", "node_id": "model.olist_semantic.dim_geography"} */

      drop table if exists "olist_dirty"."marts"."dim_geography__dbt_backup" cascade
    
[0m20:39:45.641539 [debug] [Thread-1 (]: SQL status: OK in 0.000 seconds
[0m20:39:45.642181 [debug] [Thread-1 (]: On model.olist_semantic.dim_geography: Close
[0m20:39:45.642467 [debug] [Thread-1 (]: Sending event: {'category': 'dbt', 'action': 'run_model', 'label': '1eab43cc-e74c-4399-bb95-8b0c186c88d3', 'context': [<snowplow_tracker.self_describing_json.SelfDescribingJson object at 0x10a9f8cb0>]}
[0m20:39:45.642736 [info ] [Thread-1 (]: 16 of 27 OK created sql table model marts.dim_geography ........................ [[32mOK[0m in 0.08s]
[0m20:39:45.643342 [debug] [Thread-1 (]: Finished running node model.olist_semantic.dim_geography
[0m20:39:45.643812 [debug] [Thread-1 (]: Began running node model.olist_semantic.fct_returns
[0m20:39:45.644435 [info ] [Thread-1 (]: 20 of 27 START sql table model marts.fct_returns ............................... [RUN]
[0m20:39:45.644955 [debug] [Thread-1 (]: Re-using an available connection from the pool (formerly model.olist_semantic.dim_geography, now model.olist_semantic.fct_returns)
[0m20:39:45.649630 [debug] [Thread-4 (]: SQL status: OK in 0.046 seconds
[0m20:39:45.650823 [debug] [Thread-1 (]: Began compiling node model.olist_semantic.fct_returns
[0m20:39:45.653062 [debug] [Thread-4 (]: Using duckdb connection "model.olist_semantic.fct_coupon_redemptions"
[0m20:39:45.653828 [debug] [Thread-1 (]: Writing injected SQL for node "model.olist_semantic.fct_returns"
[0m20:39:45.653969 [debug] [Thread-4 (]: On model.olist_semantic.fct_coupon_redemptions: /* {"app": "dbt", "dbt_version": "1.12.5", "profile_name": "olist", "target_name": "dev", "node_id": "model.olist_semantic.fct_coupon_redemptions"} */

    SELECT index_name
    FROM duckdb_indexes()
    WHERE database_name = 'olist_dirty'
      AND schema_name = 'marts'
      AND table_name = 'fct_coupon_redemptions'
  
[0m20:39:45.654361 [debug] [Thread-1 (]: Began executing node model.olist_semantic.fct_returns
[0m20:39:45.655298 [debug] [Thread-1 (]: Writing runtime sql for node "model.olist_semantic.fct_returns"
[0m20:39:45.655451 [debug] [Thread-4 (]: SQL status: OK in 0.001 seconds
[0m20:39:45.656565 [debug] [Thread-4 (]: Using duckdb connection "model.olist_semantic.fct_coupon_redemptions"
[0m20:39:45.656689 [debug] [Thread-4 (]: On model.olist_semantic.fct_coupon_redemptions: /* {"app": "dbt", "dbt_version": "1.12.5", "profile_name": "olist", "target_name": "dev", "node_id": "model.olist_semantic.fct_coupon_redemptions"} */
alter table "olist_dirty"."marts"."fct_coupon_redemptions" rename to "fct_coupon_redemptions__dbt_backup"
[0m20:39:45.656805 [debug] [Thread-3 (]: SQL status: OK in 0.050 seconds
[0m20:39:45.657206 [debug] [Thread-3 (]: Using duckdb connection "model.olist_semantic.fct_payments"
[0m20:39:45.657324 [debug] [Thread-3 (]: On model.olist_semantic.fct_payments: /* {"app": "dbt", "dbt_version": "1.12.5", "profile_name": "olist", "target_name": "dev", "node_id": "model.olist_semantic.fct_payments"} */

    SELECT index_name
    FROM duckdb_indexes()
    WHERE database_name = 'olist_dirty'
      AND schema_name = 'marts'
      AND table_name = 'fct_payments'
  
[0m20:39:45.657452 [debug] [Thread-1 (]: Using duckdb connection "model.olist_semantic.fct_returns"
[0m20:39:45.657605 [debug] [Thread-4 (]: SQL status: OK in 0.001 seconds
[0m20:39:45.657722 [debug] [Thread-1 (]: On model.olist_semantic.fct_returns: BEGIN
[0m20:39:45.657833 [debug] [Thread-3 (]: SQL status: OK in 0.000 seconds
[0m20:39:45.658471 [debug] [Thread-4 (]: Using duckdb connection "model.olist_semantic.fct_coupon_redemptions"
[0m20:39:45.658590 [debug] [Thread-1 (]: Opening a new connection, currently in state closed
[0m20:39:45.658730 [debug] [Thread-4 (]: On model.olist_semantic.fct_coupon_redemptions: /* {"app": "dbt", "dbt_version": "1.12.5", "profile_name": "olist", "target_name": "dev", "node_id": "model.olist_semantic.fct_coupon_redemptions"} */
alter table "olist_dirty"."marts"."fct_coupon_redemptions__dbt_tmp" rename to "fct_coupon_redemptions"
[0m20:39:45.659424 [debug] [Thread-3 (]: Using duckdb connection "model.olist_semantic.fct_payments"
[0m20:39:45.659637 [debug] [Thread-1 (]: SQL status: OK in 0.001 seconds
[0m20:39:45.659759 [debug] [Thread-3 (]: On model.olist_semantic.fct_payments: /* {"app": "dbt", "dbt_version": "1.12.5", "profile_name": "olist", "target_name": "dev", "node_id": "model.olist_semantic.fct_payments"} */
alter table "olist_dirty"."marts"."fct_payments" rename to "fct_payments__dbt_backup"
[0m20:39:45.659878 [debug] [Thread-4 (]: SQL status: OK in 0.000 seconds
[0m20:39:45.659982 [debug] [Thread-1 (]: Using duckdb connection "model.olist_semantic.fct_returns"
[0m20:39:45.660481 [debug] [Thread-4 (]: On model.olist_semantic.fct_coupon_redemptions: COMMIT
[0m20:39:45.660604 [debug] [Thread-1 (]: On model.olist_semantic.fct_returns: /* {"app": "dbt", "dbt_version": "1.12.5", "profile_name": "olist", "target_name": "dev", "node_id": "model.olist_semantic.fct_returns"} */

    

    create  table
      "olist_dirty"."marts"."fct_returns__dbt_tmp"
  
    
    as (
      select
    return_id,
    order_id,
    order_item_id,
    product_id,
    seller_id,
    customer_id,
    return_reason,
    return_status,
    resolution,
    quantity_returned,
    item_price_at_purchase,
    freight_at_purchase,
    requested_at,
    received_at,
    resolved_at,
    resolution_days,
    has_timestamp_inconsistency
from "olist_dirty"."staging"."stg_order_returns"
    );
    
  
[0m20:39:45.660721 [debug] [Thread-3 (]: SQL status: OK in 0.001 seconds
[0m20:39:45.660831 [debug] [Thread-4 (]: Using duckdb connection "model.olist_semantic.fct_coupon_redemptions"
[0m20:39:45.661470 [debug] [Thread-3 (]: Using duckdb connection "model.olist_semantic.fct_payments"
[0m20:39:45.661582 [debug] [Thread-4 (]: On model.olist_semantic.fct_coupon_redemptions: COMMIT
[0m20:39:45.661697 [debug] [Thread-3 (]: On model.olist_semantic.fct_payments: /* {"app": "dbt", "dbt_version": "1.12.5", "profile_name": "olist", "target_name": "dev", "node_id": "model.olist_semantic.fct_payments"} */
alter table "olist_dirty"."marts"."fct_payments__dbt_tmp" rename to "fct_payments"
[0m20:39:45.662046 [debug] [Thread-3 (]: SQL status: OK in 0.000 seconds
[0m20:39:45.662508 [debug] [Thread-3 (]: On model.olist_semantic.fct_payments: COMMIT
[0m20:39:45.662621 [debug] [Thread-3 (]: Using duckdb connection "model.olist_semantic.fct_payments"
[0m20:39:45.662721 [debug] [Thread-3 (]: On model.olist_semantic.fct_payments: COMMIT
[0m20:39:45.665055 [debug] [Thread-4 (]: SQL status: OK in 0.003 seconds
[0m20:39:45.665615 [debug] [Thread-4 (]: Using duckdb connection "model.olist_semantic.fct_coupon_redemptions"
[0m20:39:45.665735 [debug] [Thread-4 (]: On model.olist_semantic.fct_coupon_redemptions: /* {"app": "dbt", "dbt_version": "1.12.5", "profile_name": "olist", "target_name": "dev", "node_id": "model.olist_semantic.fct_coupon_redemptions"} */

      drop table if exists "olist_dirty"."marts"."fct_coupon_redemptions__dbt_backup" cascade
    
[0m20:39:45.670781 [debug] [Thread-3 (]: SQL status: OK in 0.008 seconds
[0m20:39:45.670924 [debug] [Thread-4 (]: SQL status: OK in 0.005 seconds
[0m20:39:45.671505 [debug] [Thread-3 (]: Using duckdb connection "model.olist_semantic.fct_payments"
[0m20:39:45.671989 [debug] [Thread-4 (]: On model.olist_semantic.fct_coupon_redemptions: Close
[0m20:39:45.672115 [debug] [Thread-3 (]: On model.olist_semantic.fct_payments: /* {"app": "dbt", "dbt_version": "1.12.5", "profile_name": "olist", "target_name": "dev", "node_id": "model.olist_semantic.fct_payments"} */

      drop table if exists "olist_dirty"."marts"."fct_payments__dbt_backup" cascade
    
[0m20:39:45.672460 [debug] [Thread-4 (]: Sending event: {'category': 'dbt', 'action': 'run_model', 'label': '1eab43cc-e74c-4399-bb95-8b0c186c88d3', 'context': [<snowplow_tracker.self_describing_json.SelfDescribingJson object at 0x10aa4f170>]}
[0m20:39:45.672690 [info ] [Thread-4 (]: 18 of 27 OK created sql table model marts.fct_coupon_redemptions ............... [[32mOK[0m in 0.08s]
[0m20:39:45.672879 [debug] [Thread-4 (]: Finished running node model.olist_semantic.fct_coupon_redemptions
[0m20:39:45.672995 [debug] [Thread-3 (]: SQL status: OK in 0.001 seconds
[0m20:39:45.673145 [debug] [Thread-4 (]: Began running node model.olist_semantic.fct_order_reviews
[0m20:39:45.673568 [debug] [Thread-3 (]: On model.olist_semantic.fct_payments: Close
[0m20:39:45.673728 [info ] [Thread-4 (]: 21 of 27 START sql table model marts.fct_order_reviews ......................... [RUN]
[0m20:39:45.673851 [debug] [Thread-1 (]: SQL status: OK in 0.013 seconds
[0m20:39:45.674023 [debug] [Thread-3 (]: Sending event: {'category': 'dbt', 'action': 'run_model', 'label': '1eab43cc-e74c-4399-bb95-8b0c186c88d3', 'context': [<snowplow_tracker.self_describing_json.SelfDescribingJson object at 0x10aa4d490>]}
[0m20:39:45.674167 [debug] [Thread-4 (]: Re-using an available connection from the pool (formerly model.olist_semantic.fct_coupon_redemptions, now model.olist_semantic.fct_order_reviews)
[0m20:39:45.674503 [debug] [Thread-1 (]: Using duckdb connection "model.olist_semantic.fct_returns"
[0m20:39:45.674678 [info ] [Thread-3 (]: 19 of 27 OK created sql table model marts.fct_payments ......................... [[32mOK[0m in 0.08s]
[0m20:39:45.674806 [debug] [Thread-4 (]: Began compiling node model.olist_semantic.fct_order_reviews
[0m20:39:45.674922 [debug] [Thread-1 (]: On model.olist_semantic.fct_returns: /* {"app": "dbt", "dbt_version": "1.12.5", "profile_name": "olist", "target_name": "dev", "node_id": "model.olist_semantic.fct_returns"} */

    SELECT index_name
    FROM duckdb_indexes()
    WHERE database_name = 'olist_dirty'
      AND schema_name = 'marts'
      AND table_name = 'fct_returns'
  
[0m20:39:45.675080 [debug] [Thread-3 (]: Finished running node model.olist_semantic.fct_payments
[0m20:39:45.676057 [debug] [Thread-4 (]: Writing injected SQL for node "model.olist_semantic.fct_order_reviews"
[0m20:39:45.676239 [debug] [Thread-3 (]: Began running node model.olist_semantic.dim_customers
[0m20:39:45.676418 [debug] [Thread-1 (]: SQL status: OK in 0.000 seconds
[0m20:39:45.676558 [info ] [Thread-3 (]: 22 of 27 START sql table model marts.dim_customers ............................. [RUN]
[0m20:39:45.677341 [debug] [Thread-1 (]: Using duckdb connection "model.olist_semantic.fct_returns"
[0m20:39:45.677465 [debug] [Thread-3 (]: Re-using an available connection from the pool (formerly model.olist_semantic.fct_payments, now model.olist_semantic.dim_customers)
[0m20:39:45.677578 [debug] [Thread-4 (]: Began executing node model.olist_semantic.fct_order_reviews
[0m20:39:45.677685 [debug] [Thread-1 (]: On model.olist_semantic.fct_returns: /* {"app": "dbt", "dbt_version": "1.12.5", "profile_name": "olist", "target_name": "dev", "node_id": "model.olist_semantic.fct_returns"} */
alter table "olist_dirty"."marts"."fct_returns" rename to "fct_returns__dbt_backup"
[0m20:39:45.677804 [debug] [Thread-3 (]: Began compiling node model.olist_semantic.dim_customers
[0m20:39:45.678609 [debug] [Thread-4 (]: Writing runtime sql for node "model.olist_semantic.fct_order_reviews"
[0m20:39:45.679323 [debug] [Thread-3 (]: Writing injected SQL for node "model.olist_semantic.dim_customers"
[0m20:39:45.679462 [debug] [Thread-1 (]: SQL status: OK in 0.001 seconds
[0m20:39:45.680074 [debug] [Thread-1 (]: Using duckdb connection "model.olist_semantic.fct_returns"
[0m20:39:45.680187 [debug] [Thread-1 (]: On model.olist_semantic.fct_returns: /* {"app": "dbt", "dbt_version": "1.12.5", "profile_name": "olist", "target_name": "dev", "node_id": "model.olist_semantic.fct_returns"} */
alter table "olist_dirty"."marts"."fct_returns__dbt_tmp" rename to "fct_returns"
[0m20:39:45.680369 [debug] [Thread-4 (]: Using duckdb connection "model.olist_semantic.fct_order_reviews"
[0m20:39:45.680477 [debug] [Thread-4 (]: On model.olist_semantic.fct_order_reviews: BEGIN
[0m20:39:45.680575 [debug] [Thread-1 (]: SQL status: OK in 0.000 seconds
[0m20:39:45.680681 [debug] [Thread-3 (]: Began executing node model.olist_semantic.dim_customers
[0m20:39:45.680787 [debug] [Thread-4 (]: Opening a new connection, currently in state closed
[0m20:39:45.681243 [debug] [Thread-1 (]: On model.olist_semantic.fct_returns: COMMIT
[0m20:39:45.682215 [debug] [Thread-3 (]: Writing runtime sql for node "model.olist_semantic.dim_customers"
[0m20:39:45.682382 [debug] [Thread-1 (]: Using duckdb connection "model.olist_semantic.fct_returns"
[0m20:39:45.682496 [debug] [Thread-4 (]: SQL status: OK in 0.002 seconds
[0m20:39:45.682622 [debug] [Thread-1 (]: On model.olist_semantic.fct_returns: COMMIT
[0m20:39:45.682729 [debug] [Thread-4 (]: Using duckdb connection "model.olist_semantic.fct_order_reviews"
[0m20:39:45.682877 [debug] [Thread-4 (]: On model.olist_semantic.fct_order_reviews: /* {"app": "dbt", "dbt_version": "1.12.5", "profile_name": "olist", "target_name": "dev", "node_id": "model.olist_semantic.fct_order_reviews"} */

    

    create  table
      "olist_dirty"."marts"."fct_order_reviews__dbt_tmp"
  
    
    as (
      -- One row per order. raw.order_reviews can carry several reviews per order
-- and repeated review_ids, so aggregating here prevents a join fan-out.
select
    order_id,
    count(*)                    as review_count,
    min(review_score)           as review_score,
    round(avg(review_score), 2) as avg_review_score,
    max(review_created_at)      as last_review_at
from "olist_dirty"."staging"."stg_order_reviews"
group by 1
    );
    
  
[0m20:39:45.683081 [debug] [Thread-3 (]: Using duckdb connection "model.olist_semantic.dim_customers"
[0m20:39:45.683219 [debug] [Thread-3 (]: On model.olist_semantic.dim_customers: BEGIN
[0m20:39:45.683325 [debug] [Thread-3 (]: Opening a new connection, currently in state closed
[0m20:39:45.683598 [debug] [Thread-3 (]: SQL status: OK in 0.000 seconds
[0m20:39:45.683700 [debug] [Thread-3 (]: Using duckdb connection "model.olist_semantic.dim_customers"
[0m20:39:45.683817 [debug] [Thread-3 (]: On model.olist_semantic.dim_customers: /* {"app": "dbt", "dbt_version": "1.12.5", "profile_name": "olist", "target_name": "dev", "node_id": "model.olist_semantic.dim_customers"} */

    

    create  table
      "olist_dirty"."marts"."dim_customers__dbt_tmp"
  
    
    as (
      -- Grain is customer_unique_id (the PERSON), not customer_id (which Olist
-- issues fresh per order). 99,441 order-scoped keys collapse to 96,096 people.
with c as (select * from "olist_dirty"."staging"."stg_customers"),
     o as (select * from "olist_dirty"."staging"."stg_orders")

select
    c.customer_unique_id,
    count(distinct o.order_id)                          as lifetime_order_count,
    min(o.purchased_at)                                 as first_purchase_at,
    max(o.purchased_at)                                 as last_purchase_at,
    arg_max(c.customer_state,   o.purchased_at)         as customer_state,
    arg_max(c.customer_city,    o.purchased_at)         as customer_city,
    arg_max(c.zip_code_prefix,  o.purchased_at)         as zip_code_prefix,
    count(distinct o.order_id) > 1                      as is_repeat_customer
from c
join o on o.customer_id = c.customer_id
group by 1
    );
    
  
[0m20:39:45.684002 [debug] [Thread-1 (]: SQL status: OK in 0.001 seconds
[0m20:39:45.684454 [debug] [Thread-1 (]: Using duckdb connection "model.olist_semantic.fct_returns"
[0m20:39:45.684568 [debug] [Thread-1 (]: On model.olist_semantic.fct_returns: /* {"app": "dbt", "dbt_version": "1.12.5", "profile_name": "olist", "target_name": "dev", "node_id": "model.olist_semantic.fct_returns"} */

      drop table if exists "olist_dirty"."marts"."fct_returns__dbt_backup" cascade
    
[0m20:39:45.684830 [debug] [Thread-1 (]: SQL status: OK in 0.000 seconds
[0m20:39:45.685253 [debug] [Thread-1 (]: On model.olist_semantic.fct_returns: Close
[0m20:39:45.685440 [debug] [Thread-1 (]: Sending event: {'category': 'dbt', 'action': 'run_model', 'label': '1eab43cc-e74c-4399-bb95-8b0c186c88d3', 'context': [<snowplow_tracker.self_describing_json.SelfDescribingJson object at 0x10a9f9a90>]}
[0m20:39:45.685651 [info ] [Thread-1 (]: 20 of 27 OK created sql table model marts.fct_returns .......................... [[32mOK[0m in 0.04s]
[0m20:39:45.685828 [debug] [Thread-1 (]: Finished running node model.olist_semantic.fct_returns
[0m20:39:45.685952 [debug] [Thread-1 (]: Began running node model.olist_semantic.dim_products
[0m20:39:45.686137 [info ] [Thread-1 (]: 23 of 27 START sql table model marts.dim_products .............................. [RUN]
[0m20:39:45.686282 [debug] [Thread-1 (]: Re-using an available connection from the pool (formerly model.olist_semantic.fct_returns, now model.olist_semantic.dim_products)
[0m20:39:45.686419 [debug] [Thread-1 (]: Began compiling node model.olist_semantic.dim_products
[0m20:39:45.687199 [debug] [Thread-1 (]: Writing injected SQL for node "model.olist_semantic.dim_products"
[0m20:39:45.687612 [debug] [Thread-1 (]: Began executing node model.olist_semantic.dim_products
[0m20:39:45.688502 [debug] [Thread-1 (]: Writing runtime sql for node "model.olist_semantic.dim_products"
[0m20:39:45.688801 [debug] [Thread-1 (]: Using duckdb connection "model.olist_semantic.dim_products"
[0m20:39:45.688917 [debug] [Thread-1 (]: On model.olist_semantic.dim_products: BEGIN
[0m20:39:45.689021 [debug] [Thread-1 (]: Opening a new connection, currently in state closed
[0m20:39:45.689284 [debug] [Thread-1 (]: SQL status: OK in 0.000 seconds
[0m20:39:45.689391 [debug] [Thread-1 (]: Using duckdb connection "model.olist_semantic.dim_products"
[0m20:39:45.689507 [debug] [Thread-1 (]: On model.olist_semantic.dim_products: /* {"app": "dbt", "dbt_version": "1.12.5", "profile_name": "olist", "target_name": "dev", "node_id": "model.olist_semantic.dim_products"} */

    

    create  table
      "olist_dirty"."marts"."dim_products__dbt_tmp"
  
    
    as (
      select
    p.product_id,
    coalesce(t.product_category_name_english, p.product_category_name, 'unknown')
                                     as category,
    p.product_category_name          as category_pt,
    p.weight_g,
    p.length_cm,
    p.height_cm,
    p.width_cm,
    p.photos_qty
from "olist_dirty"."staging"."stg_products" p
left join "olist_dirty"."staging"."stg_product_category_translation" t
       on t.product_category_name = p.product_category_name
    );
    
  
[0m20:39:45.697427 [debug] [Thread-2 (]: SQL status: OK in 0.093 seconds
[0m20:39:45.697993 [debug] [Thread-2 (]: Using duckdb connection "model.olist_semantic.fct_order_items"
[0m20:39:45.698369 [debug] [Thread-2 (]: On model.olist_semantic.fct_order_items: /* {"app": "dbt", "dbt_version": "1.12.5", "profile_name": "olist", "target_name": "dev", "node_id": "model.olist_semantic.fct_order_items"} */

    SELECT index_name
    FROM duckdb_indexes()
    WHERE database_name = 'olist_dirty'
      AND schema_name = 'marts'
      AND table_name = 'fct_order_items'
  
[0m20:39:45.698974 [debug] [Thread-2 (]: SQL status: OK in 0.000 seconds
[0m20:39:45.699981 [debug] [Thread-2 (]: Using duckdb connection "model.olist_semantic.fct_order_items"
[0m20:39:45.700110 [debug] [Thread-2 (]: On model.olist_semantic.fct_order_items: /* {"app": "dbt", "dbt_version": "1.12.5", "profile_name": "olist", "target_name": "dev", "node_id": "model.olist_semantic.fct_order_items"} */
alter table "olist_dirty"."marts"."fct_order_items" rename to "fct_order_items__dbt_backup"
[0m20:39:45.700242 [debug] [Thread-4 (]: SQL status: OK in 0.017 seconds
[0m20:39:45.700730 [debug] [Thread-4 (]: Using duckdb connection "model.olist_semantic.fct_order_reviews"
[0m20:39:45.700851 [debug] [Thread-4 (]: On model.olist_semantic.fct_order_reviews: /* {"app": "dbt", "dbt_version": "1.12.5", "profile_name": "olist", "target_name": "dev", "node_id": "model.olist_semantic.fct_order_reviews"} */

    SELECT index_name
    FROM duckdb_indexes()
    WHERE database_name = 'olist_dirty'
      AND schema_name = 'marts'
      AND table_name = 'fct_order_reviews'
  
[0m20:39:45.700965 [debug] [Thread-2 (]: SQL status: OK in 0.001 seconds
[0m20:39:45.701765 [debug] [Thread-2 (]: Using duckdb connection "model.olist_semantic.fct_order_items"
[0m20:39:45.701880 [debug] [Thread-2 (]: On model.olist_semantic.fct_order_items: /* {"app": "dbt", "dbt_version": "1.12.5", "profile_name": "olist", "target_name": "dev", "node_id": "model.olist_semantic.fct_order_items"} */
alter table "olist_dirty"."marts"."fct_order_items__dbt_tmp" rename to "fct_order_items"
[0m20:39:45.702042 [debug] [Thread-4 (]: SQL status: OK in 0.001 seconds
[0m20:39:45.702408 [debug] [Thread-2 (]: SQL status: OK in 0.000 seconds
[0m20:39:45.703568 [debug] [Thread-4 (]: Using duckdb connection "model.olist_semantic.fct_order_reviews"
[0m20:39:45.704073 [debug] [Thread-2 (]: On model.olist_semantic.fct_order_items: COMMIT
[0m20:39:45.704225 [debug] [Thread-4 (]: On model.olist_semantic.fct_order_reviews: /* {"app": "dbt", "dbt_version": "1.12.5", "profile_name": "olist", "target_name": "dev", "node_id": "model.olist_semantic.fct_order_reviews"} */
alter table "olist_dirty"."marts"."fct_order_reviews" rename to "fct_order_reviews__dbt_backup"
[0m20:39:45.704340 [debug] [Thread-1 (]: SQL status: OK in 0.015 seconds
[0m20:39:45.704465 [debug] [Thread-2 (]: Using duckdb connection "model.olist_semantic.fct_order_items"
[0m20:39:45.704852 [debug] [Thread-1 (]: Using duckdb connection "model.olist_semantic.dim_products"
[0m20:39:45.704985 [debug] [Thread-2 (]: On model.olist_semantic.fct_order_items: COMMIT
[0m20:39:45.705097 [debug] [Thread-1 (]: On model.olist_semantic.dim_products: /* {"app": "dbt", "dbt_version": "1.12.5", "profile_name": "olist", "target_name": "dev", "node_id": "model.olist_semantic.dim_products"} */

    SELECT index_name
    FROM duckdb_indexes()
    WHERE database_name = 'olist_dirty'
      AND schema_name = 'marts'
      AND table_name = 'dim_products'
  
[0m20:39:45.705201 [debug] [Thread-4 (]: SQL status: OK in 0.001 seconds
[0m20:39:45.706009 [debug] [Thread-4 (]: Using duckdb connection "model.olist_semantic.fct_order_reviews"
[0m20:39:45.706126 [debug] [Thread-4 (]: On model.olist_semantic.fct_order_reviews: /* {"app": "dbt", "dbt_version": "1.12.5", "profile_name": "olist", "target_name": "dev", "node_id": "model.olist_semantic.fct_order_reviews"} */
alter table "olist_dirty"."marts"."fct_order_reviews__dbt_tmp" rename to "fct_order_reviews"
[0m20:39:45.706238 [debug] [Thread-1 (]: SQL status: OK in 0.001 seconds
[0m20:39:45.706446 [debug] [Thread-4 (]: SQL status: OK in 0.000 seconds
[0m20:39:45.707146 [debug] [Thread-1 (]: Using duckdb connection "model.olist_semantic.dim_products"
[0m20:39:45.707599 [debug] [Thread-4 (]: On model.olist_semantic.fct_order_reviews: COMMIT
[0m20:39:45.707718 [debug] [Thread-2 (]: SQL status: OK in 0.002 seconds
[0m20:39:45.707827 [debug] [Thread-1 (]: On model.olist_semantic.dim_products: /* {"app": "dbt", "dbt_version": "1.12.5", "profile_name": "olist", "target_name": "dev", "node_id": "model.olist_semantic.dim_products"} */
alter table "olist_dirty"."marts"."dim_products" rename to "dim_products__dbt_backup"
[0m20:39:45.707946 [debug] [Thread-4 (]: Using duckdb connection "model.olist_semantic.fct_order_reviews"
[0m20:39:45.708407 [debug] [Thread-2 (]: Using duckdb connection "model.olist_semantic.fct_order_items"
[0m20:39:45.708566 [debug] [Thread-4 (]: On model.olist_semantic.fct_order_reviews: COMMIT
[0m20:39:45.708691 [debug] [Thread-1 (]: SQL status: OK in 0.000 seconds
[0m20:39:45.708808 [debug] [Thread-2 (]: On model.olist_semantic.fct_order_items: /* {"app": "dbt", "dbt_version": "1.12.5", "profile_name": "olist", "target_name": "dev", "node_id": "model.olist_semantic.fct_order_items"} */

      drop table if exists "olist_dirty"."marts"."fct_order_items__dbt_backup" cascade
    
[0m20:39:45.709520 [debug] [Thread-1 (]: Using duckdb connection "model.olist_semantic.dim_products"
[0m20:39:45.709816 [debug] [Thread-1 (]: On model.olist_semantic.dim_products: /* {"app": "dbt", "dbt_version": "1.12.5", "profile_name": "olist", "target_name": "dev", "node_id": "model.olist_semantic.dim_products"} */
alter table "olist_dirty"."marts"."dim_products__dbt_tmp" rename to "dim_products"
[0m20:39:45.710032 [debug] [Thread-1 (]: SQL status: OK in 0.000 seconds
[0m20:39:45.710524 [debug] [Thread-1 (]: On model.olist_semantic.dim_products: COMMIT
[0m20:39:45.710636 [debug] [Thread-1 (]: Using duckdb connection "model.olist_semantic.dim_products"
[0m20:39:45.710737 [debug] [Thread-1 (]: On model.olist_semantic.dim_products: COMMIT
[0m20:39:45.712819 [debug] [Thread-4 (]: SQL status: OK in 0.004 seconds
[0m20:39:45.713386 [debug] [Thread-4 (]: Using duckdb connection "model.olist_semantic.fct_order_reviews"
[0m20:39:45.713501 [debug] [Thread-4 (]: On model.olist_semantic.fct_order_reviews: /* {"app": "dbt", "dbt_version": "1.12.5", "profile_name": "olist", "target_name": "dev", "node_id": "model.olist_semantic.fct_order_reviews"} */

      drop table if exists "olist_dirty"."marts"."fct_order_reviews__dbt_backup" cascade
    
[0m20:39:45.713702 [debug] [Thread-2 (]: SQL status: OK in 0.004 seconds
[0m20:39:45.714205 [debug] [Thread-2 (]: On model.olist_semantic.fct_order_items: Close
[0m20:39:45.714432 [debug] [Thread-2 (]: Sending event: {'category': 'dbt', 'action': 'run_model', 'label': '1eab43cc-e74c-4399-bb95-8b0c186c88d3', 'context': [<snowplow_tracker.self_describing_json.SelfDescribingJson object at 0x10aa4d9d0>]}
[0m20:39:45.714737 [info ] [Thread-2 (]: 17 of 27 OK created sql table model marts.fct_order_items ...................... [[32mOK[0m in 0.12s]
[0m20:39:45.714956 [debug] [Thread-2 (]: Finished running node model.olist_semantic.fct_order_items
[0m20:39:45.715098 [debug] [Thread-2 (]: Began running node model.olist_semantic.fct_refunds
[0m20:39:45.715251 [info ] [Thread-2 (]: 24 of 27 START sql table model marts.fct_refunds ............................... [RUN]
[0m20:39:45.715407 [debug] [Thread-2 (]: Re-using an available connection from the pool (formerly model.olist_semantic.fct_order_items, now model.olist_semantic.fct_refunds)
[0m20:39:45.715563 [debug] [Thread-2 (]: Began compiling node model.olist_semantic.fct_refunds
[0m20:39:45.716773 [debug] [Thread-2 (]: Writing injected SQL for node "model.olist_semantic.fct_refunds"
[0m20:39:45.717230 [debug] [Thread-2 (]: Began executing node model.olist_semantic.fct_refunds
[0m20:39:45.718208 [debug] [Thread-2 (]: Writing runtime sql for node "model.olist_semantic.fct_refunds"
[0m20:39:45.718534 [debug] [Thread-2 (]: Using duckdb connection "model.olist_semantic.fct_refunds"
[0m20:39:45.718666 [debug] [Thread-2 (]: On model.olist_semantic.fct_refunds: BEGIN
[0m20:39:45.718771 [debug] [Thread-2 (]: Opening a new connection, currently in state closed
[0m20:39:45.719029 [debug] [Thread-2 (]: SQL status: OK in 0.000 seconds
[0m20:39:45.719145 [debug] [Thread-2 (]: Using duckdb connection "model.olist_semantic.fct_refunds"
[0m20:39:45.719255 [debug] [Thread-4 (]: SQL status: OK in 0.006 seconds
[0m20:39:45.719360 [debug] [Thread-1 (]: SQL status: OK in 0.009 seconds
[0m20:39:45.719469 [debug] [Thread-2 (]: On model.olist_semantic.fct_refunds: /* {"app": "dbt", "dbt_version": "1.12.5", "profile_name": "olist", "target_name": "dev", "node_id": "model.olist_semantic.fct_refunds"} */

    

    create  table
      "olist_dirty"."marts"."fct_refunds__dbt_tmp"
  
    
    as (
      select
    refund_id,
    order_id,
    return_id,
    refund_type,
    refund_amount,          -- always positive
    refund_reason,
    refund_status,
    refund_method,
    is_settled,
    requested_at,
    processed_at,
    settled_at,             -- null unless actually settled
    gateway_reference
from "olist_dirty"."staging"."stg_refunds"
    );
    
  
[0m20:39:45.719998 [debug] [Thread-4 (]: On model.olist_semantic.fct_order_reviews: Close
[0m20:39:45.720523 [debug] [Thread-1 (]: Using duckdb connection "model.olist_semantic.dim_products"
[0m20:39:45.720839 [debug] [Thread-4 (]: Sending event: {'category': 'dbt', 'action': 'run_model', 'label': '1eab43cc-e74c-4399-bb95-8b0c186c88d3', 'context': [<snowplow_tracker.self_describing_json.SelfDescribingJson object at 0x10a946f30>]}
[0m20:39:45.720992 [debug] [Thread-1 (]: On model.olist_semantic.dim_products: /* {"app": "dbt", "dbt_version": "1.12.5", "profile_name": "olist", "target_name": "dev", "node_id": "model.olist_semantic.dim_products"} */

      drop table if exists "olist_dirty"."marts"."dim_products__dbt_backup" cascade
    
[0m20:39:45.721235 [info ] [Thread-4 (]: 21 of 27 OK created sql table model marts.fct_order_reviews .................... [[32mOK[0m in 0.05s]
[0m20:39:45.721480 [debug] [Thread-4 (]: Finished running node model.olist_semantic.fct_order_reviews
[0m20:39:45.721617 [debug] [Thread-4 (]: Began running node model.olist_semantic.fct_replacements
[0m20:39:45.721884 [debug] [Thread-1 (]: SQL status: OK in 0.001 seconds
[0m20:39:45.721763 [info ] [Thread-4 (]: 25 of 27 START sql table model marts.fct_replacements .......................... [RUN]
[0m20:39:45.722428 [debug] [Thread-1 (]: On model.olist_semantic.dim_products: Close
[0m20:39:45.722588 [debug] [Thread-4 (]: Re-using an available connection from the pool (formerly model.olist_semantic.fct_order_reviews, now model.olist_semantic.fct_replacements)
[0m20:39:45.722791 [debug] [Thread-1 (]: Sending event: {'category': 'dbt', 'action': 'run_model', 'label': '1eab43cc-e74c-4399-bb95-8b0c186c88d3', 'context': [<snowplow_tracker.self_describing_json.SelfDescribingJson object at 0x10a944650>]}
[0m20:39:45.722916 [debug] [Thread-4 (]: Began compiling node model.olist_semantic.fct_replacements
[0m20:39:45.723846 [debug] [Thread-4 (]: Writing injected SQL for node "model.olist_semantic.fct_replacements"
[0m20:39:45.723135 [info ] [Thread-1 (]: 23 of 27 OK created sql table model marts.dim_products ......................... [[32mOK[0m in 0.04s]
[0m20:39:45.724093 [debug] [Thread-1 (]: Finished running node model.olist_semantic.dim_products
[0m20:39:45.724218 [debug] [Thread-1 (]: Began running node model.olist_semantic.dim_sellers
[0m20:39:45.724541 [debug] [Thread-4 (]: Began executing node model.olist_semantic.fct_replacements
[0m20:39:45.725410 [debug] [Thread-4 (]: Writing runtime sql for node "model.olist_semantic.fct_replacements"
[0m20:39:45.724384 [info ] [Thread-1 (]: 26 of 27 START sql table model marts.dim_sellers ............................... [RUN]
[0m20:39:45.725688 [debug] [Thread-1 (]: Re-using an available connection from the pool (formerly model.olist_semantic.dim_products, now model.olist_semantic.dim_sellers)
[0m20:39:45.725807 [debug] [Thread-1 (]: Began compiling node model.olist_semantic.dim_sellers
[0m20:39:45.726757 [debug] [Thread-1 (]: Writing injected SQL for node "model.olist_semantic.dim_sellers"
[0m20:39:45.727045 [debug] [Thread-4 (]: Using duckdb connection "model.olist_semantic.fct_replacements"
[0m20:39:45.727165 [debug] [Thread-1 (]: Began executing node model.olist_semantic.dim_sellers
[0m20:39:45.727279 [debug] [Thread-2 (]: SQL status: OK in 0.007 seconds
[0m20:39:45.727389 [debug] [Thread-4 (]: On model.olist_semantic.fct_replacements: BEGIN
[0m20:39:45.728237 [debug] [Thread-1 (]: Writing runtime sql for node "model.olist_semantic.dim_sellers"
[0m20:39:45.728656 [debug] [Thread-2 (]: Using duckdb connection "model.olist_semantic.fct_refunds"
[0m20:39:45.730552 [debug] [Thread-4 (]: Opening a new connection, currently in state closed
[0m20:39:45.731665 [debug] [Thread-2 (]: On model.olist_semantic.fct_refunds: /* {"app": "dbt", "dbt_version": "1.12.5", "profile_name": "olist", "target_name": "dev", "node_id": "model.olist_semantic.fct_refunds"} */

    SELECT index_name
    FROM duckdb_indexes()
    WHERE database_name = 'olist_dirty'
      AND schema_name = 'marts'
      AND table_name = 'fct_refunds'
  
[0m20:39:45.731899 [debug] [Thread-1 (]: Using duckdb connection "model.olist_semantic.dim_sellers"
[0m20:39:45.734770 [debug] [Thread-4 (]: SQL status: OK in 0.004 seconds
[0m20:39:45.735086 [debug] [Thread-1 (]: On model.olist_semantic.dim_sellers: BEGIN
[0m20:39:45.735340 [debug] [Thread-4 (]: Using duckdb connection "model.olist_semantic.fct_replacements"
[0m20:39:45.735472 [debug] [Thread-1 (]: Opening a new connection, currently in state closed
[0m20:39:45.735579 [debug] [Thread-2 (]: SQL status: OK in 0.001 seconds
[0m20:39:45.735706 [debug] [Thread-4 (]: On model.olist_semantic.fct_replacements: /* {"app": "dbt", "dbt_version": "1.12.5", "profile_name": "olist", "target_name": "dev", "node_id": "model.olist_semantic.fct_replacements"} */

    

    create  table
      "olist_dirty"."marts"."fct_replacements__dbt_tmp"
  
    
    as (
      -- Zero-revenue fulfilled shipments. Deliberately a SEPARATE fact so that
-- units_sold and AOV cannot accidentally absorb them.
select
    replacement_order_id,
    original_order_id,
    return_id,
    customer_id,
    product_id,
    seller_id,
    quantity_shipped,
    charged_to_customer,        -- always 0.00
    replacement_cogs,
    freight_absorbed,
    replacement_cogs + freight_absorbed as total_replacement_cost,
    cost_borne_by,
    replacement_status,
    shipped_at,
    delivered_at
from "olist_dirty"."staging"."stg_replacement_orders"
    );
    
  
[0m20:39:45.736797 [debug] [Thread-2 (]: Using duckdb connection "model.olist_semantic.fct_refunds"
[0m20:39:45.736930 [debug] [Thread-1 (]: SQL status: OK in 0.001 seconds
[0m20:39:45.737287 [debug] [Thread-2 (]: On model.olist_semantic.fct_refunds: /* {"app": "dbt", "dbt_version": "1.12.5", "profile_name": "olist", "target_name": "dev", "node_id": "model.olist_semantic.fct_refunds"} */
alter table "olist_dirty"."marts"."fct_refunds" rename to "fct_refunds__dbt_backup"
[0m20:39:45.737404 [debug] [Thread-1 (]: Using duckdb connection "model.olist_semantic.dim_sellers"
[0m20:39:45.737654 [debug] [Thread-1 (]: On model.olist_semantic.dim_sellers: /* {"app": "dbt", "dbt_version": "1.12.5", "profile_name": "olist", "target_name": "dev", "node_id": "model.olist_semantic.dim_sellers"} */

    

    create  table
      "olist_dirty"."marts"."dim_sellers__dbt_tmp"
  
    
    as (
      select
    seller_id,
    seller_city,
    seller_state,
    zip_code_prefix
from "olist_dirty"."staging"."stg_sellers"
    );
    
  
[0m20:39:45.737923 [debug] [Thread-2 (]: SQL status: OK in 0.000 seconds
[0m20:39:45.738944 [debug] [Thread-2 (]: Using duckdb connection "model.olist_semantic.fct_refunds"
[0m20:39:45.739211 [debug] [Thread-2 (]: On model.olist_semantic.fct_refunds: /* {"app": "dbt", "dbt_version": "1.12.5", "profile_name": "olist", "target_name": "dev", "node_id": "model.olist_semantic.fct_refunds"} */
alter table "olist_dirty"."marts"."fct_refunds__dbt_tmp" rename to "fct_refunds"
[0m20:39:45.739583 [debug] [Thread-1 (]: SQL status: OK in 0.002 seconds
[0m20:39:45.740260 [debug] [Thread-1 (]: Using duckdb connection "model.olist_semantic.dim_sellers"
[0m20:39:45.740376 [debug] [Thread-1 (]: On model.olist_semantic.dim_sellers: /* {"app": "dbt", "dbt_version": "1.12.5", "profile_name": "olist", "target_name": "dev", "node_id": "model.olist_semantic.dim_sellers"} */
alter table "olist_dirty"."marts"."dim_sellers__dbt_tmp" rename to "dim_sellers"
[0m20:39:45.740529 [debug] [Thread-2 (]: SQL status: OK in 0.001 seconds
[0m20:39:45.741341 [debug] [Thread-2 (]: On model.olist_semantic.fct_refunds: COMMIT
[0m20:39:45.741472 [debug] [Thread-2 (]: Using duckdb connection "model.olist_semantic.fct_refunds"
[0m20:39:45.741591 [debug] [Thread-4 (]: SQL status: OK in 0.004 seconds
[0m20:39:45.741722 [debug] [Thread-2 (]: On model.olist_semantic.fct_refunds: COMMIT
[0m20:39:45.741835 [debug] [Thread-1 (]: SQL status: OK in 0.001 seconds
[0m20:39:45.742170 [debug] [Thread-4 (]: Using duckdb connection "model.olist_semantic.fct_replacements"
[0m20:39:45.742658 [debug] [Thread-1 (]: On model.olist_semantic.dim_sellers: COMMIT
[0m20:39:45.742791 [debug] [Thread-4 (]: On model.olist_semantic.fct_replacements: /* {"app": "dbt", "dbt_version": "1.12.5", "profile_name": "olist", "target_name": "dev", "node_id": "model.olist_semantic.fct_replacements"} */

    SELECT index_name
    FROM duckdb_indexes()
    WHERE database_name = 'olist_dirty'
      AND schema_name = 'marts'
      AND table_name = 'fct_replacements'
  
[0m20:39:45.742927 [debug] [Thread-1 (]: Using duckdb connection "model.olist_semantic.dim_sellers"
[0m20:39:45.743220 [debug] [Thread-1 (]: On model.olist_semantic.dim_sellers: COMMIT
[0m20:39:45.743378 [debug] [Thread-4 (]: SQL status: OK in 0.000 seconds
[0m20:39:45.743490 [debug] [Thread-2 (]: SQL status: OK in 0.001 seconds
[0m20:39:45.745076 [debug] [Thread-4 (]: Using duckdb connection "model.olist_semantic.fct_replacements"
[0m20:39:45.745618 [debug] [Thread-2 (]: Using duckdb connection "model.olist_semantic.fct_refunds"
[0m20:39:45.745738 [debug] [Thread-1 (]: SQL status: OK in 0.002 seconds
[0m20:39:45.745856 [debug] [Thread-3 (]: SQL status: OK in 0.062 seconds
[0m20:39:45.745969 [debug] [Thread-4 (]: On model.olist_semantic.fct_replacements: /* {"app": "dbt", "dbt_version": "1.12.5", "profile_name": "olist", "target_name": "dev", "node_id": "model.olist_semantic.fct_replacements"} */
alter table "olist_dirty"."marts"."fct_replacements" rename to "fct_replacements__dbt_backup"
[0m20:39:45.746088 [debug] [Thread-2 (]: On model.olist_semantic.fct_refunds: /* {"app": "dbt", "dbt_version": "1.12.5", "profile_name": "olist", "target_name": "dev", "node_id": "model.olist_semantic.fct_refunds"} */

      drop table if exists "olist_dirty"."marts"."fct_refunds__dbt_backup" cascade
    
[0m20:39:45.746507 [debug] [Thread-1 (]: Using duckdb connection "model.olist_semantic.dim_sellers"
[0m20:39:45.747116 [debug] [Thread-3 (]: Using duckdb connection "model.olist_semantic.dim_customers"
[0m20:39:45.747321 [debug] [Thread-1 (]: On model.olist_semantic.dim_sellers: /* {"app": "dbt", "dbt_version": "1.12.5", "profile_name": "olist", "target_name": "dev", "node_id": "model.olist_semantic.dim_sellers"} */

      drop table if exists "olist_dirty"."marts"."dim_sellers__dbt_backup" cascade
    
[0m20:39:45.747461 [debug] [Thread-4 (]: SQL status: OK in 0.000 seconds
[0m20:39:45.747571 [debug] [Thread-3 (]: On model.olist_semantic.dim_customers: /* {"app": "dbt", "dbt_version": "1.12.5", "profile_name": "olist", "target_name": "dev", "node_id": "model.olist_semantic.dim_customers"} */
alter table "olist_dirty"."marts"."dim_customers__dbt_tmp" rename to "dim_customers"
[0m20:39:45.747676 [debug] [Thread-2 (]: SQL status: OK in 0.000 seconds
[0m20:39:45.748253 [debug] [Thread-4 (]: Using duckdb connection "model.olist_semantic.fct_replacements"
[0m20:39:45.748390 [debug] [Thread-1 (]: SQL status: OK in 0.001 seconds
[0m20:39:45.748831 [debug] [Thread-2 (]: On model.olist_semantic.fct_refunds: Close
[0m20:39:45.748959 [debug] [Thread-4 (]: On model.olist_semantic.fct_replacements: /* {"app": "dbt", "dbt_version": "1.12.5", "profile_name": "olist", "target_name": "dev", "node_id": "model.olist_semantic.fct_replacements"} */
alter table "olist_dirty"."marts"."fct_replacements__dbt_tmp" rename to "fct_replacements"
[0m20:39:45.749068 [debug] [Thread-3 (]: SQL status: OK in 0.001 seconds
[0m20:39:45.749471 [debug] [Thread-1 (]: On model.olist_semantic.dim_sellers: Close
[0m20:39:45.749689 [debug] [Thread-2 (]: Sending event: {'category': 'dbt', 'action': 'run_model', 'label': '1eab43cc-e74c-4399-bb95-8b0c186c88d3', 'context': [<snowplow_tracker.self_describing_json.SelfDescribingJson object at 0x10a945970>]}
[0m20:39:45.750147 [debug] [Thread-3 (]: On model.olist_semantic.dim_customers: COMMIT
[0m20:39:45.750262 [debug] [Thread-4 (]: SQL status: OK in 0.001 seconds
[0m20:39:45.750416 [debug] [Thread-1 (]: Sending event: {'category': 'dbt', 'action': 'run_model', 'label': '1eab43cc-e74c-4399-bb95-8b0c186c88d3', 'context': [<snowplow_tracker.self_describing_json.SelfDescribingJson object at 0x10aa4ccb0>]}
[0m20:39:45.750782 [debug] [Thread-3 (]: Using duckdb connection "model.olist_semantic.dim_customers"
[0m20:39:45.751232 [debug] [Thread-4 (]: On model.olist_semantic.fct_replacements: COMMIT
[0m20:39:45.751414 [debug] [Thread-3 (]: On model.olist_semantic.dim_customers: COMMIT
[0m20:39:45.751542 [debug] [Thread-4 (]: Using duckdb connection "model.olist_semantic.fct_replacements"
[0m20:39:45.751686 [debug] [Thread-4 (]: On model.olist_semantic.fct_replacements: COMMIT
[0m20:39:45.760653 [debug] [Thread-3 (]: SQL status: OK in 0.009 seconds
[0m20:39:45.761287 [debug] [Thread-3 (]: Using duckdb connection "model.olist_semantic.dim_customers"
[0m20:39:45.761403 [debug] [Thread-3 (]: On model.olist_semantic.dim_customers: /* {"app": "dbt", "dbt_version": "1.12.5", "profile_name": "olist", "target_name": "dev", "node_id": "model.olist_semantic.dim_customers"} */

      drop table if exists "olist_dirty"."marts"."dim_customers__dbt_backup" cascade
    
[0m20:39:45.761511 [debug] [Thread-4 (]: SQL status: OK in 0.010 seconds
[0m20:39:45.762304 [debug] [Thread-4 (]: Using duckdb connection "model.olist_semantic.fct_replacements"
[0m20:39:45.762416 [debug] [Thread-4 (]: On model.olist_semantic.fct_replacements: /* {"app": "dbt", "dbt_version": "1.12.5", "profile_name": "olist", "target_name": "dev", "node_id": "model.olist_semantic.fct_replacements"} */

      drop table if exists "olist_dirty"."marts"."fct_replacements__dbt_backup" cascade
    
[0m20:39:45.762514 [debug] [Thread-3 (]: SQL status: OK in 0.001 seconds
[0m20:39:45.763014 [debug] [Thread-3 (]: On model.olist_semantic.dim_customers: Close
[0m20:39:45.763224 [debug] [Thread-3 (]: Sending event: {'category': 'dbt', 'action': 'run_model', 'label': '1eab43cc-e74c-4399-bb95-8b0c186c88d3', 'context': [<snowplow_tracker.self_describing_json.SelfDescribingJson object at 0x10a946b70>]}
[0m20:39:45.912745 [debug] [Thread-4 (]: SQL status: OK in 0.150 seconds
[0m20:39:45.913391 [debug] [Thread-4 (]: On model.olist_semantic.fct_replacements: Close
[0m20:39:45.913622 [debug] [Thread-4 (]: Sending event: {'category': 'dbt', 'action': 'run_model', 'label': '1eab43cc-e74c-4399-bb95-8b0c186c88d3', 'context': [<snowplow_tracker.self_describing_json.SelfDescribingJson object at 0x10a947230>]}
[0m20:39:46.017923 [debug] [Thread-2 (]: An error was encountered while trying to send an event
[0m20:39:46.018315 [info ] [Thread-1 (]: 26 of 27 OK created sql table model marts.dim_sellers .......................... [[32mOK[0m in 0.02s]
[0m20:39:46.018549 [info ] [Thread-3 (]: 22 of 27 OK created sql table model marts.dim_customers ........................ [[32mOK[0m in 0.09s]
[0m20:39:46.018744 [info ] [Thread-4 (]: 25 of 27 OK created sql table model marts.fct_replacements ..................... [[32mOK[0m in 0.19s]
[0m20:39:46.019141 [debug] [Thread-1 (]: Finished running node model.olist_semantic.dim_sellers
[0m20:39:46.019733 [info ] [Thread-2 (]: 24 of 27 OK created sql table model marts.fct_refunds .......................... [[32mOK[0m in 0.03s]
[0m20:39:46.019982 [debug] [Thread-3 (]: Finished running node model.olist_semantic.dim_customers
[0m20:39:46.020196 [debug] [Thread-4 (]: Finished running node model.olist_semantic.fct_replacements
[0m20:39:46.020380 [debug] [Thread-1 (]: Began running node model.olist_semantic.fct_orders
[0m20:39:46.020648 [debug] [Thread-2 (]: Finished running node model.olist_semantic.fct_refunds
[0m20:39:46.020939 [info ] [Thread-1 (]: 27 of 27 START sql table model marts.fct_orders ................................ [RUN]
[0m20:39:46.021208 [debug] [Thread-1 (]: Re-using an available connection from the pool (formerly model.olist_semantic.dim_sellers, now model.olist_semantic.fct_orders)
[0m20:39:46.021368 [debug] [Thread-1 (]: Began compiling node model.olist_semantic.fct_orders
[0m20:39:46.022950 [debug] [Thread-1 (]: Writing injected SQL for node "model.olist_semantic.fct_orders"
[0m20:39:46.023340 [debug] [Thread-1 (]: Began executing node model.olist_semantic.fct_orders
[0m20:39:46.024471 [debug] [Thread-1 (]: Writing runtime sql for node "model.olist_semantic.fct_orders"
[0m20:39:46.024761 [debug] [Thread-1 (]: Using duckdb connection "model.olist_semantic.fct_orders"
[0m20:39:46.024895 [debug] [Thread-1 (]: On model.olist_semantic.fct_orders: BEGIN
[0m20:39:46.025021 [debug] [Thread-1 (]: Opening a new connection, currently in state closed
[0m20:39:46.025287 [debug] [Thread-1 (]: SQL status: OK in 0.000 seconds
[0m20:39:46.025411 [debug] [Thread-1 (]: Using duckdb connection "model.olist_semantic.fct_orders"
[0m20:39:46.025587 [debug] [Thread-1 (]: On model.olist_semantic.fct_orders: /* {"app": "dbt", "dbt_version": "1.12.5", "profile_name": "olist", "target_name": "dev", "node_id": "model.olist_semantic.fct_orders"} */

    

    create  table
      "olist_dirty"."marts"."fct_orders__dbt_tmp"
  
    
    as (
      -- One row per order, with money and review context already collapsed to the
-- order grain so downstream joins cannot fan out.
with o as (select * from "olist_dirty"."staging"."stg_orders"),
     c as (select * from "olist_dirty"."staging"."stg_customers"),
     i as (
        select
            order_id,
            sum(item_price)             as merchandise_value,
            sum(freight_value)          as freight_value,
            count(*)                    as item_count,
            count(distinct seller_id)   as seller_count
        from "olist_dirty"."staging"."stg_order_items"
        group by 1
     ),
     p as (select * from "olist_dirty"."marts"."fct_payments"),
     r as (select * from "olist_dirty"."marts"."fct_order_reviews")

select
    o.order_id,
    o.customer_id,
    c.customer_unique_id,
    c.customer_state,
    c.customer_city,
    c.zip_code_prefix,
    o.order_status,

    -- all five dates kept and named, so "when" is never implicit
    o.purchased_at,
    o.approved_at,
    o.shipped_at,
    o.delivered_at,
    o.estimated_delivery_at,
    case when o.order_status = 'delivered' then o.delivered_at end  as recognized_at,

    o.order_status = 'delivered'                                    as is_delivered,
    o.order_status in ('canceled', 'unavailable')                   as is_canceled,
    case
        when o.delivered_at is not null and o.estimated_delivery_at is not null
        then o.delivered_at > o.estimated_delivery_at
    end                                                             as is_late,
    case
        when o.delivered_at is not null
        then date_diff('day', o.purchased_at, o.delivered_at)
    end                                                             as delivery_days,

    coalesce(i.merchandise_value, 0)                                as merchandise_value,
    coalesce(i.freight_value, 0)                                    as freight_value,
    coalesce(i.merchandise_value, 0) + coalesce(i.freight_value, 0) as gross_order_value,
    coalesce(i.item_count, 0)                                       as item_count,
    coalesce(i.seller_count, 0)                                     as seller_count,

    p.amount_paid,
    p.primary_payment_type,
    r.review_score,
    coalesce(r.review_count, 0)                                     as review_count
from o
left join c on c.customer_id = o.customer_id
left join i on i.order_id    = o.order_id
left join p on p.order_id    = o.order_id
left join r on r.order_id    = o.order_id
    );
    
  
[0m20:39:46.116681 [debug] [Thread-1 (]: SQL status: OK in 0.091 seconds
[0m20:39:46.117567 [debug] [Thread-1 (]: Using duckdb connection "model.olist_semantic.fct_orders"
[0m20:39:46.117692 [debug] [Thread-1 (]: On model.olist_semantic.fct_orders: /* {"app": "dbt", "dbt_version": "1.12.5", "profile_name": "olist", "target_name": "dev", "node_id": "model.olist_semantic.fct_orders"} */
alter table "olist_dirty"."marts"."fct_orders__dbt_tmp" rename to "fct_orders"
[0m20:39:46.117933 [debug] [Thread-1 (]: SQL status: OK in 0.000 seconds
[0m20:39:46.118357 [debug] [Thread-1 (]: On model.olist_semantic.fct_orders: COMMIT
[0m20:39:46.118463 [debug] [Thread-1 (]: Using duckdb connection "model.olist_semantic.fct_orders"
[0m20:39:46.118553 [debug] [Thread-1 (]: On model.olist_semantic.fct_orders: COMMIT
[0m20:39:46.226436 [debug] [Thread-1 (]: SQL status: OK in 0.108 seconds
[0m20:39:46.227103 [debug] [Thread-1 (]: Using duckdb connection "model.olist_semantic.fct_orders"
[0m20:39:46.227231 [debug] [Thread-1 (]: On model.olist_semantic.fct_orders: /* {"app": "dbt", "dbt_version": "1.12.5", "profile_name": "olist", "target_name": "dev", "node_id": "model.olist_semantic.fct_orders"} */

      drop table if exists "olist_dirty"."marts"."fct_orders__dbt_backup" cascade
    
[0m20:39:46.227461 [debug] [Thread-1 (]: SQL status: OK in 0.000 seconds
[0m20:39:46.227933 [debug] [Thread-1 (]: On model.olist_semantic.fct_orders: Close
[0m20:39:46.228127 [debug] [Thread-1 (]: Sending event: {'category': 'dbt', 'action': 'run_model', 'label': '1eab43cc-e74c-4399-bb95-8b0c186c88d3', 'context': [<snowplow_tracker.self_describing_json.SelfDescribingJson object at 0x10a5f11f0>]}
[0m20:39:46.228326 [info ] [Thread-1 (]: 27 of 27 OK created sql table model marts.fct_orders ........................... [[32mOK[0m in 0.21s]
[0m20:39:46.228492 [debug] [Thread-1 (]: Finished running node model.olist_semantic.fct_orders
[0m20:39:46.229040 [debug] [MainThread]: Using duckdb connection "master"
[0m20:39:46.229174 [debug] [MainThread]: On master: BEGIN
[0m20:39:46.229272 [debug] [MainThread]: Opening a new connection, currently in state closed
[0m20:39:46.229435 [debug] [MainThread]: SQL status: OK in 0.000 seconds
[0m20:39:46.229526 [debug] [MainThread]: On master: COMMIT
[0m20:39:46.229610 [debug] [MainThread]: Using duckdb connection "master"
[0m20:39:46.229692 [debug] [MainThread]: On master: COMMIT
[0m20:39:46.229809 [debug] [MainThread]: SQL status: OK in 0.000 seconds
[0m20:39:46.229893 [debug] [MainThread]: On master: Close
[0m20:39:46.230018 [debug] [MainThread]: Connection 'master' was properly closed.
[0m20:39:46.230103 [debug] [MainThread]: Connection 'model.olist_semantic.fct_orders' was properly closed.
[0m20:39:46.230170 [debug] [MainThread]: Connection 'model.olist_semantic.fct_refunds' was properly closed.
[0m20:39:46.230235 [debug] [MainThread]: Connection 'model.olist_semantic.fct_replacements' was properly closed.
[0m20:39:46.230302 [debug] [MainThread]: Connection 'model.olist_semantic.dim_customers' was properly closed.
[0m20:39:46.230417 [info ] [MainThread]: 
[0m20:39:46.230511 [info ] [MainThread]: Finished running 12 table models, 15 view models in 0 hours 0 minutes and 0.84 seconds (0.84s).
[0m20:39:46.231522 [debug] [MainThread]: Command end result
[0m20:39:46.248759 [debug] [MainThread]: Wrote artifact WritableManifest to /Users/shiva/Desktop/git hub/projectmlproject/dbt/target/manifest.json
[0m20:39:46.249815 [debug] [MainThread]: Wrote artifact SemanticManifest to /Users/shiva/Desktop/git hub/projectmlproject/dbt/target/semantic_manifest.json
[0m20:39:46.250731 [debug] [MainThread]: Wrote artifact OsiDocument to /Users/shiva/Desktop/git hub/projectmlproject/dbt/target/osi_document.json
[0m20:39:46.253427 [debug] [MainThread]: Wrote artifact RunExecutionResult to /Users/shiva/Desktop/git hub/projectmlproject/dbt/target/run_results.json
[0m20:39:46.253530 [info ] [MainThread]: 
[0m20:39:46.253654 [info ] [MainThread]: [32mCompleted successfully[0m
[0m20:39:46.253753 [info ] [MainThread]: 
[0m20:39:46.253852 [info ] [MainThread]: Done. PASS=27 WARN=0 ERROR=0 SKIP=0 NO-OP=0 REUSED=0 TOTAL=27
[0m20:39:46.255957 [debug] [MainThread]: Resource report: {"command_name": "run", "command_success": true, "command_wall_clock_time": 1.7554085, "process_in_blocks": "0", "process_kernel_time": 0.312325, "process_mem_max_rss": "505430016", "process_out_blocks": "0", "process_user_time": 2.372406}
[0m20:39:46.256144 [debug] [MainThread]: Command `dbt run` succeeded at 20:39:46.256111 after 1.76 seconds
[0m20:39:46.256272 [debug] [MainThread]: Sending event: {'category': 'dbt', 'action': 'invocation', 'label': 'end', 'context': [<snowplow_tracker.self_describing_json.SelfDescribingJson object at 0x107d813d0>, <snowplow_tracker.self_describing_json.SelfDescribingJson object at 0x10a9fa2d0>, <snowplow_tracker.self_describing_json.SelfDescribingJson object at 0x10a9fbbf0>]}
[0m20:39:46.256389 [debug] [MainThread]: Flushing usage events
[0m20:39:46.395675 [debug] [MainThread]: An error was encountered while trying to flush usage events
[0m20:39:52.918279 [debug] [MainThread]: Sending event: {'category': 'dbt', 'action': 'invocation', 'label': 'start', 'context': [<snowplow_tracker.self_describing_json.SelfDescribingJson object at 0x10c8f1fd0>, <snowplow_tracker.self_describing_json.SelfDescribingJson object at 0x10dda7750>, <snowplow_tracker.self_describing_json.SelfDescribingJson object at 0x10dda7890>]}


============================== 20:39:52.919955 | 4fe66134-6885-4104-86e3-909b4b72e5dd ==============================
[0m20:39:52.919955 [info ] [MainThread]: Running with dbt=1.12.5
[0m20:39:52.920190 [debug] [MainThread]: running dbt with arguments {'profiles_dir': '.', 'cache_selected_only': 'False', 'version_check': 'True', 'log_path': '/Users/shiva/Desktop/git hub/projectmlproject/dbt/logs', 'maximum_seed_size_mib': '1', 'printer_width': '80', 'introspect': 'True', 'log_cache_events': 'False', 'hints_enabled': 'True', 'empty': 'None', 'indirect_selection': 'eager', 'write_json': 'True', 'no_print': 'None', 'warn_error': 'None', 'use_experimental_parser': 'False', 'partial_parse': 'False', 'target_path': 'None', 'use_colors': 'True', 'invocation_command': 'dbt test --no-partial-parse', 'fail_fast': 'False', 'warn_error_options': 'WarnErrorOptionsV2(error=[], warn=[], silence=[])', 'debug': 'False', 'quiet': 'False', 'log_format': 'default', 'send_anonymous_usage_stats': 'True', 'static_parser': 'True'}
[0m20:39:52.991357 [debug] [MainThread]: Sending event: {'category': 'dbt', 'action': 'project_id', 'label': '4fe66134-6885-4104-86e3-909b4b72e5dd', 'context': [<snowplow_tracker.self_describing_json.SelfDescribingJson object at 0x10cc1a780>]}
[0m20:39:53.010388 [debug] [MainThread]: Sending event: {'category': 'dbt', 'action': 'adapter_info', 'label': '4fe66134-6885-4104-86e3-909b4b72e5dd', 'context': [<snowplow_tracker.self_describing_json.SelfDescribingJson object at 0x10df3f350>]}
[0m20:39:53.011205 [info ] [MainThread]: Registered adapter: duckdb=1.11.0
[0m20:39:53.042709 [debug] [MainThread]: checksum: 87ffbb80ddf0d790f9c291626b14e42fb072d8be979eb7852c44d7c47130d5ef, vars: {}, profile: olist, target: dev, version: 1.12.5
[0m20:39:53.043035 [debug] [MainThread]: Partial parsing not enabled
[0m20:39:53.608641 [debug] [MainThread]: Sending event: {'category': 'dbt', 'action': 'load_project', 'label': '4fe66134-6885-4104-86e3-909b4b72e5dd', 'context': [<snowplow_tracker.self_describing_json.SelfDescribingJson object at 0x10e42e050>]}
[0m20:39:53.649546 [debug] [MainThread]: Wrote artifact WritableManifest to /Users/shiva/Desktop/git hub/projectmlproject/dbt/target/manifest.json
[0m20:39:53.650678 [debug] [MainThread]: Wrote artifact SemanticManifest to /Users/shiva/Desktop/git hub/projectmlproject/dbt/target/semantic_manifest.json
[0m20:39:53.655485 [debug] [MainThread]: Wrote artifact OsiDocument to /Users/shiva/Desktop/git hub/projectmlproject/dbt/target/osi_document.json
[0m20:39:53.664349 [debug] [MainThread]: Sending event: {'category': 'dbt', 'action': 'resource_counts', 'label': '4fe66134-6885-4104-86e3-909b4b72e5dd', 'context': [<snowplow_tracker.self_describing_json.SelfDescribingJson object at 0x10e9794f0>]}
[0m20:39:53.664534 [info ] [MainThread]: Found 27 models, 50 data tests, 15 sources, 503 macros
[0m20:39:53.664662 [debug] [MainThread]: Sending event: {'category': 'dbt', 'action': 'runnable_timing', 'label': '4fe66134-6885-4104-86e3-909b4b72e5dd', 'context': [<snowplow_tracker.self_describing_json.SelfDescribingJson object at 0x10e94eb30>]}
[0m20:39:53.666120 [info ] [MainThread]: 
[0m20:39:53.666243 [info ] [MainThread]: Concurrency: 4 threads (target='dev')
[0m20:39:53.666335 [info ] [MainThread]: 
[0m20:39:53.666518 [debug] [MainThread]: Acquiring new duckdb connection 'master'
[0m20:39:53.668581 [debug] [ThreadPool]: Acquiring new duckdb connection 'list_olist_dirty_staging'
[0m20:39:53.668788 [debug] [ThreadPool]: Acquiring new duckdb connection 'list_olist_dirty_marts'
[0m20:39:53.685502 [debug] [ThreadPool]: Using duckdb connection "list_olist_dirty_staging"
[0m20:39:53.685669 [debug] [ThreadPool]: Using duckdb connection "list_olist_dirty_marts"
[0m20:39:53.685774 [debug] [ThreadPool]: On list_olist_dirty_staging: BEGIN
[0m20:39:53.685870 [debug] [ThreadPool]: On list_olist_dirty_marts: BEGIN
[0m20:39:53.685956 [debug] [ThreadPool]: Opening a new connection, currently in state init
[0m20:39:53.686033 [debug] [ThreadPool]: Opening a new connection, currently in state init
[0m20:39:53.692104 [debug] [ThreadPool]: SQL status: OK in 0.006 seconds
[0m20:39:53.692226 [debug] [ThreadPool]: Using duckdb connection "list_olist_dirty_staging"
[0m20:39:53.692322 [debug] [ThreadPool]: SQL status: OK in 0.006 seconds
[0m20:39:53.692431 [debug] [ThreadPool]: On list_olist_dirty_staging: /* {"app": "dbt", "dbt_version": "1.12.5", "profile_name": "olist", "target_name": "dev", "connection_name": "list_olist_dirty_staging"} */
select
      'olist_dirty' as database,
      table_name as name,
      table_schema as schema,
      CASE table_type
        WHEN 'BASE TABLE' THEN 'table'
        WHEN 'VIEW' THEN 'view'
        WHEN 'LOCAL TEMPORARY' THEN 'table'
        END as type
    from system.information_schema.tables
    where lower(table_schema) = 'staging'
    and lower(table_catalog) = 'olist_dirty'
  
[0m20:39:53.692538 [debug] [ThreadPool]: Using duckdb connection "list_olist_dirty_marts"
[0m20:39:53.692680 [debug] [ThreadPool]: On list_olist_dirty_marts: /* {"app": "dbt", "dbt_version": "1.12.5", "profile_name": "olist", "target_name": "dev", "connection_name": "list_olist_dirty_marts"} */
select
      'olist_dirty' as database,
      table_name as name,
      table_schema as schema,
      CASE table_type
        WHEN 'BASE TABLE' THEN 'table'
        WHEN 'VIEW' THEN 'view'
        WHEN 'LOCAL TEMPORARY' THEN 'table'
        END as type
    from system.information_schema.tables
    where lower(table_schema) = 'marts'
    and lower(table_catalog) = 'olist_dirty'
  
[0m20:39:53.694263 [debug] [ThreadPool]: SQL status: OK in 0.001 seconds
[0m20:39:53.694379 [debug] [ThreadPool]: SQL status: OK in 0.002 seconds
[0m20:39:53.694875 [debug] [ThreadPool]: On list_olist_dirty_marts: ROLLBACK
[0m20:39:53.695333 [debug] [ThreadPool]: On list_olist_dirty_staging: ROLLBACK
[0m20:39:53.695451 [debug] [ThreadPool]: On list_olist_dirty_marts: Close
[0m20:39:53.695554 [debug] [ThreadPool]: On list_olist_dirty_staging: Close
[0m20:39:53.696692 [debug] [MainThread]: Sending event: {'category': 'dbt', 'action': 'runnable_timing', 'label': '4fe66134-6885-4104-86e3-909b4b72e5dd', 'context': [<snowplow_tracker.self_describing_json.SelfDescribingJson object at 0x10e957ee0>]}
[0m20:39:53.696862 [debug] [MainThread]: Using duckdb connection "master"
[0m20:39:53.696953 [debug] [MainThread]: On master: BEGIN
[0m20:39:53.697036 [debug] [MainThread]: Opening a new connection, currently in state init
[0m20:39:53.697189 [debug] [MainThread]: SQL status: OK in 0.000 seconds
[0m20:39:53.697273 [debug] [MainThread]: On master: COMMIT
[0m20:39:53.697351 [debug] [MainThread]: Using duckdb connection "master"
[0m20:39:53.697422 [debug] [MainThread]: On master: COMMIT
[0m20:39:53.697541 [debug] [MainThread]: SQL status: OK in 0.000 seconds
[0m20:39:53.697621 [debug] [MainThread]: On master: Close
[0m20:39:53.698499 [debug] [Thread-1 (]: Began running node test.olist_semantic.accepted_values_fct_orders_order_status__delivered__shipped__canceled__unavailable__invoiced__processing__created__approved.d55a743ec8
[0m20:39:53.698641 [debug] [Thread-3 (]: Began running node test.olist_semantic.accepted_values_fct_refunds_refund_type__FULL__PARTIAL__SHIPPING_ONLY__GOODWILL.7aa39d3cae
[0m20:39:53.698758 [debug] [Thread-4 (]: Began running node test.olist_semantic.accepted_values_fct_returns_resolution__REFUND__REPLACEMENT__STORE_CREDIT__REJECTED.75fa5fff2a
[0m20:39:53.698882 [debug] [Thread-2 (]: Began running node test.olist_semantic.accepted_values_fct_refunds_refund_status__PROCESSED__PENDING__FAILED__REVERSED.abcf75df38
[0m20:39:53.699010 [info ] [Thread-1 (]: 1 of 50 START test accepted_values_fct_orders_order_status__delivered__shipped__canceled__unavailable__invoiced__processing__created__approved  [RUN]
[0m20:39:53.699176 [info ] [Thread-3 (]: 3 of 50 START test accepted_values_fct_refunds_refund_type__FULL__PARTIAL__SHIPPING_ONLY__GOODWILL  [RUN]
[0m20:39:53.699317 [info ] [Thread-4 (]: 4 of 50 START test accepted_values_fct_returns_resolution__REFUND__REPLACEMENT__STORE_CREDIT__REJECTED  [RUN]
[0m20:39:53.699433 [info ] [Thread-2 (]: 2 of 50 START test accepted_values_fct_refunds_refund_status__PROCESSED__PENDING__FAILED__REVERSED  [RUN]
[0m20:39:53.699592 [debug] [Thread-1 (]: Re-using an available connection from the pool (formerly list_olist_dirty_staging, now test.olist_semantic.accepted_values_fct_orders_order_status__delivered__shipped__canceled__unavailable__invoiced__processing__created__approved.d55a743ec8)
[0m20:39:53.699791 [debug] [Thread-3 (]: Acquiring new duckdb connection 'test.olist_semantic.accepted_values_fct_refunds_refund_type__FULL__PARTIAL__SHIPPING_ONLY__GOODWILL.7aa39d3cae'
[0m20:39:53.699987 [debug] [Thread-4 (]: Acquiring new duckdb connection 'test.olist_semantic.accepted_values_fct_returns_resolution__REFUND__REPLACEMENT__STORE_CREDIT__REJECTED.75fa5fff2a'
[0m20:39:53.700153 [debug] [Thread-2 (]: Re-using an available connection from the pool (formerly list_olist_dirty_marts, now test.olist_semantic.accepted_values_fct_refunds_refund_status__PROCESSED__PENDING__FAILED__REVERSED.abcf75df38)
[0m20:39:53.700282 [debug] [Thread-1 (]: Began compiling node test.olist_semantic.accepted_values_fct_orders_order_status__delivered__shipped__canceled__unavailable__invoiced__processing__created__approved.d55a743ec8
[0m20:39:53.700388 [debug] [Thread-3 (]: Began compiling node test.olist_semantic.accepted_values_fct_refunds_refund_type__FULL__PARTIAL__SHIPPING_ONLY__GOODWILL.7aa39d3cae
[0m20:39:53.700486 [debug] [Thread-4 (]: Began compiling node test.olist_semantic.accepted_values_fct_returns_resolution__REFUND__REPLACEMENT__STORE_CREDIT__REJECTED.75fa5fff2a
[0m20:39:53.700582 [debug] [Thread-2 (]: Began compiling node test.olist_semantic.accepted_values_fct_refunds_refund_status__PROCESSED__PENDING__FAILED__REVERSED.abcf75df38
[0m20:39:53.704428 [debug] [Thread-1 (]: Writing injected SQL for node "test.olist_semantic.accepted_values_fct_orders_order_status__delivered__shipped__canceled__unavailable__invoiced__processing__created__approved.d55a743ec8"
[0m20:39:53.706311 [debug] [Thread-3 (]: Writing injected SQL for node "test.olist_semantic.accepted_values_fct_refunds_refund_type__FULL__PARTIAL__SHIPPING_ONLY__GOODWILL.7aa39d3cae"
[0m20:39:53.708124 [debug] [Thread-4 (]: Writing injected SQL for node "test.olist_semantic.accepted_values_fct_returns_resolution__REFUND__REPLACEMENT__STORE_CREDIT__REJECTED.75fa5fff2a"
[0m20:39:53.709909 [debug] [Thread-2 (]: Writing injected SQL for node "test.olist_semantic.accepted_values_fct_refunds_refund_status__PROCESSED__PENDING__FAILED__REVERSED.abcf75df38"
[0m20:39:53.710347 [debug] [Thread-4 (]: Began executing node test.olist_semantic.accepted_values_fct_returns_resolution__REFUND__REPLACEMENT__STORE_CREDIT__REJECTED.75fa5fff2a
[0m20:39:53.710478 [debug] [Thread-1 (]: Began executing node test.olist_semantic.accepted_values_fct_orders_order_status__delivered__shipped__canceled__unavailable__invoiced__processing__created__approved.d55a743ec8
[0m20:39:53.710599 [debug] [Thread-2 (]: Began executing node test.olist_semantic.accepted_values_fct_refunds_refund_status__PROCESSED__PENDING__FAILED__REVERSED.abcf75df38
[0m20:39:53.716349 [debug] [Thread-4 (]: Writing runtime sql for node "test.olist_semantic.accepted_values_fct_returns_resolution__REFUND__REPLACEMENT__STORE_CREDIT__REJECTED.75fa5fff2a"
[0m20:39:53.716915 [debug] [Thread-1 (]: Writing runtime sql for node "test.olist_semantic.accepted_values_fct_orders_order_status__delivered__shipped__canceled__unavailable__invoiced__processing__created__approved.d55a743ec8"
[0m20:39:53.717581 [debug] [Thread-2 (]: Writing runtime sql for node "test.olist_semantic.accepted_values_fct_refunds_refund_status__PROCESSED__PENDING__FAILED__REVERSED.abcf75df38"
[0m20:39:53.717701 [debug] [Thread-3 (]: Began executing node test.olist_semantic.accepted_values_fct_refunds_refund_type__FULL__PARTIAL__SHIPPING_ONLY__GOODWILL.7aa39d3cae
[0m20:39:53.718320 [debug] [Thread-3 (]: Writing runtime sql for node "test.olist_semantic.accepted_values_fct_refunds_refund_type__FULL__PARTIAL__SHIPPING_ONLY__GOODWILL.7aa39d3cae"
[0m20:39:53.718545 [debug] [Thread-2 (]: Using duckdb connection "test.olist_semantic.accepted_values_fct_refunds_refund_status__PROCESSED__PENDING__FAILED__REVERSED.abcf75df38"
[0m20:39:53.718681 [debug] [Thread-1 (]: Using duckdb connection "test.olist_semantic.accepted_values_fct_orders_order_status__delivered__shipped__canceled__unavailable__invoiced__processing__created__approved.d55a743ec8"
[0m20:39:53.718800 [debug] [Thread-2 (]: On test.olist_semantic.accepted_values_fct_refunds_refund_status__PROCESSED__PENDING__FAILED__REVERSED.abcf75df38: BEGIN
[0m20:39:53.718944 [debug] [Thread-4 (]: Using duckdb connection "test.olist_semantic.accepted_values_fct_returns_resolution__REFUND__REPLACEMENT__STORE_CREDIT__REJECTED.75fa5fff2a"
[0m20:39:53.719075 [debug] [Thread-1 (]: On test.olist_semantic.accepted_values_fct_orders_order_status__delivered__shipped__canceled__unavailable__invoiced__processing__created__approved.d55a743ec8: BEGIN
[0m20:39:53.719197 [debug] [Thread-2 (]: Opening a new connection, currently in state closed
[0m20:39:53.719321 [debug] [Thread-3 (]: Using duckdb connection "test.olist_semantic.accepted_values_fct_refunds_refund_type__FULL__PARTIAL__SHIPPING_ONLY__GOODWILL.7aa39d3cae"
[0m20:39:53.719425 [debug] [Thread-4 (]: On test.olist_semantic.accepted_values_fct_returns_resolution__REFUND__REPLACEMENT__STORE_CREDIT__REJECTED.75fa5fff2a: BEGIN
[0m20:39:53.719533 [debug] [Thread-1 (]: Opening a new connection, currently in state closed
[0m20:39:53.719709 [debug] [Thread-3 (]: On test.olist_semantic.accepted_values_fct_refunds_refund_type__FULL__PARTIAL__SHIPPING_ONLY__GOODWILL.7aa39d3cae: BEGIN
[0m20:39:53.719819 [debug] [Thread-4 (]: Opening a new connection, currently in state init
[0m20:39:53.719933 [debug] [Thread-2 (]: SQL status: OK in 0.001 seconds
[0m20:39:53.720073 [debug] [Thread-3 (]: Opening a new connection, currently in state init
[0m20:39:53.720221 [debug] [Thread-1 (]: SQL status: OK in 0.001 seconds
[0m20:39:53.720322 [debug] [Thread-2 (]: Using duckdb connection "test.olist_semantic.accepted_values_fct_refunds_refund_status__PROCESSED__PENDING__FAILED__REVERSED.abcf75df38"
[0m20:39:53.720453 [debug] [Thread-4 (]: SQL status: OK in 0.001 seconds
[0m20:39:53.720565 [debug] [Thread-1 (]: Using duckdb connection "test.olist_semantic.accepted_values_fct_orders_order_status__delivered__shipped__canceled__unavailable__invoiced__processing__created__approved.d55a743ec8"
[0m20:39:53.720672 [debug] [Thread-3 (]: SQL status: OK in 0.001 seconds
[0m20:39:53.720783 [debug] [Thread-2 (]: On test.olist_semantic.accepted_values_fct_refunds_refund_status__PROCESSED__PENDING__FAILED__REVERSED.abcf75df38: /* {"app": "dbt", "dbt_version": "1.12.5", "profile_name": "olist", "target_name": "dev", "node_id": "test.olist_semantic.accepted_values_fct_refunds_refund_status__PROCESSED__PENDING__FAILED__REVERSED.abcf75df38"} */

    
    select
      count(*) as failures,
      count(*) != 0 as should_warn,
      count(*) != 0 as should_error
    from (
      
    
  
    
    

with all_values as (

    select
        refund_status as value_field,
        count(*) as n_records

    from "olist_dirty"."marts"."fct_refunds"
    group by refund_status

)

select *
from all_values
where value_field not in (
    'PROCESSED','PENDING','FAILED','REVERSED'
)



  
  
      
    ) dbt_internal_test
[0m20:39:53.720901 [debug] [Thread-4 (]: Using duckdb connection "test.olist_semantic.accepted_values_fct_returns_resolution__REFUND__REPLACEMENT__STORE_CREDIT__REJECTED.75fa5fff2a"
[0m20:39:53.721021 [debug] [Thread-1 (]: On test.olist_semantic.accepted_values_fct_orders_order_status__delivered__shipped__canceled__unavailable__invoiced__processing__created__approved.d55a743ec8: /* {"app": "dbt", "dbt_version": "1.12.5", "profile_name": "olist", "target_name": "dev", "node_id": "test.olist_semantic.accepted_values_fct_orders_order_status__delivered__shipped__canceled__unavailable__invoiced__processing__created__approved.d55a743ec8"} */

    
    select
      count(*) as failures,
      count(*) != 0 as should_warn,
      count(*) != 0 as should_error
    from (
      
    
  
    
    

with all_values as (

    select
        order_status as value_field,
        count(*) as n_records

    from "olist_dirty"."marts"."fct_orders"
    group by order_status

)

select *
from all_values
where value_field not in (
    'delivered','shipped','canceled','unavailable','invoiced','processing','created','approved'
)



  
  
      
    ) dbt_internal_test
[0m20:39:53.721139 [debug] [Thread-3 (]: Using duckdb connection "test.olist_semantic.accepted_values_fct_refunds_refund_type__FULL__PARTIAL__SHIPPING_ONLY__GOODWILL.7aa39d3cae"
[0m20:39:53.721310 [debug] [Thread-4 (]: On test.olist_semantic.accepted_values_fct_returns_resolution__REFUND__REPLACEMENT__STORE_CREDIT__REJECTED.75fa5fff2a: /* {"app": "dbt", "dbt_version": "1.12.5", "profile_name": "olist", "target_name": "dev", "node_id": "test.olist_semantic.accepted_values_fct_returns_resolution__REFUND__REPLACEMENT__STORE_CREDIT__REJECTED.75fa5fff2a"} */

    
    select
      count(*) as failures,
      count(*) != 0 as should_warn,
      count(*) != 0 as should_error
    from (
      
    
  
    
    

with all_values as (

    select
        resolution as value_field,
        count(*) as n_records

    from "olist_dirty"."marts"."fct_returns"
    group by resolution

)

select *
from all_values
where value_field not in (
    'REFUND','REPLACEMENT','STORE_CREDIT','REJECTED'
)



  
  
      
    ) dbt_internal_test
[0m20:39:53.721481 [debug] [Thread-3 (]: On test.olist_semantic.accepted_values_fct_refunds_refund_type__FULL__PARTIAL__SHIPPING_ONLY__GOODWILL.7aa39d3cae: /* {"app": "dbt", "dbt_version": "1.12.5", "profile_name": "olist", "target_name": "dev", "node_id": "test.olist_semantic.accepted_values_fct_refunds_refund_type__FULL__PARTIAL__SHIPPING_ONLY__GOODWILL.7aa39d3cae"} */

    
    select
      count(*) as failures,
      count(*) != 0 as should_warn,
      count(*) != 0 as should_error
    from (
      
    
  
    
    

with all_values as (

    select
        refund_type as value_field,
        count(*) as n_records

    from "olist_dirty"."marts"."fct_refunds"
    group by refund_type

)

select *
from all_values
where value_field not in (
    'FULL','PARTIAL','SHIPPING_ONLY','GOODWILL'
)



  
  
      
    ) dbt_internal_test
[0m20:39:53.722099 [debug] [Thread-2 (]: SQL status: OK in 0.001 seconds
[0m20:39:53.722231 [debug] [Thread-4 (]: SQL status: OK in 0.001 seconds
[0m20:39:53.722346 [debug] [Thread-3 (]: SQL status: OK in 0.001 seconds
[0m20:39:53.723927 [debug] [Thread-2 (]: On test.olist_semantic.accepted_values_fct_refunds_refund_status__PROCESSED__PENDING__FAILED__REVERSED.abcf75df38: ROLLBACK
[0m20:39:53.724046 [debug] [Thread-1 (]: SQL status: OK in 0.003 seconds
[0m20:39:53.724479 [debug] [Thread-4 (]: On test.olist_semantic.accepted_values_fct_returns_resolution__REFUND__REPLACEMENT__STORE_CREDIT__REJECTED.75fa5fff2a: ROLLBACK
[0m20:39:53.724879 [debug] [Thread-3 (]: On test.olist_semantic.accepted_values_fct_refunds_refund_type__FULL__PARTIAL__SHIPPING_ONLY__GOODWILL.7aa39d3cae: ROLLBACK
[0m20:39:53.725065 [debug] [Thread-2 (]: On test.olist_semantic.accepted_values_fct_refunds_refund_status__PROCESSED__PENDING__FAILED__REVERSED.abcf75df38: Close
[0m20:39:53.725479 [debug] [Thread-1 (]: On test.olist_semantic.accepted_values_fct_orders_order_status__delivered__shipped__canceled__unavailable__invoiced__processing__created__approved.d55a743ec8: ROLLBACK
[0m20:39:53.725615 [debug] [Thread-4 (]: On test.olist_semantic.accepted_values_fct_returns_resolution__REFUND__REPLACEMENT__STORE_CREDIT__REJECTED.75fa5fff2a: Close
[0m20:39:53.725719 [debug] [Thread-3 (]: On test.olist_semantic.accepted_values_fct_refunds_refund_type__FULL__PARTIAL__SHIPPING_ONLY__GOODWILL.7aa39d3cae: Close
[0m20:39:53.725913 [info ] [Thread-2 (]: 2 of 50 PASS accepted_values_fct_refunds_refund_status__PROCESSED__PENDING__FAILED__REVERSED  [[32mPASS[0m in 0.03s]
[0m20:39:53.726265 [debug] [Thread-1 (]: On test.olist_semantic.accepted_values_fct_orders_order_status__delivered__shipped__canceled__unavailable__invoiced__processing__created__approved.d55a743ec8: Close
[0m20:39:53.726158 [info ] [Thread-4 (]: 4 of 50 PASS accepted_values_fct_returns_resolution__REFUND__REPLACEMENT__STORE_CREDIT__REJECTED  [[32mPASS[0m in 0.03s]
[0m20:39:53.726622 [debug] [Thread-2 (]: Finished running node test.olist_semantic.accepted_values_fct_refunds_refund_status__PROCESSED__PENDING__FAILED__REVERSED.abcf75df38
[0m20:39:53.726463 [info ] [Thread-3 (]: 3 of 50 PASS accepted_values_fct_refunds_refund_type__FULL__PARTIAL__SHIPPING_ONLY__GOODWILL  [[32mPASS[0m in 0.03s]
[0m20:39:53.726825 [info ] [Thread-1 (]: 1 of 50 PASS accepted_values_fct_orders_order_status__delivered__shipped__canceled__unavailable__invoiced__processing__created__approved  [[32mPASS[0m in 0.03s]
[0m20:39:53.727001 [debug] [Thread-4 (]: Finished running node test.olist_semantic.accepted_values_fct_returns_resolution__REFUND__REPLACEMENT__STORE_CREDIT__REJECTED.75fa5fff2a
[0m20:39:53.727147 [debug] [Thread-2 (]: Began running node test.olist_semantic.accepted_values_fct_returns_return_reason__DAMAGED_IN_TRANSIT__DEFECTIVE__WRONG_ITEM__NOT_AS_DESCRIBED__MISSING_PARTS__SIZE_FIT__LATE_DELIVERY__NO_LONGER_WANTED.8e6b760ceb
[0m20:39:53.727331 [debug] [Thread-3 (]: Finished running node test.olist_semantic.accepted_values_fct_refunds_refund_type__FULL__PARTIAL__SHIPPING_ONLY__GOODWILL.7aa39d3cae
[0m20:39:53.727493 [debug] [Thread-1 (]: Finished running node test.olist_semantic.accepted_values_fct_orders_order_status__delivered__shipped__canceled__unavailable__invoiced__processing__created__approved.d55a743ec8
[0m20:39:53.727629 [debug] [Thread-4 (]: Began running node test.olist_semantic.accepted_values_fct_returns_return_status__COMPLETED__APPROVED__REJECTED__REQUESTED__IN_TRANSIT.c9d48e4299
[0m20:39:53.727766 [info ] [Thread-2 (]: 5 of 50 START test accepted_values_fct_returns_return_reason__DAMAGED_IN_TRANSIT__DEFECTIVE__WRONG_ITEM__NOT_AS_DESCRIBED__MISSING_PARTS__SIZE_FIT__LATE_DELIVERY__NO_LONGER_WANTED  [RUN]
[0m20:39:53.727893 [debug] [Thread-3 (]: Began running node test.olist_semantic.not_null_dim_customers_customer_unique_id.e3fe18087d
[0m20:39:53.728022 [debug] [Thread-1 (]: Began running node test.olist_semantic.not_null_dim_customers_lifetime_order_count.2fc33223e7
[0m20:39:53.728145 [info ] [Thread-4 (]: 6 of 50 START test accepted_values_fct_returns_return_status__COMPLETED__APPROVED__REJECTED__REQUESTED__IN_TRANSIT  [RUN]
[0m20:39:53.728288 [debug] [Thread-2 (]: Re-using an available connection from the pool (formerly test.olist_semantic.accepted_values_fct_refunds_refund_status__PROCESSED__PENDING__FAILED__REVERSED.abcf75df38, now test.olist_semantic.accepted_values_fct_returns_return_reason__DAMAGED_IN_TRANSIT__DEFECTIVE__WRONG_ITEM__NOT_AS_DESCRIBED__MISSING_PARTS__SIZE_FIT__LATE_DELIVERY__NO_LONGER_WANTED.8e6b760ceb)
[0m20:39:53.728405 [info ] [Thread-3 (]: 7 of 50 START test not_null_dim_customers_customer_unique_id ................... [RUN]
[0m20:39:53.728527 [info ] [Thread-1 (]: 8 of 50 START test not_null_dim_customers_lifetime_order_count ................. [RUN]
[0m20:39:53.728666 [debug] [Thread-4 (]: Re-using an available connection from the pool (formerly test.olist_semantic.accepted_values_fct_returns_resolution__REFUND__REPLACEMENT__STORE_CREDIT__REJECTED.75fa5fff2a, now test.olist_semantic.accepted_values_fct_returns_return_status__COMPLETED__APPROVED__REJECTED__REQUESTED__IN_TRANSIT.c9d48e4299)
[0m20:39:53.728785 [debug] [Thread-2 (]: Began compiling node test.olist_semantic.accepted_values_fct_returns_return_reason__DAMAGED_IN_TRANSIT__DEFECTIVE__WRONG_ITEM__NOT_AS_DESCRIBED__MISSING_PARTS__SIZE_FIT__LATE_DELIVERY__NO_LONGER_WANTED.8e6b760ceb
[0m20:39:53.728905 [debug] [Thread-3 (]: Re-using an available connection from the pool (formerly test.olist_semantic.accepted_values_fct_refunds_refund_type__FULL__PARTIAL__SHIPPING_ONLY__GOODWILL.7aa39d3cae, now test.olist_semantic.not_null_dim_customers_customer_unique_id.e3fe18087d)
[0m20:39:53.729034 [debug] [Thread-1 (]: Re-using an available connection from the pool (formerly test.olist_semantic.accepted_values_fct_orders_order_status__delivered__shipped__canceled__unavailable__invoiced__processing__created__approved.d55a743ec8, now test.olist_semantic.not_null_dim_customers_lifetime_order_count.2fc33223e7)
[0m20:39:53.729151 [debug] [Thread-4 (]: Began compiling node test.olist_semantic.accepted_values_fct_returns_return_status__COMPLETED__APPROVED__REJECTED__REQUESTED__IN_TRANSIT.c9d48e4299
[0m20:39:53.731204 [debug] [Thread-2 (]: Writing injected SQL for node "test.olist_semantic.accepted_values_fct_returns_return_reason__DAMAGED_IN_TRANSIT__DEFECTIVE__WRONG_ITEM__NOT_AS_DESCRIBED__MISSING_PARTS__SIZE_FIT__LATE_DELIVERY__NO_LONGER_WANTED.8e6b760ceb"
[0m20:39:53.731322 [debug] [Thread-3 (]: Began compiling node test.olist_semantic.not_null_dim_customers_customer_unique_id.e3fe18087d
[0m20:39:53.731433 [debug] [Thread-1 (]: Began compiling node test.olist_semantic.not_null_dim_customers_lifetime_order_count.2fc33223e7
[0m20:39:53.733604 [debug] [Thread-4 (]: Writing injected SQL for node "test.olist_semantic.accepted_values_fct_returns_return_status__COMPLETED__APPROVED__REJECTED__REQUESTED__IN_TRANSIT.c9d48e4299"
[0m20:39:53.736363 [debug] [Thread-3 (]: Writing injected SQL for node "test.olist_semantic.not_null_dim_customers_customer_unique_id.e3fe18087d"
[0m20:39:53.738119 [debug] [Thread-1 (]: Writing injected SQL for node "test.olist_semantic.not_null_dim_customers_lifetime_order_count.2fc33223e7"
[0m20:39:53.738334 [debug] [Thread-2 (]: Began executing node test.olist_semantic.accepted_values_fct_returns_return_reason__DAMAGED_IN_TRANSIT__DEFECTIVE__WRONG_ITEM__NOT_AS_DESCRIBED__MISSING_PARTS__SIZE_FIT__LATE_DELIVERY__NO_LONGER_WANTED.8e6b760ceb
[0m20:39:53.738799 [debug] [Thread-2 (]: Writing runtime sql for node "test.olist_semantic.accepted_values_fct_returns_return_reason__DAMAGED_IN_TRANSIT__DEFECTIVE__WRONG_ITEM__NOT_AS_DESCRIBED__MISSING_PARTS__SIZE_FIT__LATE_DELIVERY__NO_LONGER_WANTED.8e6b760ceb"
[0m20:39:53.738977 [debug] [Thread-4 (]: Began executing node test.olist_semantic.accepted_values_fct_returns_return_status__COMPLETED__APPROVED__REJECTED__REQUESTED__IN_TRANSIT.c9d48e4299
[0m20:39:53.739375 [debug] [Thread-4 (]: Writing runtime sql for node "test.olist_semantic.accepted_values_fct_returns_return_status__COMPLETED__APPROVED__REJECTED__REQUESTED__IN_TRANSIT.c9d48e4299"
[0m20:39:53.739526 [debug] [Thread-3 (]: Began executing node test.olist_semantic.not_null_dim_customers_customer_unique_id.e3fe18087d
[0m20:39:53.739955 [debug] [Thread-3 (]: Writing runtime sql for node "test.olist_semantic.not_null_dim_customers_customer_unique_id.e3fe18087d"
[0m20:39:53.740100 [debug] [Thread-1 (]: Began executing node test.olist_semantic.not_null_dim_customers_lifetime_order_count.2fc33223e7
[0m20:39:53.740707 [debug] [Thread-1 (]: Writing runtime sql for node "test.olist_semantic.not_null_dim_customers_lifetime_order_count.2fc33223e7"
[0m20:39:53.740896 [debug] [Thread-4 (]: Using duckdb connection "test.olist_semantic.accepted_values_fct_returns_return_status__COMPLETED__APPROVED__REJECTED__REQUESTED__IN_TRANSIT.c9d48e4299"
[0m20:39:53.741026 [debug] [Thread-4 (]: On test.olist_semantic.accepted_values_fct_returns_return_status__COMPLETED__APPROVED__REJECTED__REQUESTED__IN_TRANSIT.c9d48e4299: BEGIN
[0m20:39:53.741149 [debug] [Thread-4 (]: Opening a new connection, currently in state closed
[0m20:39:53.741277 [debug] [Thread-2 (]: Using duckdb connection "test.olist_semantic.accepted_values_fct_returns_return_reason__DAMAGED_IN_TRANSIT__DEFECTIVE__WRONG_ITEM__NOT_AS_DESCRIBED__MISSING_PARTS__SIZE_FIT__LATE_DELIVERY__NO_LONGER_WANTED.8e6b760ceb"
[0m20:39:53.741472 [debug] [Thread-2 (]: On test.olist_semantic.accepted_values_fct_returns_return_reason__DAMAGED_IN_TRANSIT__DEFECTIVE__WRONG_ITEM__NOT_AS_DESCRIBED__MISSING_PARTS__SIZE_FIT__LATE_DELIVERY__NO_LONGER_WANTED.8e6b760ceb: BEGIN
[0m20:39:53.741593 [debug] [Thread-3 (]: Using duckdb connection "test.olist_semantic.not_null_dim_customers_customer_unique_id.e3fe18087d"
[0m20:39:53.741702 [debug] [Thread-1 (]: Using duckdb connection "test.olist_semantic.not_null_dim_customers_lifetime_order_count.2fc33223e7"
[0m20:39:53.741791 [debug] [Thread-2 (]: Opening a new connection, currently in state closed
[0m20:39:53.741893 [debug] [Thread-4 (]: SQL status: OK in 0.001 seconds
[0m20:39:53.742001 [debug] [Thread-3 (]: On test.olist_semantic.not_null_dim_customers_customer_unique_id.e3fe18087d: BEGIN
[0m20:39:53.742110 [debug] [Thread-1 (]: On test.olist_semantic.not_null_dim_customers_lifetime_order_count.2fc33223e7: BEGIN
[0m20:39:53.742248 [debug] [Thread-4 (]: Using duckdb connection "test.olist_semantic.accepted_values_fct_returns_return_status__COMPLETED__APPROVED__REJECTED__REQUESTED__IN_TRANSIT.c9d48e4299"
[0m20:39:53.742359 [debug] [Thread-3 (]: Opening a new connection, currently in state closed
[0m20:39:53.742477 [debug] [Thread-2 (]: SQL status: OK in 0.001 seconds
[0m20:39:53.742574 [debug] [Thread-1 (]: Opening a new connection, currently in state closed
[0m20:39:53.742689 [debug] [Thread-4 (]: On test.olist_semantic.accepted_values_fct_returns_return_status__COMPLETED__APPROVED__REJECTED__REQUESTED__IN_TRANSIT.c9d48e4299: /* {"app": "dbt", "dbt_version": "1.12.5", "profile_name": "olist", "target_name": "dev", "node_id": "test.olist_semantic.accepted_values_fct_returns_return_status__COMPLETED__APPROVED__REJECTED__REQUESTED__IN_TRANSIT.c9d48e4299"} */

    
    select
      count(*) as failures,
      count(*) != 0 as should_warn,
      count(*) != 0 as should_error
    from (
      
    
  
    
    

with all_values as (

    select
        return_status as value_field,
        count(*) as n_records

    from "olist_dirty"."marts"."fct_returns"
    group by return_status

)

select *
from all_values
where value_field not in (
    'COMPLETED','APPROVED','REJECTED','REQUESTED','IN_TRANSIT'
)



  
  
      
    ) dbt_internal_test
[0m20:39:53.742848 [debug] [Thread-2 (]: Using duckdb connection "test.olist_semantic.accepted_values_fct_returns_return_reason__DAMAGED_IN_TRANSIT__DEFECTIVE__WRONG_ITEM__NOT_AS_DESCRIBED__MISSING_PARTS__SIZE_FIT__LATE_DELIVERY__NO_LONGER_WANTED.8e6b760ceb"
[0m20:39:53.742980 [debug] [Thread-3 (]: SQL status: OK in 0.001 seconds
[0m20:39:53.743135 [debug] [Thread-1 (]: SQL status: OK in 0.001 seconds
[0m20:39:53.743256 [debug] [Thread-2 (]: On test.olist_semantic.accepted_values_fct_returns_return_reason__DAMAGED_IN_TRANSIT__DEFECTIVE__WRONG_ITEM__NOT_AS_DESCRIBED__MISSING_PARTS__SIZE_FIT__LATE_DELIVERY__NO_LONGER_WANTED.8e6b760ceb: /* {"app": "dbt", "dbt_version": "1.12.5", "profile_name": "olist", "target_name": "dev", "node_id": "test.olist_semantic.accepted_values_fct_returns_return_reason__DAMAGED_IN_TRANSIT__DEFECTIVE__WRONG_ITEM__NOT_AS_DESCRIBED__MISSING_PARTS__SIZE_FIT__LATE_DELIVERY__NO_LONGER_WANTED.8e6b760ceb"} */

    
    select
      count(*) as failures,
      count(*) != 0 as should_warn,
      count(*) != 0 as should_error
    from (
      
    
  
    
    

with all_values as (

    select
        return_reason as value_field,
        count(*) as n_records

    from "olist_dirty"."marts"."fct_returns"
    group by return_reason

)

select *
from all_values
where value_field not in (
    'DAMAGED_IN_TRANSIT','DEFECTIVE','WRONG_ITEM','NOT_AS_DESCRIBED','MISSING_PARTS','SIZE_FIT','LATE_DELIVERY','NO_LONGER_WANTED'
)



  
  
      
    ) dbt_internal_test
[0m20:39:53.743379 [debug] [Thread-3 (]: Using duckdb connection "test.olist_semantic.not_null_dim_customers_customer_unique_id.e3fe18087d"
[0m20:39:53.743488 [debug] [Thread-4 (]: SQL status: OK in 0.000 seconds
[0m20:39:53.743586 [debug] [Thread-1 (]: Using duckdb connection "test.olist_semantic.not_null_dim_customers_lifetime_order_count.2fc33223e7"
[0m20:39:53.743742 [debug] [Thread-3 (]: On test.olist_semantic.not_null_dim_customers_customer_unique_id.e3fe18087d: /* {"app": "dbt", "dbt_version": "1.12.5", "profile_name": "olist", "target_name": "dev", "node_id": "test.olist_semantic.not_null_dim_customers_customer_unique_id.e3fe18087d"} */

    
    select
      count(*) as failures,
      count(*) != 0 as should_warn,
      count(*) != 0 as should_error
    from (
      
    
  
    
    



select customer_unique_id
from "olist_dirty"."marts"."dim_customers"
where customer_unique_id is null



  
  
      
    ) dbt_internal_test
[0m20:39:53.743888 [debug] [Thread-1 (]: On test.olist_semantic.not_null_dim_customers_lifetime_order_count.2fc33223e7: /* {"app": "dbt", "dbt_version": "1.12.5", "profile_name": "olist", "target_name": "dev", "node_id": "test.olist_semantic.not_null_dim_customers_lifetime_order_count.2fc33223e7"} */

    
    select
      count(*) as failures,
      count(*) != 0 as should_warn,
      count(*) != 0 as should_error
    from (
      
    
  
    
    



select lifetime_order_count
from "olist_dirty"."marts"."dim_customers"
where lifetime_order_count is null



  
  
      
    ) dbt_internal_test
[0m20:39:53.744097 [debug] [Thread-2 (]: SQL status: OK in 0.000 seconds
[0m20:39:53.744222 [debug] [Thread-3 (]: SQL status: OK in 0.000 seconds
[0m20:39:53.744688 [debug] [Thread-2 (]: On test.olist_semantic.accepted_values_fct_returns_return_reason__DAMAGED_IN_TRANSIT__DEFECTIVE__WRONG_ITEM__NOT_AS_DESCRIBED__MISSING_PARTS__SIZE_FIT__LATE_DELIVERY__NO_LONGER_WANTED.8e6b760ceb: ROLLBACK
[0m20:39:53.745127 [debug] [Thread-4 (]: On test.olist_semantic.accepted_values_fct_returns_return_status__COMPLETED__APPROVED__REJECTED__REQUESTED__IN_TRANSIT.c9d48e4299: ROLLBACK
[0m20:39:53.745540 [debug] [Thread-3 (]: On test.olist_semantic.not_null_dim_customers_customer_unique_id.e3fe18087d: ROLLBACK
[0m20:39:53.745672 [debug] [Thread-1 (]: SQL status: OK in 0.002 seconds
[0m20:39:53.745805 [debug] [Thread-2 (]: On test.olist_semantic.accepted_values_fct_returns_return_reason__DAMAGED_IN_TRANSIT__DEFECTIVE__WRONG_ITEM__NOT_AS_DESCRIBED__MISSING_PARTS__SIZE_FIT__LATE_DELIVERY__NO_LONGER_WANTED.8e6b760ceb: Close
[0m20:39:53.745910 [debug] [Thread-4 (]: On test.olist_semantic.accepted_values_fct_returns_return_status__COMPLETED__APPROVED__REJECTED__REQUESTED__IN_TRANSIT.c9d48e4299: Close
[0m20:39:53.746031 [debug] [Thread-3 (]: On test.olist_semantic.not_null_dim_customers_customer_unique_id.e3fe18087d: Close
[0m20:39:53.746653 [debug] [Thread-1 (]: On test.olist_semantic.not_null_dim_customers_lifetime_order_count.2fc33223e7: ROLLBACK
[0m20:39:53.746233 [info ] [Thread-2 (]: 5 of 50 PASS accepted_values_fct_returns_return_reason__DAMAGED_IN_TRANSIT__DEFECTIVE__WRONG_ITEM__NOT_AS_DESCRIBED__MISSING_PARTS__SIZE_FIT__LATE_DELIVERY__NO_LONGER_WANTED  [[32mPASS[0m in 0.02s]
[0m20:39:53.746868 [info ] [Thread-4 (]: 6 of 50 PASS accepted_values_fct_returns_return_status__COMPLETED__APPROVED__REJECTED__REQUESTED__IN_TRANSIT  [[32mPASS[0m in 0.02s]
[0m20:39:53.747050 [info ] [Thread-3 (]: 7 of 50 PASS not_null_dim_customers_customer_unique_id ......................... [[32mPASS[0m in 0.02s]
[0m20:39:53.747254 [debug] [Thread-2 (]: Finished running node test.olist_semantic.accepted_values_fct_returns_return_reason__DAMAGED_IN_TRANSIT__DEFECTIVE__WRONG_ITEM__NOT_AS_DESCRIBED__MISSING_PARTS__SIZE_FIT__LATE_DELIVERY__NO_LONGER_WANTED.8e6b760ceb
[0m20:39:53.747366 [debug] [Thread-1 (]: On test.olist_semantic.not_null_dim_customers_lifetime_order_count.2fc33223e7: Close
[0m20:39:53.747525 [debug] [Thread-4 (]: Finished running node test.olist_semantic.accepted_values_fct_returns_return_status__COMPLETED__APPROVED__REJECTED__REQUESTED__IN_TRANSIT.c9d48e4299
[0m20:39:53.747680 [debug] [Thread-3 (]: Finished running node test.olist_semantic.not_null_dim_customers_customer_unique_id.e3fe18087d
[0m20:39:53.747790 [debug] [Thread-2 (]: Began running node test.olist_semantic.not_null_dim_geography_zip_code_prefix.56fb18176c
[0m20:39:53.748046 [debug] [Thread-4 (]: Began running node test.olist_semantic.not_null_dim_products_category.b4c6ea8fb0
[0m20:39:53.747950 [info ] [Thread-1 (]: 8 of 50 PASS not_null_dim_customers_lifetime_order_count ....................... [[32mPASS[0m in 0.02s]
[0m20:39:53.748207 [debug] [Thread-3 (]: Began running node test.olist_semantic.not_null_dim_products_product_id.c8aba288d1
[0m20:39:53.748333 [info ] [Thread-2 (]: 9 of 50 START test not_null_dim_geography_zip_code_prefix ...................... [RUN]
[0m20:39:53.748454 [info ] [Thread-4 (]: 10 of 50 START test not_null_dim_products_category ............................. [RUN]
[0m20:39:53.748616 [debug] [Thread-1 (]: Finished running node test.olist_semantic.not_null_dim_customers_lifetime_order_count.2fc33223e7
[0m20:39:53.748725 [info ] [Thread-3 (]: 11 of 50 START test not_null_dim_products_product_id ........................... [RUN]
[0m20:39:53.748863 [debug] [Thread-2 (]: Re-using an available connection from the pool (formerly test.olist_semantic.accepted_values_fct_returns_return_reason__DAMAGED_IN_TRANSIT__DEFECTIVE__WRONG_ITEM__NOT_AS_DESCRIBED__MISSING_PARTS__SIZE_FIT__LATE_DELIVERY__NO_LONGER_WANTED.8e6b760ceb, now test.olist_semantic.not_null_dim_geography_zip_code_prefix.56fb18176c)
[0m20:39:53.749000 [debug] [Thread-4 (]: Re-using an available connection from the pool (formerly test.olist_semantic.accepted_values_fct_returns_return_status__COMPLETED__APPROVED__REJECTED__REQUESTED__IN_TRANSIT.c9d48e4299, now test.olist_semantic.not_null_dim_products_category.b4c6ea8fb0)
[0m20:39:53.749126 [debug] [Thread-1 (]: Began running node test.olist_semantic.not_null_dim_sellers_seller_id.2e68260d7c
[0m20:39:53.749257 [debug] [Thread-3 (]: Re-using an available connection from the pool (formerly test.olist_semantic.not_null_dim_customers_customer_unique_id.e3fe18087d, now test.olist_semantic.not_null_dim_products_product_id.c8aba288d1)
[0m20:39:53.749368 [debug] [Thread-2 (]: Began compiling node test.olist_semantic.not_null_dim_geography_zip_code_prefix.56fb18176c
[0m20:39:53.749473 [debug] [Thread-4 (]: Began compiling node test.olist_semantic.not_null_dim_products_category.b4c6ea8fb0
[0m20:39:53.749578 [info ] [Thread-1 (]: 12 of 50 START test not_null_dim_sellers_seller_id ............................. [RUN]
[0m20:39:53.749689 [debug] [Thread-3 (]: Began compiling node test.olist_semantic.not_null_dim_products_product_id.c8aba288d1
[0m20:39:53.751562 [debug] [Thread-2 (]: Writing injected SQL for node "test.olist_semantic.not_null_dim_geography_zip_code_prefix.56fb18176c"
[0m20:39:53.753405 [debug] [Thread-4 (]: Writing injected SQL for node "test.olist_semantic.not_null_dim_products_category.b4c6ea8fb0"
[0m20:39:53.753544 [debug] [Thread-1 (]: Re-using an available connection from the pool (formerly test.olist_semantic.not_null_dim_customers_lifetime_order_count.2fc33223e7, now test.olist_semantic.not_null_dim_sellers_seller_id.2e68260d7c)
[0m20:39:53.755474 [debug] [Thread-3 (]: Writing injected SQL for node "test.olist_semantic.not_null_dim_products_product_id.c8aba288d1"
[0m20:39:53.755637 [debug] [Thread-1 (]: Began compiling node test.olist_semantic.not_null_dim_sellers_seller_id.2e68260d7c
[0m20:39:53.757479 [debug] [Thread-1 (]: Writing injected SQL for node "test.olist_semantic.not_null_dim_sellers_seller_id.2e68260d7c"
[0m20:39:53.757615 [debug] [Thread-4 (]: Began executing node test.olist_semantic.not_null_dim_products_category.b4c6ea8fb0
[0m20:39:53.757733 [debug] [Thread-2 (]: Began executing node test.olist_semantic.not_null_dim_geography_zip_code_prefix.56fb18176c
[0m20:39:53.758175 [debug] [Thread-4 (]: Writing runtime sql for node "test.olist_semantic.not_null_dim_products_category.b4c6ea8fb0"
[0m20:39:53.758293 [debug] [Thread-3 (]: Began executing node test.olist_semantic.not_null_dim_products_product_id.c8aba288d1
[0m20:39:53.758718 [debug] [Thread-2 (]: Writing runtime sql for node "test.olist_semantic.not_null_dim_geography_zip_code_prefix.56fb18176c"
[0m20:39:53.758853 [debug] [Thread-1 (]: Began executing node test.olist_semantic.not_null_dim_sellers_seller_id.2e68260d7c
[0m20:39:53.759288 [debug] [Thread-3 (]: Writing runtime sql for node "test.olist_semantic.not_null_dim_products_product_id.c8aba288d1"
[0m20:39:53.759462 [debug] [Thread-4 (]: Using duckdb connection "test.olist_semantic.not_null_dim_products_category.b4c6ea8fb0"
[0m20:39:53.759895 [debug] [Thread-1 (]: Writing runtime sql for node "test.olist_semantic.not_null_dim_sellers_seller_id.2e68260d7c"
[0m20:39:53.760051 [debug] [Thread-4 (]: On test.olist_semantic.not_null_dim_products_category.b4c6ea8fb0: BEGIN
[0m20:39:53.760184 [debug] [Thread-2 (]: Using duckdb connection "test.olist_semantic.not_null_dim_geography_zip_code_prefix.56fb18176c"
[0m20:39:53.760341 [debug] [Thread-4 (]: Opening a new connection, currently in state closed
[0m20:39:53.760490 [debug] [Thread-3 (]: Using duckdb connection "test.olist_semantic.not_null_dim_products_product_id.c8aba288d1"
[0m20:39:53.760597 [debug] [Thread-2 (]: On test.olist_semantic.not_null_dim_geography_zip_code_prefix.56fb18176c: BEGIN
[0m20:39:53.760775 [debug] [Thread-3 (]: On test.olist_semantic.not_null_dim_products_product_id.c8aba288d1: BEGIN
[0m20:39:53.760896 [debug] [Thread-1 (]: Using duckdb connection "test.olist_semantic.not_null_dim_sellers_seller_id.2e68260d7c"
[0m20:39:53.761017 [debug] [Thread-2 (]: Opening a new connection, currently in state closed
[0m20:39:53.761138 [debug] [Thread-4 (]: SQL status: OK in 0.001 seconds
[0m20:39:53.761241 [debug] [Thread-3 (]: Opening a new connection, currently in state closed
[0m20:39:53.761354 [debug] [Thread-1 (]: On test.olist_semantic.not_null_dim_sellers_seller_id.2e68260d7c: BEGIN
[0m20:39:53.761493 [debug] [Thread-4 (]: Using duckdb connection "test.olist_semantic.not_null_dim_products_category.b4c6ea8fb0"
[0m20:39:53.761624 [debug] [Thread-2 (]: SQL status: OK in 0.001 seconds
[0m20:39:53.761725 [debug] [Thread-1 (]: Opening a new connection, currently in state closed
[0m20:39:53.761830 [debug] [Thread-3 (]: SQL status: OK in 0.001 seconds
[0m20:39:53.761937 [debug] [Thread-4 (]: On test.olist_semantic.not_null_dim_products_category.b4c6ea8fb0: /* {"app": "dbt", "dbt_version": "1.12.5", "profile_name": "olist", "target_name": "dev", "node_id": "test.olist_semantic.not_null_dim_products_category.b4c6ea8fb0"} */

    
    select
      count(*) as failures,
      count(*) != 0 as should_warn,
      count(*) != 0 as should_error
    from (
      
    
  
    
    



select category
from "olist_dirty"."marts"."dim_products"
where category is null



  
  
      
    ) dbt_internal_test
[0m20:39:53.762055 [debug] [Thread-2 (]: Using duckdb connection "test.olist_semantic.not_null_dim_geography_zip_code_prefix.56fb18176c"
[0m20:39:53.762200 [debug] [Thread-3 (]: Using duckdb connection "test.olist_semantic.not_null_dim_products_product_id.c8aba288d1"
[0m20:39:53.762340 [debug] [Thread-1 (]: SQL status: OK in 0.001 seconds
[0m20:39:53.762451 [debug] [Thread-2 (]: On test.olist_semantic.not_null_dim_geography_zip_code_prefix.56fb18176c: /* {"app": "dbt", "dbt_version": "1.12.5", "profile_name": "olist", "target_name": "dev", "node_id": "test.olist_semantic.not_null_dim_geography_zip_code_prefix.56fb18176c"} */

    
    select
      count(*) as failures,
      count(*) != 0 as should_warn,
      count(*) != 0 as should_error
    from (
      
    
  
    
    



select zip_code_prefix
from "olist_dirty"."marts"."dim_geography"
where zip_code_prefix is null



  
  
      
    ) dbt_internal_test
[0m20:39:53.762570 [debug] [Thread-3 (]: On test.olist_semantic.not_null_dim_products_product_id.c8aba288d1: /* {"app": "dbt", "dbt_version": "1.12.5", "profile_name": "olist", "target_name": "dev", "node_id": "test.olist_semantic.not_null_dim_products_product_id.c8aba288d1"} */

    
    select
      count(*) as failures,
      count(*) != 0 as should_warn,
      count(*) != 0 as should_error
    from (
      
    
  
    
    



select product_id
from "olist_dirty"."marts"."dim_products"
where product_id is null



  
  
      
    ) dbt_internal_test
[0m20:39:53.762681 [debug] [Thread-4 (]: SQL status: OK in 0.000 seconds
[0m20:39:53.762779 [debug] [Thread-1 (]: Using duckdb connection "test.olist_semantic.not_null_dim_sellers_seller_id.2e68260d7c"
[0m20:39:53.762991 [debug] [Thread-1 (]: On test.olist_semantic.not_null_dim_sellers_seller_id.2e68260d7c: /* {"app": "dbt", "dbt_version": "1.12.5", "profile_name": "olist", "target_name": "dev", "node_id": "test.olist_semantic.not_null_dim_sellers_seller_id.2e68260d7c"} */

    
    select
      count(*) as failures,
      count(*) != 0 as should_warn,
      count(*) != 0 as should_error
    from (
      
    
  
    
    



select seller_id
from "olist_dirty"."marts"."dim_sellers"
where seller_id is null



  
  
      
    ) dbt_internal_test
[0m20:39:53.763460 [debug] [Thread-4 (]: On test.olist_semantic.not_null_dim_products_category.b4c6ea8fb0: ROLLBACK
[0m20:39:53.763592 [debug] [Thread-3 (]: SQL status: OK in 0.001 seconds
[0m20:39:53.763700 [debug] [Thread-2 (]: SQL status: OK in 0.001 seconds
[0m20:39:53.763831 [debug] [Thread-1 (]: SQL status: OK in 0.001 seconds
[0m20:39:53.764268 [debug] [Thread-3 (]: On test.olist_semantic.not_null_dim_products_product_id.c8aba288d1: ROLLBACK
[0m20:39:53.764386 [debug] [Thread-4 (]: On test.olist_semantic.not_null_dim_products_category.b4c6ea8fb0: Close
[0m20:39:53.764761 [debug] [Thread-2 (]: On test.olist_semantic.not_null_dim_geography_zip_code_prefix.56fb18176c: ROLLBACK
[0m20:39:53.765172 [debug] [Thread-1 (]: On test.olist_semantic.not_null_dim_sellers_seller_id.2e68260d7c: ROLLBACK
[0m20:39:53.765298 [debug] [Thread-3 (]: On test.olist_semantic.not_null_dim_products_product_id.c8aba288d1: Close
[0m20:39:53.765494 [info ] [Thread-4 (]: 10 of 50 PASS not_null_dim_products_category ................................... [[32mPASS[0m in 0.02s]
[0m20:39:53.765650 [debug] [Thread-2 (]: On test.olist_semantic.not_null_dim_geography_zip_code_prefix.56fb18176c: Close
[0m20:39:53.765901 [debug] [Thread-1 (]: On test.olist_semantic.not_null_dim_sellers_seller_id.2e68260d7c: Close
[0m20:39:53.766060 [debug] [Thread-4 (]: Finished running node test.olist_semantic.not_null_dim_products_category.b4c6ea8fb0
[0m20:39:53.765815 [info ] [Thread-3 (]: 11 of 50 PASS not_null_dim_products_product_id ................................. [[32mPASS[0m in 0.02s]
[0m20:39:53.766260 [info ] [Thread-2 (]: 9 of 50 PASS not_null_dim_geography_zip_code_prefix ............................ [[32mPASS[0m in 0.02s]
[0m20:39:53.766546 [debug] [Thread-4 (]: Began running node test.olist_semantic.not_null_fct_coupon_redemptions_discount_amount.6742c97092
[0m20:39:53.766434 [info ] [Thread-1 (]: 12 of 50 PASS not_null_dim_sellers_seller_id ................................... [[32mPASS[0m in 0.01s]
[0m20:39:53.766747 [debug] [Thread-3 (]: Finished running node test.olist_semantic.not_null_dim_products_product_id.c8aba288d1
[0m20:39:53.766917 [debug] [Thread-2 (]: Finished running node test.olist_semantic.not_null_dim_geography_zip_code_prefix.56fb18176c
[0m20:39:53.767033 [info ] [Thread-4 (]: 13 of 50 START test not_null_fct_coupon_redemptions_discount_amount ............ [RUN]
[0m20:39:53.767196 [debug] [Thread-1 (]: Finished running node test.olist_semantic.not_null_dim_sellers_seller_id.2e68260d7c
[0m20:39:53.767315 [debug] [Thread-3 (]: Began running node test.olist_semantic.not_null_fct_coupon_redemptions_order_id.3ecec930a4
[0m20:39:53.767431 [debug] [Thread-2 (]: Began running node test.olist_semantic.not_null_fct_coupon_redemptions_redemption_id.b6ef7275dc
[0m20:39:53.767561 [debug] [Thread-4 (]: Re-using an available connection from the pool (formerly test.olist_semantic.not_null_dim_products_category.b4c6ea8fb0, now test.olist_semantic.not_null_fct_coupon_redemptions_discount_amount.6742c97092)
[0m20:39:53.767684 [debug] [Thread-1 (]: Began running node test.olist_semantic.not_null_fct_order_items_item_price.0079bb1896
[0m20:39:53.767803 [info ] [Thread-3 (]: 14 of 50 START test not_null_fct_coupon_redemptions_order_id ................... [RUN]
[0m20:39:53.767922 [info ] [Thread-2 (]: 15 of 50 START test not_null_fct_coupon_redemptions_redemption_id .............. [RUN]
[0m20:39:53.768040 [debug] [Thread-4 (]: Began compiling node test.olist_semantic.not_null_fct_coupon_redemptions_discount_amount.6742c97092
[0m20:39:53.768150 [info ] [Thread-1 (]: 16 of 50 START test not_null_fct_order_items_item_price ........................ [RUN]
[0m20:39:53.768282 [debug] [Thread-3 (]: Re-using an available connection from the pool (formerly test.olist_semantic.not_null_dim_products_product_id.c8aba288d1, now test.olist_semantic.not_null_fct_coupon_redemptions_order_id.3ecec930a4)
[0m20:39:53.768408 [debug] [Thread-2 (]: Re-using an available connection from the pool (formerly test.olist_semantic.not_null_dim_geography_zip_code_prefix.56fb18176c, now test.olist_semantic.not_null_fct_coupon_redemptions_redemption_id.b6ef7275dc)
[0m20:39:53.770713 [debug] [Thread-4 (]: Writing injected SQL for node "test.olist_semantic.not_null_fct_coupon_redemptions_discount_amount.6742c97092"
[0m20:39:53.770850 [debug] [Thread-1 (]: Re-using an available connection from the pool (formerly test.olist_semantic.not_null_dim_sellers_seller_id.2e68260d7c, now test.olist_semantic.not_null_fct_order_items_item_price.0079bb1896)
[0m20:39:53.770961 [debug] [Thread-3 (]: Began compiling node test.olist_semantic.not_null_fct_coupon_redemptions_order_id.3ecec930a4
[0m20:39:53.771077 [debug] [Thread-2 (]: Began compiling node test.olist_semantic.not_null_fct_coupon_redemptions_redemption_id.b6ef7275dc
[0m20:39:53.771207 [debug] [Thread-1 (]: Began compiling node test.olist_semantic.not_null_fct_order_items_item_price.0079bb1896
[0m20:39:53.773004 [debug] [Thread-3 (]: Writing injected SQL for node "test.olist_semantic.not_null_fct_coupon_redemptions_order_id.3ecec930a4"
[0m20:39:53.774751 [debug] [Thread-2 (]: Writing injected SQL for node "test.olist_semantic.not_null_fct_coupon_redemptions_redemption_id.b6ef7275dc"
[0m20:39:53.776693 [debug] [Thread-1 (]: Writing injected SQL for node "test.olist_semantic.not_null_fct_order_items_item_price.0079bb1896"
[0m20:39:53.776878 [debug] [Thread-4 (]: Began executing node test.olist_semantic.not_null_fct_coupon_redemptions_discount_amount.6742c97092
[0m20:39:53.777325 [debug] [Thread-4 (]: Writing runtime sql for node "test.olist_semantic.not_null_fct_coupon_redemptions_discount_amount.6742c97092"
[0m20:39:53.777492 [debug] [Thread-1 (]: Began executing node test.olist_semantic.not_null_fct_order_items_item_price.0079bb1896
[0m20:39:53.777597 [debug] [Thread-2 (]: Began executing node test.olist_semantic.not_null_fct_coupon_redemptions_redemption_id.b6ef7275dc
[0m20:39:53.778046 [debug] [Thread-1 (]: Writing runtime sql for node "test.olist_semantic.not_null_fct_order_items_item_price.0079bb1896"
[0m20:39:53.778160 [debug] [Thread-3 (]: Began executing node test.olist_semantic.not_null_fct_coupon_redemptions_order_id.3ecec930a4
[0m20:39:53.778579 [debug] [Thread-2 (]: Writing runtime sql for node "test.olist_semantic.not_null_fct_coupon_redemptions_redemption_id.b6ef7275dc"
[0m20:39:53.778720 [debug] [Thread-4 (]: Using duckdb connection "test.olist_semantic.not_null_fct_coupon_redemptions_discount_amount.6742c97092"
[0m20:39:53.779176 [debug] [Thread-3 (]: Writing runtime sql for node "test.olist_semantic.not_null_fct_coupon_redemptions_order_id.3ecec930a4"
[0m20:39:53.779325 [debug] [Thread-4 (]: On test.olist_semantic.not_null_fct_coupon_redemptions_discount_amount.6742c97092: BEGIN
[0m20:39:53.779488 [debug] [Thread-1 (]: Using duckdb connection "test.olist_semantic.not_null_fct_order_items_item_price.0079bb1896"
[0m20:39:53.779598 [debug] [Thread-4 (]: Opening a new connection, currently in state closed
[0m20:39:53.779726 [debug] [Thread-2 (]: Using duckdb connection "test.olist_semantic.not_null_fct_coupon_redemptions_redemption_id.b6ef7275dc"
[0m20:39:53.779829 [debug] [Thread-1 (]: On test.olist_semantic.not_null_fct_order_items_item_price.0079bb1896: BEGIN
[0m20:39:53.779948 [debug] [Thread-3 (]: Using duckdb connection "test.olist_semantic.not_null_fct_coupon_redemptions_order_id.3ecec930a4"
[0m20:39:53.780107 [debug] [Thread-2 (]: On test.olist_semantic.not_null_fct_coupon_redemptions_redemption_id.b6ef7275dc: BEGIN
[0m20:39:53.780213 [debug] [Thread-1 (]: Opening a new connection, currently in state closed
[0m20:39:53.780321 [debug] [Thread-4 (]: SQL status: OK in 0.001 seconds
[0m20:39:53.780421 [debug] [Thread-3 (]: On test.olist_semantic.not_null_fct_coupon_redemptions_order_id.3ecec930a4: BEGIN
[0m20:39:53.780528 [debug] [Thread-2 (]: Opening a new connection, currently in state closed
[0m20:39:53.780662 [debug] [Thread-4 (]: Using duckdb connection "test.olist_semantic.not_null_fct_coupon_redemptions_discount_amount.6742c97092"
[0m20:39:53.780763 [debug] [Thread-3 (]: Opening a new connection, currently in state closed
[0m20:39:53.780867 [debug] [Thread-1 (]: SQL status: OK in 0.001 seconds
[0m20:39:53.780998 [debug] [Thread-4 (]: On test.olist_semantic.not_null_fct_coupon_redemptions_discount_amount.6742c97092: /* {"app": "dbt", "dbt_version": "1.12.5", "profile_name": "olist", "target_name": "dev", "node_id": "test.olist_semantic.not_null_fct_coupon_redemptions_discount_amount.6742c97092"} */

    
    select
      count(*) as failures,
      count(*) != 0 as should_warn,
      count(*) != 0 as should_error
    from (
      
    
  
    
    



select discount_amount
from "olist_dirty"."marts"."fct_coupon_redemptions"
where discount_amount is null



  
  
      
    ) dbt_internal_test
[0m20:39:53.781147 [debug] [Thread-2 (]: SQL status: OK in 0.001 seconds
[0m20:39:53.781242 [debug] [Thread-1 (]: Using duckdb connection "test.olist_semantic.not_null_fct_order_items_item_price.0079bb1896"
[0m20:39:53.781347 [debug] [Thread-3 (]: SQL status: OK in 0.001 seconds
[0m20:39:53.781480 [debug] [Thread-2 (]: Using duckdb connection "test.olist_semantic.not_null_fct_coupon_redemptions_redemption_id.b6ef7275dc"
[0m20:39:53.781594 [debug] [Thread-1 (]: On test.olist_semantic.not_null_fct_order_items_item_price.0079bb1896: /* {"app": "dbt", "dbt_version": "1.12.5", "profile_name": "olist", "target_name": "dev", "node_id": "test.olist_semantic.not_null_fct_order_items_item_price.0079bb1896"} */

    
    select
      count(*) as failures,
      count(*) != 0 as should_warn,
      count(*) != 0 as should_error
    from (
      
    
  
    
    



select item_price
from "olist_dirty"."marts"."fct_order_items"
where item_price is null



  
  
      
    ) dbt_internal_test
[0m20:39:53.781705 [debug] [Thread-3 (]: Using duckdb connection "test.olist_semantic.not_null_fct_coupon_redemptions_order_id.3ecec930a4"
[0m20:39:53.781811 [debug] [Thread-4 (]: SQL status: OK in 0.000 seconds
[0m20:39:53.781916 [debug] [Thread-2 (]: On test.olist_semantic.not_null_fct_coupon_redemptions_redemption_id.b6ef7275dc: /* {"app": "dbt", "dbt_version": "1.12.5", "profile_name": "olist", "target_name": "dev", "node_id": "test.olist_semantic.not_null_fct_coupon_redemptions_redemption_id.b6ef7275dc"} */

    
    select
      count(*) as failures,
      count(*) != 0 as should_warn,
      count(*) != 0 as should_error
    from (
      
    
  
    
    



select redemption_id
from "olist_dirty"."marts"."fct_coupon_redemptions"
where redemption_id is null



  
  
      
    ) dbt_internal_test
[0m20:39:53.782080 [debug] [Thread-3 (]: On test.olist_semantic.not_null_fct_coupon_redemptions_order_id.3ecec930a4: /* {"app": "dbt", "dbt_version": "1.12.5", "profile_name": "olist", "target_name": "dev", "node_id": "test.olist_semantic.not_null_fct_coupon_redemptions_order_id.3ecec930a4"} */

    
    select
      count(*) as failures,
      count(*) != 0 as should_warn,
      count(*) != 0 as should_error
    from (
      
    
  
    
    



select order_id
from "olist_dirty"."marts"."fct_coupon_redemptions"
where order_id is null



  
  
      
    ) dbt_internal_test
[0m20:39:53.782211 [debug] [Thread-1 (]: SQL status: OK in 0.000 seconds
[0m20:39:53.782648 [debug] [Thread-4 (]: On test.olist_semantic.not_null_fct_coupon_redemptions_discount_amount.6742c97092: ROLLBACK
[0m20:39:53.783157 [debug] [Thread-1 (]: On test.olist_semantic.not_null_fct_order_items_item_price.0079bb1896: ROLLBACK
[0m20:39:53.783316 [debug] [Thread-3 (]: SQL status: OK in 0.001 seconds
[0m20:39:53.783440 [debug] [Thread-2 (]: SQL status: OK in 0.001 seconds
[0m20:39:53.783876 [debug] [Thread-3 (]: On test.olist_semantic.not_null_fct_coupon_redemptions_order_id.3ecec930a4: ROLLBACK
[0m20:39:53.784284 [debug] [Thread-2 (]: On test.olist_semantic.not_null_fct_coupon_redemptions_redemption_id.b6ef7275dc: ROLLBACK
[0m20:39:53.784415 [debug] [Thread-4 (]: On test.olist_semantic.not_null_fct_coupon_redemptions_discount_amount.6742c97092: Close
[0m20:39:53.784523 [debug] [Thread-3 (]: On test.olist_semantic.not_null_fct_coupon_redemptions_order_id.3ecec930a4: Close
[0m20:39:53.784640 [debug] [Thread-2 (]: On test.olist_semantic.not_null_fct_coupon_redemptions_redemption_id.b6ef7275dc: Close
[0m20:39:53.784740 [debug] [Thread-1 (]: On test.olist_semantic.not_null_fct_order_items_item_price.0079bb1896: Close
[0m20:39:53.784907 [info ] [Thread-4 (]: 13 of 50 PASS not_null_fct_coupon_redemptions_discount_amount .................. [[32mPASS[0m in 0.02s]
[0m20:39:53.785101 [info ] [Thread-3 (]: 14 of 50 PASS not_null_fct_coupon_redemptions_order_id ......................... [[32mPASS[0m in 0.02s]
[0m20:39:53.785277 [info ] [Thread-2 (]: 15 of 50 PASS not_null_fct_coupon_redemptions_redemption_id .................... [[32mPASS[0m in 0.02s]
[0m20:39:53.785583 [debug] [Thread-4 (]: Finished running node test.olist_semantic.not_null_fct_coupon_redemptions_discount_amount.6742c97092
[0m20:39:53.785444 [info ] [Thread-1 (]: 16 of 50 PASS not_null_fct_order_items_item_price .............................. [[32mPASS[0m in 0.01s]
[0m20:39:53.785753 [debug] [Thread-3 (]: Finished running node test.olist_semantic.not_null_fct_coupon_redemptions_order_id.3ecec930a4
[0m20:39:53.785908 [debug] [Thread-2 (]: Finished running node test.olist_semantic.not_null_fct_coupon_redemptions_redemption_id.b6ef7275dc
[0m20:39:53.786034 [debug] [Thread-4 (]: Began running node test.olist_semantic.not_null_fct_order_items_order_id.e887a2de02
[0m20:39:53.786197 [debug] [Thread-1 (]: Finished running node test.olist_semantic.not_null_fct_order_items_item_price.0079bb1896
[0m20:39:53.786314 [debug] [Thread-3 (]: Began running node test.olist_semantic.not_null_fct_order_reviews_order_id.fbfbc6d1dc
[0m20:39:53.786435 [debug] [Thread-2 (]: Began running node test.olist_semantic.not_null_fct_orders_customer_unique_id.7193037620
[0m20:39:53.786571 [info ] [Thread-4 (]: 17 of 50 START test not_null_fct_order_items_order_id .......................... [RUN]
[0m20:39:53.786700 [debug] [Thread-1 (]: Began running node test.olist_semantic.not_null_fct_orders_merchandise_value.b0599ea937
[0m20:39:53.786820 [info ] [Thread-3 (]: 18 of 50 START test not_null_fct_order_reviews_order_id ........................ [RUN]
[0m20:39:53.786913 [info ] [Thread-2 (]: 19 of 50 START test not_null_fct_orders_customer_unique_id ..................... [RUN]
[0m20:39:53.787071 [debug] [Thread-4 (]: Re-using an available connection from the pool (formerly test.olist_semantic.not_null_fct_coupon_redemptions_discount_amount.6742c97092, now test.olist_semantic.not_null_fct_order_items_order_id.e887a2de02)
[0m20:39:53.787182 [info ] [Thread-1 (]: 20 of 50 START test not_null_fct_orders_merchandise_value ...................... [RUN]
[0m20:39:53.787318 [debug] [Thread-3 (]: Re-using an available connection from the pool (formerly test.olist_semantic.not_null_fct_coupon_redemptions_order_id.3ecec930a4, now test.olist_semantic.not_null_fct_order_reviews_order_id.fbfbc6d1dc)
[0m20:39:53.787446 [debug] [Thread-2 (]: Re-using an available connection from the pool (formerly test.olist_semantic.not_null_fct_coupon_redemptions_redemption_id.b6ef7275dc, now test.olist_semantic.not_null_fct_orders_customer_unique_id.7193037620)
[0m20:39:53.787549 [debug] [Thread-4 (]: Began compiling node test.olist_semantic.not_null_fct_order_items_order_id.e887a2de02
[0m20:39:53.787651 [debug] [Thread-1 (]: Re-using an available connection from the pool (formerly test.olist_semantic.not_null_fct_order_items_item_price.0079bb1896, now test.olist_semantic.not_null_fct_orders_merchandise_value.b0599ea937)
[0m20:39:53.787744 [debug] [Thread-3 (]: Began compiling node test.olist_semantic.not_null_fct_order_reviews_order_id.fbfbc6d1dc
[0m20:39:53.787834 [debug] [Thread-2 (]: Began compiling node test.olist_semantic.not_null_fct_orders_customer_unique_id.7193037620
[0m20:39:53.789947 [debug] [Thread-4 (]: Writing injected SQL for node "test.olist_semantic.not_null_fct_order_items_order_id.e887a2de02"
[0m20:39:53.790056 [debug] [Thread-1 (]: Began compiling node test.olist_semantic.not_null_fct_orders_merchandise_value.b0599ea937
[0m20:39:53.791888 [debug] [Thread-3 (]: Writing injected SQL for node "test.olist_semantic.not_null_fct_order_reviews_order_id.fbfbc6d1dc"
[0m20:39:53.793598 [debug] [Thread-2 (]: Writing injected SQL for node "test.olist_semantic.not_null_fct_orders_customer_unique_id.7193037620"
[0m20:39:53.795363 [debug] [Thread-1 (]: Writing injected SQL for node "test.olist_semantic.not_null_fct_orders_merchandise_value.b0599ea937"
[0m20:39:53.795582 [debug] [Thread-4 (]: Began executing node test.olist_semantic.not_null_fct_order_items_order_id.e887a2de02
[0m20:39:53.796012 [debug] [Thread-4 (]: Writing runtime sql for node "test.olist_semantic.not_null_fct_order_items_order_id.e887a2de02"
[0m20:39:53.796139 [debug] [Thread-3 (]: Began executing node test.olist_semantic.not_null_fct_order_reviews_order_id.fbfbc6d1dc
[0m20:39:53.796554 [debug] [Thread-3 (]: Writing runtime sql for node "test.olist_semantic.not_null_fct_order_reviews_order_id.fbfbc6d1dc"
[0m20:39:53.796709 [debug] [Thread-2 (]: Began executing node test.olist_semantic.not_null_fct_orders_customer_unique_id.7193037620
[0m20:39:53.796816 [debug] [Thread-1 (]: Began executing node test.olist_semantic.not_null_fct_orders_merchandise_value.b0599ea937
[0m20:39:53.797435 [debug] [Thread-2 (]: Writing runtime sql for node "test.olist_semantic.not_null_fct_orders_customer_unique_id.7193037620"
[0m20:39:53.797568 [debug] [Thread-4 (]: Using duckdb connection "test.olist_semantic.not_null_fct_order_items_order_id.e887a2de02"
[0m20:39:53.797978 [debug] [Thread-1 (]: Writing runtime sql for node "test.olist_semantic.not_null_fct_orders_merchandise_value.b0599ea937"
[0m20:39:53.798111 [debug] [Thread-3 (]: Using duckdb connection "test.olist_semantic.not_null_fct_order_reviews_order_id.fbfbc6d1dc"
[0m20:39:53.798238 [debug] [Thread-4 (]: On test.olist_semantic.not_null_fct_order_items_order_id.e887a2de02: BEGIN
[0m20:39:53.798385 [debug] [Thread-3 (]: On test.olist_semantic.not_null_fct_order_reviews_order_id.fbfbc6d1dc: BEGIN
[0m20:39:53.798505 [debug] [Thread-4 (]: Opening a new connection, currently in state closed
[0m20:39:53.798612 [debug] [Thread-2 (]: Using duckdb connection "test.olist_semantic.not_null_fct_orders_customer_unique_id.7193037620"
[0m20:39:53.798719 [debug] [Thread-3 (]: Opening a new connection, currently in state closed
[0m20:39:53.798826 [debug] [Thread-1 (]: Using duckdb connection "test.olist_semantic.not_null_fct_orders_merchandise_value.b0599ea937"
[0m20:39:53.798961 [debug] [Thread-2 (]: On test.olist_semantic.not_null_fct_orders_customer_unique_id.7193037620: BEGIN
[0m20:39:53.799108 [debug] [Thread-4 (]: SQL status: OK in 0.001 seconds
[0m20:39:53.799209 [debug] [Thread-1 (]: On test.olist_semantic.not_null_fct_orders_merchandise_value.b0599ea937: BEGIN
[0m20:39:53.799309 [debug] [Thread-2 (]: Opening a new connection, currently in state closed
[0m20:39:53.799416 [debug] [Thread-3 (]: SQL status: OK in 0.001 seconds
[0m20:39:53.799532 [debug] [Thread-4 (]: Using duckdb connection "test.olist_semantic.not_null_fct_order_items_order_id.e887a2de02"
[0m20:39:53.799642 [debug] [Thread-1 (]: Opening a new connection, currently in state closed
[0m20:39:53.799772 [debug] [Thread-3 (]: Using duckdb connection "test.olist_semantic.not_null_fct_order_reviews_order_id.fbfbc6d1dc"
[0m20:39:53.799884 [debug] [Thread-4 (]: On test.olist_semantic.not_null_fct_order_items_order_id.e887a2de02: /* {"app": "dbt", "dbt_version": "1.12.5", "profile_name": "olist", "target_name": "dev", "node_id": "test.olist_semantic.not_null_fct_order_items_order_id.e887a2de02"} */

    
    select
      count(*) as failures,
      count(*) != 0 as should_warn,
      count(*) != 0 as should_error
    from (
      
    
  
    
    



select order_id
from "olist_dirty"."marts"."fct_order_items"
where order_id is null



  
  
      
    ) dbt_internal_test
[0m20:39:53.799993 [debug] [Thread-2 (]: SQL status: OK in 0.001 seconds
[0m20:39:53.800128 [debug] [Thread-3 (]: On test.olist_semantic.not_null_fct_order_reviews_order_id.fbfbc6d1dc: /* {"app": "dbt", "dbt_version": "1.12.5", "profile_name": "olist", "target_name": "dev", "node_id": "test.olist_semantic.not_null_fct_order_reviews_order_id.fbfbc6d1dc"} */

    
    select
      count(*) as failures,
      count(*) != 0 as should_warn,
      count(*) != 0 as should_error
    from (
      
    
  
    
    



select order_id
from "olist_dirty"."marts"."fct_order_reviews"
where order_id is null



  
  
      
    ) dbt_internal_test
[0m20:39:53.800267 [debug] [Thread-1 (]: SQL status: OK in 0.001 seconds
[0m20:39:53.800386 [debug] [Thread-2 (]: Using duckdb connection "test.olist_semantic.not_null_fct_orders_customer_unique_id.7193037620"
[0m20:39:53.800517 [debug] [Thread-4 (]: SQL status: OK in 0.000 seconds
[0m20:39:53.800622 [debug] [Thread-1 (]: Using duckdb connection "test.olist_semantic.not_null_fct_orders_merchandise_value.b0599ea937"
[0m20:39:53.800731 [debug] [Thread-3 (]: SQL status: OK in 0.000 seconds
[0m20:39:53.800842 [debug] [Thread-2 (]: On test.olist_semantic.not_null_fct_orders_customer_unique_id.7193037620: /* {"app": "dbt", "dbt_version": "1.12.5", "profile_name": "olist", "target_name": "dev", "node_id": "test.olist_semantic.not_null_fct_orders_customer_unique_id.7193037620"} */

    
    select
      count(*) as failures,
      count(*) != 0 as should_warn,
      count(*) != 0 as should_error
    from (
      
    
  
    
    



select customer_unique_id
from "olist_dirty"."marts"."fct_orders"
where customer_unique_id is null



  
  
      
    ) dbt_internal_test
[0m20:39:53.800981 [debug] [Thread-1 (]: On test.olist_semantic.not_null_fct_orders_merchandise_value.b0599ea937: /* {"app": "dbt", "dbt_version": "1.12.5", "profile_name": "olist", "target_name": "dev", "node_id": "test.olist_semantic.not_null_fct_orders_merchandise_value.b0599ea937"} */

    
    select
      count(*) as failures,
      count(*) != 0 as should_warn,
      count(*) != 0 as should_error
    from (
      
    
  
    
    



select merchandise_value
from "olist_dirty"."marts"."fct_orders"
where merchandise_value is null



  
  
      
    ) dbt_internal_test
[0m20:39:53.801428 [debug] [Thread-4 (]: On test.olist_semantic.not_null_fct_order_items_order_id.e887a2de02: ROLLBACK
[0m20:39:53.801847 [debug] [Thread-3 (]: On test.olist_semantic.not_null_fct_order_reviews_order_id.fbfbc6d1dc: ROLLBACK
[0m20:39:53.801993 [debug] [Thread-2 (]: SQL status: OK in 0.000 seconds
[0m20:39:53.802114 [debug] [Thread-1 (]: SQL status: OK in 0.000 seconds
[0m20:39:53.802261 [debug] [Thread-4 (]: On test.olist_semantic.not_null_fct_order_items_order_id.e887a2de02: Close
[0m20:39:53.802369 [debug] [Thread-3 (]: On test.olist_semantic.not_null_fct_order_reviews_order_id.fbfbc6d1dc: Close
[0m20:39:53.802731 [debug] [Thread-2 (]: On test.olist_semantic.not_null_fct_orders_customer_unique_id.7193037620: ROLLBACK
[0m20:39:53.803150 [debug] [Thread-1 (]: On test.olist_semantic.not_null_fct_orders_merchandise_value.b0599ea937: ROLLBACK
[0m20:39:53.803322 [info ] [Thread-4 (]: 17 of 50 PASS not_null_fct_order_items_order_id ................................ [[32mPASS[0m in 0.02s]
[0m20:39:53.803520 [info ] [Thread-3 (]: 18 of 50 PASS not_null_fct_order_reviews_order_id .............................. [[32mPASS[0m in 0.02s]
[0m20:39:53.803665 [debug] [Thread-2 (]: On test.olist_semantic.not_null_fct_orders_customer_unique_id.7193037620: Close
[0m20:39:53.803833 [debug] [Thread-4 (]: Finished running node test.olist_semantic.not_null_fct_order_items_order_id.e887a2de02
[0m20:39:53.803987 [debug] [Thread-3 (]: Finished running node test.olist_semantic.not_null_fct_order_reviews_order_id.fbfbc6d1dc
[0m20:39:53.804089 [debug] [Thread-1 (]: On test.olist_semantic.not_null_fct_orders_merchandise_value.b0599ea937: Close
[0m20:39:53.804358 [debug] [Thread-4 (]: Began running node test.olist_semantic.not_null_fct_orders_order_id.4e687af8d0
[0m20:39:53.804255 [info ] [Thread-2 (]: 19 of 50 PASS not_null_fct_orders_customer_unique_id ........................... [[32mPASS[0m in 0.02s]
[0m20:39:53.804511 [debug] [Thread-3 (]: Began running node test.olist_semantic.not_null_fct_payments_order_id.2d22bc5686
[0m20:39:53.804691 [info ] [Thread-1 (]: 20 of 50 PASS not_null_fct_orders_merchandise_value ............................ [[32mPASS[0m in 0.02s]
[0m20:39:53.804798 [info ] [Thread-4 (]: 21 of 50 START test not_null_fct_orders_order_id ............................... [RUN]
[0m20:39:53.805005 [debug] [Thread-2 (]: Finished running node test.olist_semantic.not_null_fct_orders_customer_unique_id.7193037620
[0m20:39:53.805115 [info ] [Thread-3 (]: 22 of 50 START test not_null_fct_payments_order_id ............................. [RUN]
[0m20:39:53.805277 [debug] [Thread-1 (]: Finished running node test.olist_semantic.not_null_fct_orders_merchandise_value.b0599ea937
[0m20:39:53.805401 [debug] [Thread-4 (]: Re-using an available connection from the pool (formerly test.olist_semantic.not_null_fct_order_items_order_id.e887a2de02, now test.olist_semantic.not_null_fct_orders_order_id.4e687af8d0)
[0m20:39:53.805525 [debug] [Thread-2 (]: Began running node test.olist_semantic.not_null_fct_refunds_order_id.ecf1204848
[0m20:39:53.805656 [debug] [Thread-3 (]: Re-using an available connection from the pool (formerly test.olist_semantic.not_null_fct_order_reviews_order_id.fbfbc6d1dc, now test.olist_semantic.not_null_fct_payments_order_id.2d22bc5686)
[0m20:39:53.805778 [debug] [Thread-1 (]: Began running node test.olist_semantic.not_null_fct_refunds_refund_id.c36d257a77
[0m20:39:53.805889 [debug] [Thread-4 (]: Began compiling node test.olist_semantic.not_null_fct_orders_order_id.4e687af8d0
[0m20:39:53.805996 [info ] [Thread-2 (]: 23 of 50 START test not_null_fct_refunds_order_id .............................. [RUN]
[0m20:39:53.806122 [debug] [Thread-3 (]: Began compiling node test.olist_semantic.not_null_fct_payments_order_id.2d22bc5686
[0m20:39:53.806229 [info ] [Thread-1 (]: 24 of 50 START test not_null_fct_refunds_refund_id ............................. [RUN]
[0m20:39:53.808147 [debug] [Thread-4 (]: Writing injected SQL for node "test.olist_semantic.not_null_fct_orders_order_id.4e687af8d0"
[0m20:39:53.808284 [debug] [Thread-2 (]: Re-using an available connection from the pool (formerly test.olist_semantic.not_null_fct_orders_customer_unique_id.7193037620, now test.olist_semantic.not_null_fct_refunds_order_id.ecf1204848)
[0m20:39:53.810029 [debug] [Thread-3 (]: Writing injected SQL for node "test.olist_semantic.not_null_fct_payments_order_id.2d22bc5686"
[0m20:39:53.810167 [debug] [Thread-1 (]: Re-using an available connection from the pool (formerly test.olist_semantic.not_null_fct_orders_merchandise_value.b0599ea937, now test.olist_semantic.not_null_fct_refunds_refund_id.c36d257a77)
[0m20:39:53.810313 [debug] [Thread-2 (]: Began compiling node test.olist_semantic.not_null_fct_refunds_order_id.ecf1204848
[0m20:39:53.810440 [debug] [Thread-1 (]: Began compiling node test.olist_semantic.not_null_fct_refunds_refund_id.c36d257a77
[0m20:39:53.812501 [debug] [Thread-2 (]: Writing injected SQL for node "test.olist_semantic.not_null_fct_refunds_order_id.ecf1204848"
[0m20:39:53.814240 [debug] [Thread-1 (]: Writing injected SQL for node "test.olist_semantic.not_null_fct_refunds_refund_id.c36d257a77"
[0m20:39:53.814396 [debug] [Thread-4 (]: Began executing node test.olist_semantic.not_null_fct_orders_order_id.4e687af8d0
[0m20:39:53.814847 [debug] [Thread-4 (]: Writing runtime sql for node "test.olist_semantic.not_null_fct_orders_order_id.4e687af8d0"
[0m20:39:53.814951 [debug] [Thread-3 (]: Began executing node test.olist_semantic.not_null_fct_payments_order_id.2d22bc5686
[0m20:39:53.815400 [debug] [Thread-3 (]: Writing runtime sql for node "test.olist_semantic.not_null_fct_payments_order_id.2d22bc5686"
[0m20:39:53.815504 [debug] [Thread-1 (]: Began executing node test.olist_semantic.not_null_fct_refunds_refund_id.c36d257a77
[0m20:39:53.815623 [debug] [Thread-2 (]: Began executing node test.olist_semantic.not_null_fct_refunds_order_id.ecf1204848
[0m20:39:53.816046 [debug] [Thread-1 (]: Writing runtime sql for node "test.olist_semantic.not_null_fct_refunds_refund_id.c36d257a77"
[0m20:39:53.816165 [debug] [Thread-4 (]: Using duckdb connection "test.olist_semantic.not_null_fct_orders_order_id.4e687af8d0"
[0m20:39:53.816574 [debug] [Thread-2 (]: Writing runtime sql for node "test.olist_semantic.not_null_fct_refunds_order_id.ecf1204848"
[0m20:39:53.816720 [debug] [Thread-4 (]: On test.olist_semantic.not_null_fct_orders_order_id.4e687af8d0: BEGIN
[0m20:39:53.816838 [debug] [Thread-3 (]: Using duckdb connection "test.olist_semantic.not_null_fct_payments_order_id.2d22bc5686"
[0m20:39:53.816991 [debug] [Thread-1 (]: Using duckdb connection "test.olist_semantic.not_null_fct_refunds_refund_id.c36d257a77"
[0m20:39:53.817095 [debug] [Thread-4 (]: Opening a new connection, currently in state closed
[0m20:39:53.817207 [debug] [Thread-3 (]: On test.olist_semantic.not_null_fct_payments_order_id.2d22bc5686: BEGIN
[0m20:39:53.817314 [debug] [Thread-1 (]: On test.olist_semantic.not_null_fct_refunds_refund_id.c36d257a77: BEGIN
[0m20:39:53.817478 [debug] [Thread-2 (]: Using duckdb connection "test.olist_semantic.not_null_fct_refunds_order_id.ecf1204848"
[0m20:39:53.817577 [debug] [Thread-3 (]: Opening a new connection, currently in state closed
[0m20:39:53.817675 [debug] [Thread-1 (]: Opening a new connection, currently in state closed
[0m20:39:53.817771 [debug] [Thread-4 (]: SQL status: OK in 0.001 seconds
[0m20:39:53.817870 [debug] [Thread-2 (]: On test.olist_semantic.not_null_fct_refunds_order_id.ecf1204848: BEGIN
[0m20:39:53.818038 [debug] [Thread-4 (]: Using duckdb connection "test.olist_semantic.not_null_fct_orders_order_id.4e687af8d0"
[0m20:39:53.818135 [debug] [Thread-3 (]: SQL status: OK in 0.001 seconds
[0m20:39:53.818231 [debug] [Thread-1 (]: SQL status: OK in 0.001 seconds
[0m20:39:53.818327 [debug] [Thread-2 (]: Opening a new connection, currently in state closed
[0m20:39:53.818435 [debug] [Thread-4 (]: On test.olist_semantic.not_null_fct_orders_order_id.4e687af8d0: /* {"app": "dbt", "dbt_version": "1.12.5", "profile_name": "olist", "target_name": "dev", "node_id": "test.olist_semantic.not_null_fct_orders_order_id.4e687af8d0"} */

    
    select
      count(*) as failures,
      count(*) != 0 as should_warn,
      count(*) != 0 as should_error
    from (
      
    
  
    
    



select order_id
from "olist_dirty"."marts"."fct_orders"
where order_id is null



  
  
      
    ) dbt_internal_test
[0m20:39:53.818547 [debug] [Thread-3 (]: Using duckdb connection "test.olist_semantic.not_null_fct_payments_order_id.2d22bc5686"
[0m20:39:53.818642 [debug] [Thread-1 (]: Using duckdb connection "test.olist_semantic.not_null_fct_refunds_refund_id.c36d257a77"
[0m20:39:53.818819 [debug] [Thread-3 (]: On test.olist_semantic.not_null_fct_payments_order_id.2d22bc5686: /* {"app": "dbt", "dbt_version": "1.12.5", "profile_name": "olist", "target_name": "dev", "node_id": "test.olist_semantic.not_null_fct_payments_order_id.2d22bc5686"} */

    
    select
      count(*) as failures,
      count(*) != 0 as should_warn,
      count(*) != 0 as should_error
    from (
      
    
  
    
    



select order_id
from "olist_dirty"."marts"."fct_payments"
where order_id is null



  
  
      
    ) dbt_internal_test
[0m20:39:53.818942 [debug] [Thread-1 (]: On test.olist_semantic.not_null_fct_refunds_refund_id.c36d257a77: /* {"app": "dbt", "dbt_version": "1.12.5", "profile_name": "olist", "target_name": "dev", "node_id": "test.olist_semantic.not_null_fct_refunds_refund_id.c36d257a77"} */

    
    select
      count(*) as failures,
      count(*) != 0 as should_warn,
      count(*) != 0 as should_error
    from (
      
    
  
    
    



select refund_id
from "olist_dirty"."marts"."fct_refunds"
where refund_id is null



  
  
      
    ) dbt_internal_test
[0m20:39:53.819044 [debug] [Thread-2 (]: SQL status: OK in 0.001 seconds
[0m20:39:53.819154 [debug] [Thread-4 (]: SQL status: OK in 0.000 seconds
[0m20:39:53.819329 [debug] [Thread-2 (]: Using duckdb connection "test.olist_semantic.not_null_fct_refunds_order_id.ecf1204848"
[0m20:39:53.819452 [debug] [Thread-3 (]: SQL status: OK in 0.000 seconds
[0m20:39:53.819562 [debug] [Thread-1 (]: SQL status: OK in 0.000 seconds
[0m20:39:53.819972 [debug] [Thread-4 (]: On test.olist_semantic.not_null_fct_orders_order_id.4e687af8d0: ROLLBACK
[0m20:39:53.820090 [debug] [Thread-2 (]: On test.olist_semantic.not_null_fct_refunds_order_id.ecf1204848: /* {"app": "dbt", "dbt_version": "1.12.5", "profile_name": "olist", "target_name": "dev", "node_id": "test.olist_semantic.not_null_fct_refunds_order_id.ecf1204848"} */

    
    select
      count(*) as failures,
      count(*) != 0 as should_warn,
      count(*) != 0 as should_error
    from (
      
    
  
    
    



select order_id
from "olist_dirty"."marts"."fct_refunds"
where order_id is null



  
  
      
    ) dbt_internal_test
[0m20:39:53.820549 [debug] [Thread-3 (]: On test.olist_semantic.not_null_fct_payments_order_id.2d22bc5686: ROLLBACK
[0m20:39:53.820934 [debug] [Thread-1 (]: On test.olist_semantic.not_null_fct_refunds_refund_id.c36d257a77: ROLLBACK
[0m20:39:53.821100 [debug] [Thread-4 (]: On test.olist_semantic.not_null_fct_orders_order_id.4e687af8d0: Close
[0m20:39:53.821227 [debug] [Thread-2 (]: SQL status: OK in 0.000 seconds
[0m20:39:53.821351 [debug] [Thread-3 (]: On test.olist_semantic.not_null_fct_payments_order_id.2d22bc5686: Close
[0m20:39:53.821518 [info ] [Thread-4 (]: 21 of 50 PASS not_null_fct_orders_order_id ..................................... [[32mPASS[0m in 0.02s]
[0m20:39:53.821652 [debug] [Thread-1 (]: On test.olist_semantic.not_null_fct_refunds_refund_id.c36d257a77: Close
[0m20:39:53.822028 [debug] [Thread-2 (]: On test.olist_semantic.not_null_fct_refunds_order_id.ecf1204848: ROLLBACK
[0m20:39:53.822185 [info ] [Thread-3 (]: 22 of 50 PASS not_null_fct_payments_order_id ................................... [[32mPASS[0m in 0.02s]
[0m20:39:53.822352 [debug] [Thread-4 (]: Finished running node test.olist_semantic.not_null_fct_orders_order_id.4e687af8d0
[0m20:39:53.822529 [info ] [Thread-1 (]: 24 of 50 PASS not_null_fct_refunds_refund_id ................................... [[32mPASS[0m in 0.01s]
[0m20:39:53.822716 [debug] [Thread-3 (]: Finished running node test.olist_semantic.not_null_fct_payments_order_id.2d22bc5686
[0m20:39:53.822819 [debug] [Thread-2 (]: On test.olist_semantic.not_null_fct_refunds_order_id.ecf1204848: Close
[0m20:39:53.822930 [debug] [Thread-4 (]: Began running node test.olist_semantic.not_null_fct_replacements_original_order_id.aa4e9dccc7
[0m20:39:53.823103 [debug] [Thread-1 (]: Finished running node test.olist_semantic.not_null_fct_refunds_refund_id.c36d257a77
[0m20:39:53.823220 [debug] [Thread-3 (]: Began running node test.olist_semantic.not_null_fct_replacements_replacement_order_id.61194c8af4
[0m20:39:53.823391 [info ] [Thread-2 (]: 23 of 50 PASS not_null_fct_refunds_order_id .................................... [[32mPASS[0m in 0.02s]
[0m20:39:53.823516 [info ] [Thread-4 (]: 25 of 50 START test not_null_fct_replacements_original_order_id ................ [RUN]
[0m20:39:53.823654 [debug] [Thread-1 (]: Began running node test.olist_semantic.not_null_fct_returns_order_id.7f84faf97d
[0m20:39:53.823778 [info ] [Thread-3 (]: 26 of 50 START test not_null_fct_replacements_replacement_order_id ............. [RUN]
[0m20:39:53.823939 [debug] [Thread-2 (]: Finished running node test.olist_semantic.not_null_fct_refunds_order_id.ecf1204848
[0m20:39:53.824063 [debug] [Thread-4 (]: Re-using an available connection from the pool (formerly test.olist_semantic.not_null_fct_orders_order_id.4e687af8d0, now test.olist_semantic.not_null_fct_replacements_original_order_id.aa4e9dccc7)
[0m20:39:53.824177 [info ] [Thread-1 (]: 27 of 50 START test not_null_fct_returns_order_id .............................. [RUN]
[0m20:39:53.824312 [debug] [Thread-3 (]: Re-using an available connection from the pool (formerly test.olist_semantic.not_null_fct_payments_order_id.2d22bc5686, now test.olist_semantic.not_null_fct_replacements_replacement_order_id.61194c8af4)
[0m20:39:53.824437 [debug] [Thread-2 (]: Began running node test.olist_semantic.not_null_fct_returns_return_id.f5e79b5df0
[0m20:39:53.824551 [debug] [Thread-4 (]: Began compiling node test.olist_semantic.not_null_fct_replacements_original_order_id.aa4e9dccc7
[0m20:39:53.824675 [debug] [Thread-1 (]: Re-using an available connection from the pool (formerly test.olist_semantic.not_null_fct_refunds_refund_id.c36d257a77, now test.olist_semantic.not_null_fct_returns_order_id.7f84faf97d)
[0m20:39:53.824785 [debug] [Thread-3 (]: Began compiling node test.olist_semantic.not_null_fct_replacements_replacement_order_id.61194c8af4
[0m20:39:53.824891 [info ] [Thread-2 (]: 28 of 50 START test not_null_fct_returns_return_id ............................. [RUN]
[0m20:39:53.826959 [debug] [Thread-4 (]: Writing injected SQL for node "test.olist_semantic.not_null_fct_replacements_original_order_id.aa4e9dccc7"
[0m20:39:53.827072 [debug] [Thread-1 (]: Began compiling node test.olist_semantic.not_null_fct_returns_order_id.7f84faf97d
[0m20:39:53.828894 [debug] [Thread-3 (]: Writing injected SQL for node "test.olist_semantic.not_null_fct_replacements_replacement_order_id.61194c8af4"
[0m20:39:53.829020 [debug] [Thread-2 (]: Re-using an available connection from the pool (formerly test.olist_semantic.not_null_fct_refunds_order_id.ecf1204848, now test.olist_semantic.not_null_fct_returns_return_id.f5e79b5df0)
[0m20:39:53.830785 [debug] [Thread-1 (]: Writing injected SQL for node "test.olist_semantic.not_null_fct_returns_order_id.7f84faf97d"
[0m20:39:53.830926 [debug] [Thread-2 (]: Began compiling node test.olist_semantic.not_null_fct_returns_return_id.f5e79b5df0
[0m20:39:53.833742 [debug] [Thread-2 (]: Writing injected SQL for node "test.olist_semantic.not_null_fct_returns_return_id.f5e79b5df0"
[0m20:39:53.833882 [debug] [Thread-4 (]: Began executing node test.olist_semantic.not_null_fct_replacements_original_order_id.aa4e9dccc7
[0m20:39:53.833991 [debug] [Thread-3 (]: Began executing node test.olist_semantic.not_null_fct_replacements_replacement_order_id.61194c8af4
[0m20:39:53.834419 [debug] [Thread-4 (]: Writing runtime sql for node "test.olist_semantic.not_null_fct_replacements_original_order_id.aa4e9dccc7"
[0m20:39:53.834836 [debug] [Thread-3 (]: Writing runtime sql for node "test.olist_semantic.not_null_fct_replacements_replacement_order_id.61194c8af4"
[0m20:39:53.834986 [debug] [Thread-1 (]: Began executing node test.olist_semantic.not_null_fct_returns_order_id.7f84faf97d
[0m20:39:53.835098 [debug] [Thread-2 (]: Began executing node test.olist_semantic.not_null_fct_returns_return_id.f5e79b5df0
[0m20:39:53.835553 [debug] [Thread-1 (]: Writing runtime sql for node "test.olist_semantic.not_null_fct_returns_order_id.7f84faf97d"
[0m20:39:53.835961 [debug] [Thread-2 (]: Writing runtime sql for node "test.olist_semantic.not_null_fct_returns_return_id.f5e79b5df0"
[0m20:39:53.836072 [debug] [Thread-4 (]: Using duckdb connection "test.olist_semantic.not_null_fct_replacements_original_order_id.aa4e9dccc7"
[0m20:39:53.836237 [debug] [Thread-3 (]: Using duckdb connection "test.olist_semantic.not_null_fct_replacements_replacement_order_id.61194c8af4"
[0m20:39:53.836381 [debug] [Thread-4 (]: On test.olist_semantic.not_null_fct_replacements_original_order_id.aa4e9dccc7: BEGIN
[0m20:39:53.836491 [debug] [Thread-3 (]: On test.olist_semantic.not_null_fct_replacements_replacement_order_id.61194c8af4: BEGIN
[0m20:39:53.836617 [debug] [Thread-1 (]: Using duckdb connection "test.olist_semantic.not_null_fct_returns_order_id.7f84faf97d"
[0m20:39:53.836721 [debug] [Thread-4 (]: Opening a new connection, currently in state closed
[0m20:39:53.836852 [debug] [Thread-2 (]: Using duckdb connection "test.olist_semantic.not_null_fct_returns_return_id.f5e79b5df0"
[0m20:39:53.836949 [debug] [Thread-3 (]: Opening a new connection, currently in state closed
[0m20:39:53.837051 [debug] [Thread-1 (]: On test.olist_semantic.not_null_fct_returns_order_id.7f84faf97d: BEGIN
[0m20:39:53.837187 [debug] [Thread-2 (]: On test.olist_semantic.not_null_fct_returns_return_id.f5e79b5df0: BEGIN
[0m20:39:53.837329 [debug] [Thread-4 (]: SQL status: OK in 0.001 seconds
[0m20:39:53.837438 [debug] [Thread-1 (]: Opening a new connection, currently in state closed
[0m20:39:53.837541 [debug] [Thread-2 (]: Opening a new connection, currently in state closed
[0m20:39:53.837641 [debug] [Thread-3 (]: SQL status: OK in 0.001 seconds
[0m20:39:53.837740 [debug] [Thread-4 (]: Using duckdb connection "test.olist_semantic.not_null_fct_replacements_original_order_id.aa4e9dccc7"
[0m20:39:53.837909 [debug] [Thread-3 (]: Using duckdb connection "test.olist_semantic.not_null_fct_replacements_replacement_order_id.61194c8af4"
[0m20:39:53.838009 [debug] [Thread-1 (]: SQL status: OK in 0.001 seconds
[0m20:39:53.838125 [debug] [Thread-4 (]: On test.olist_semantic.not_null_fct_replacements_original_order_id.aa4e9dccc7: /* {"app": "dbt", "dbt_version": "1.12.5", "profile_name": "olist", "target_name": "dev", "node_id": "test.olist_semantic.not_null_fct_replacements_original_order_id.aa4e9dccc7"} */

    
    select
      count(*) as failures,
      count(*) != 0 as should_warn,
      count(*) != 0 as should_error
    from (
      
    
  
    
    



select original_order_id
from "olist_dirty"."marts"."fct_replacements"
where original_order_id is null



  
  
      
    ) dbt_internal_test
[0m20:39:53.838235 [debug] [Thread-2 (]: SQL status: OK in 0.001 seconds
[0m20:39:53.838339 [debug] [Thread-3 (]: On test.olist_semantic.not_null_fct_replacements_replacement_order_id.61194c8af4: /* {"app": "dbt", "dbt_version": "1.12.5", "profile_name": "olist", "target_name": "dev", "node_id": "test.olist_semantic.not_null_fct_replacements_replacement_order_id.61194c8af4"} */

    
    select
      count(*) as failures,
      count(*) != 0 as should_warn,
      count(*) != 0 as should_error
    from (
      
    
  
    
    



select replacement_order_id
from "olist_dirty"."marts"."fct_replacements"
where replacement_order_id is null



  
  
      
    ) dbt_internal_test
[0m20:39:53.838446 [debug] [Thread-1 (]: Using duckdb connection "test.olist_semantic.not_null_fct_returns_order_id.7f84faf97d"
[0m20:39:53.838577 [debug] [Thread-2 (]: Using duckdb connection "test.olist_semantic.not_null_fct_returns_return_id.f5e79b5df0"
[0m20:39:53.838730 [debug] [Thread-1 (]: On test.olist_semantic.not_null_fct_returns_order_id.7f84faf97d: /* {"app": "dbt", "dbt_version": "1.12.5", "profile_name": "olist", "target_name": "dev", "node_id": "test.olist_semantic.not_null_fct_returns_order_id.7f84faf97d"} */

    
    select
      count(*) as failures,
      count(*) != 0 as should_warn,
      count(*) != 0 as should_error
    from (
      
    
  
    
    



select order_id
from "olist_dirty"."marts"."fct_returns"
where order_id is null



  
  
      
    ) dbt_internal_test
[0m20:39:53.838852 [debug] [Thread-2 (]: On test.olist_semantic.not_null_fct_returns_return_id.f5e79b5df0: /* {"app": "dbt", "dbt_version": "1.12.5", "profile_name": "olist", "target_name": "dev", "node_id": "test.olist_semantic.not_null_fct_returns_return_id.f5e79b5df0"} */

    
    select
      count(*) as failures,
      count(*) != 0 as should_warn,
      count(*) != 0 as should_error
    from (
      
    
  
    
    



select return_id
from "olist_dirty"."marts"."fct_returns"
where return_id is null



  
  
      
    ) dbt_internal_test
[0m20:39:53.838953 [debug] [Thread-4 (]: SQL status: OK in 0.000 seconds
[0m20:39:53.839068 [debug] [Thread-3 (]: SQL status: OK in 0.000 seconds
[0m20:39:53.839559 [debug] [Thread-4 (]: On test.olist_semantic.not_null_fct_replacements_original_order_id.aa4e9dccc7: ROLLBACK
[0m20:39:53.839680 [debug] [Thread-2 (]: SQL status: OK in 0.000 seconds
[0m20:39:53.840109 [debug] [Thread-3 (]: On test.olist_semantic.not_null_fct_replacements_replacement_order_id.61194c8af4: ROLLBACK
[0m20:39:53.840231 [debug] [Thread-1 (]: SQL status: OK in 0.001 seconds
[0m20:39:53.840336 [debug] [Thread-4 (]: On test.olist_semantic.not_null_fct_replacements_original_order_id.aa4e9dccc7: Close
[0m20:39:53.840759 [debug] [Thread-2 (]: On test.olist_semantic.not_null_fct_returns_return_id.f5e79b5df0: ROLLBACK
[0m20:39:53.840890 [debug] [Thread-3 (]: On test.olist_semantic.not_null_fct_replacements_replacement_order_id.61194c8af4: Close
[0m20:39:53.841422 [debug] [Thread-1 (]: On test.olist_semantic.not_null_fct_returns_order_id.7f84faf97d: ROLLBACK
[0m20:39:53.841069 [info ] [Thread-4 (]: 25 of 50 PASS not_null_fct_replacements_original_order_id ...................... [[32mPASS[0m in 0.02s]
[0m20:39:53.841638 [info ] [Thread-3 (]: 26 of 50 PASS not_null_fct_replacements_replacement_order_id ................... [[32mPASS[0m in 0.02s]
[0m20:39:53.841821 [debug] [Thread-4 (]: Finished running node test.olist_semantic.not_null_fct_replacements_original_order_id.aa4e9dccc7
[0m20:39:53.841921 [debug] [Thread-2 (]: On test.olist_semantic.not_null_fct_returns_return_id.f5e79b5df0: Close
[0m20:39:53.842078 [debug] [Thread-3 (]: Finished running node test.olist_semantic.not_null_fct_replacements_replacement_order_id.61194c8af4
[0m20:39:53.842181 [debug] [Thread-1 (]: On test.olist_semantic.not_null_fct_returns_order_id.7f84faf97d: Close
[0m20:39:53.842297 [debug] [Thread-4 (]: Began running node test.olist_semantic.not_null_fct_returns_return_reason.b107ea4086
[0m20:39:53.842572 [debug] [Thread-3 (]: Began running node test.olist_semantic.not_null_fct_returns_return_status.3e3e20d937
[0m20:39:53.842479 [info ] [Thread-2 (]: 28 of 50 PASS not_null_fct_returns_return_id ................................... [[32mPASS[0m in 0.01s]
[0m20:39:53.842777 [info ] [Thread-1 (]: 27 of 50 PASS not_null_fct_returns_order_id .................................... [[32mPASS[0m in 0.02s]
[0m20:39:53.842896 [info ] [Thread-4 (]: 29 of 50 START test not_null_fct_returns_return_reason ......................... [RUN]
[0m20:39:53.843019 [info ] [Thread-3 (]: 30 of 50 START test not_null_fct_returns_return_status ......................... [RUN]
[0m20:39:53.843178 [debug] [Thread-2 (]: Finished running node test.olist_semantic.not_null_fct_returns_return_id.f5e79b5df0
[0m20:39:53.843327 [debug] [Thread-1 (]: Finished running node test.olist_semantic.not_null_fct_returns_order_id.7f84faf97d
[0m20:39:53.843451 [debug] [Thread-4 (]: Re-using an available connection from the pool (formerly test.olist_semantic.not_null_fct_replacements_original_order_id.aa4e9dccc7, now test.olist_semantic.not_null_fct_returns_return_reason.b107ea4086)
[0m20:39:53.843579 [debug] [Thread-3 (]: Re-using an available connection from the pool (formerly test.olist_semantic.not_null_fct_replacements_replacement_order_id.61194c8af4, now test.olist_semantic.not_null_fct_returns_return_status.3e3e20d937)
[0m20:39:53.843707 [debug] [Thread-2 (]: Began running node test.olist_semantic.relationships_fct_coupon_redemptions_order_id__order_id__ref_fct_orders_.468f75cd74
[0m20:39:53.843833 [debug] [Thread-1 (]: Began running node test.olist_semantic.relationships_fct_order_items_order_id__order_id__ref_fct_orders_.f1e7dbc0ec
[0m20:39:53.843945 [debug] [Thread-4 (]: Began compiling node test.olist_semantic.not_null_fct_returns_return_reason.b107ea4086
[0m20:39:53.844048 [debug] [Thread-3 (]: Began compiling node test.olist_semantic.not_null_fct_returns_return_status.3e3e20d937
[0m20:39:53.844160 [info ] [Thread-2 (]: 31 of 50 START test relationships_fct_coupon_redemptions_order_id__order_id__ref_fct_orders_  [RUN]
[0m20:39:53.844279 [info ] [Thread-1 (]: 32 of 50 START test relationships_fct_order_items_order_id__order_id__ref_fct_orders_  [RUN]
[0m20:39:53.846328 [debug] [Thread-4 (]: Writing injected SQL for node "test.olist_semantic.not_null_fct_returns_return_reason.b107ea4086"
[0m20:39:53.848073 [debug] [Thread-3 (]: Writing injected SQL for node "test.olist_semantic.not_null_fct_returns_return_status.3e3e20d937"
[0m20:39:53.848210 [debug] [Thread-2 (]: Re-using an available connection from the pool (formerly test.olist_semantic.not_null_fct_returns_return_id.f5e79b5df0, now test.olist_semantic.relationships_fct_coupon_redemptions_order_id__order_id__ref_fct_orders_.468f75cd74)
[0m20:39:53.848339 [debug] [Thread-1 (]: Re-using an available connection from the pool (formerly test.olist_semantic.not_null_fct_returns_order_id.7f84faf97d, now test.olist_semantic.relationships_fct_order_items_order_id__order_id__ref_fct_orders_.f1e7dbc0ec)
[0m20:39:53.848504 [debug] [Thread-2 (]: Began compiling node test.olist_semantic.relationships_fct_coupon_redemptions_order_id__order_id__ref_fct_orders_.468f75cd74
[0m20:39:53.848627 [debug] [Thread-1 (]: Began compiling node test.olist_semantic.relationships_fct_order_items_order_id__order_id__ref_fct_orders_.f1e7dbc0ec
[0m20:39:53.851797 [debug] [Thread-2 (]: Writing injected SQL for node "test.olist_semantic.relationships_fct_coupon_redemptions_order_id__order_id__ref_fct_orders_.468f75cd74"
[0m20:39:53.851928 [debug] [Thread-3 (]: Began executing node test.olist_semantic.not_null_fct_returns_return_status.3e3e20d937
[0m20:39:53.854985 [debug] [Thread-1 (]: Writing injected SQL for node "test.olist_semantic.relationships_fct_order_items_order_id__order_id__ref_fct_orders_.f1e7dbc0ec"
[0m20:39:53.855143 [debug] [Thread-4 (]: Began executing node test.olist_semantic.not_null_fct_returns_return_reason.b107ea4086
[0m20:39:53.855573 [debug] [Thread-3 (]: Writing runtime sql for node "test.olist_semantic.not_null_fct_returns_return_status.3e3e20d937"
[0m20:39:53.856043 [debug] [Thread-4 (]: Writing runtime sql for node "test.olist_semantic.not_null_fct_returns_return_reason.b107ea4086"
[0m20:39:53.856166 [debug] [Thread-2 (]: Began executing node test.olist_semantic.relationships_fct_coupon_redemptions_order_id__order_id__ref_fct_orders_.468f75cd74
[0m20:39:53.856649 [debug] [Thread-2 (]: Writing runtime sql for node "test.olist_semantic.relationships_fct_coupon_redemptions_order_id__order_id__ref_fct_orders_.468f75cd74"
[0m20:39:53.856764 [debug] [Thread-1 (]: Began executing node test.olist_semantic.relationships_fct_order_items_order_id__order_id__ref_fct_orders_.f1e7dbc0ec
[0m20:39:53.857226 [debug] [Thread-1 (]: Writing runtime sql for node "test.olist_semantic.relationships_fct_order_items_order_id__order_id__ref_fct_orders_.f1e7dbc0ec"
[0m20:39:53.857358 [debug] [Thread-4 (]: Using duckdb connection "test.olist_semantic.not_null_fct_returns_return_reason.b107ea4086"
[0m20:39:53.857498 [debug] [Thread-3 (]: Using duckdb connection "test.olist_semantic.not_null_fct_returns_return_status.3e3e20d937"
[0m20:39:53.857608 [debug] [Thread-4 (]: On test.olist_semantic.not_null_fct_returns_return_reason.b107ea4086: BEGIN
[0m20:39:53.857727 [debug] [Thread-3 (]: On test.olist_semantic.not_null_fct_returns_return_status.3e3e20d937: BEGIN
[0m20:39:53.857851 [debug] [Thread-1 (]: Using duckdb connection "test.olist_semantic.relationships_fct_order_items_order_id__order_id__ref_fct_orders_.f1e7dbc0ec"
[0m20:39:53.857960 [debug] [Thread-4 (]: Opening a new connection, currently in state closed
[0m20:39:53.858084 [debug] [Thread-2 (]: Using duckdb connection "test.olist_semantic.relationships_fct_coupon_redemptions_order_id__order_id__ref_fct_orders_.468f75cd74"
[0m20:39:53.858180 [debug] [Thread-3 (]: Opening a new connection, currently in state closed
[0m20:39:53.858288 [debug] [Thread-1 (]: On test.olist_semantic.relationships_fct_order_items_order_id__order_id__ref_fct_orders_.f1e7dbc0ec: BEGIN
[0m20:39:53.858439 [debug] [Thread-2 (]: On test.olist_semantic.relationships_fct_coupon_redemptions_order_id__order_id__ref_fct_orders_.468f75cd74: BEGIN
[0m20:39:53.858573 [debug] [Thread-4 (]: SQL status: OK in 0.001 seconds
[0m20:39:53.858680 [debug] [Thread-1 (]: Opening a new connection, currently in state closed
[0m20:39:53.858777 [debug] [Thread-3 (]: SQL status: OK in 0.001 seconds
[0m20:39:53.858868 [debug] [Thread-2 (]: Opening a new connection, currently in state closed
[0m20:39:53.858971 [debug] [Thread-4 (]: Using duckdb connection "test.olist_semantic.not_null_fct_returns_return_reason.b107ea4086"
[0m20:39:53.859096 [debug] [Thread-3 (]: Using duckdb connection "test.olist_semantic.not_null_fct_returns_return_status.3e3e20d937"
[0m20:39:53.859213 [debug] [Thread-1 (]: SQL status: OK in 0.001 seconds
[0m20:39:53.859327 [debug] [Thread-4 (]: On test.olist_semantic.not_null_fct_returns_return_reason.b107ea4086: /* {"app": "dbt", "dbt_version": "1.12.5", "profile_name": "olist", "target_name": "dev", "node_id": "test.olist_semantic.not_null_fct_returns_return_reason.b107ea4086"} */

    
    select
      count(*) as failures,
      count(*) != 0 as should_warn,
      count(*) != 0 as should_error
    from (
      
    
  
    
    



select return_reason
from "olist_dirty"."marts"."fct_returns"
where return_reason is null



  
  
      
    ) dbt_internal_test
[0m20:39:53.859450 [debug] [Thread-2 (]: SQL status: OK in 0.001 seconds
[0m20:39:53.859564 [debug] [Thread-3 (]: On test.olist_semantic.not_null_fct_returns_return_status.3e3e20d937: /* {"app": "dbt", "dbt_version": "1.12.5", "profile_name": "olist", "target_name": "dev", "node_id": "test.olist_semantic.not_null_fct_returns_return_status.3e3e20d937"} */

    
    select
      count(*) as failures,
      count(*) != 0 as should_warn,
      count(*) != 0 as should_error
    from (
      
    
  
    
    



select return_status
from "olist_dirty"."marts"."fct_returns"
where return_status is null



  
  
      
    ) dbt_internal_test
[0m20:39:53.859680 [debug] [Thread-1 (]: Using duckdb connection "test.olist_semantic.relationships_fct_order_items_order_id__order_id__ref_fct_orders_.f1e7dbc0ec"
[0m20:39:53.859818 [debug] [Thread-2 (]: Using duckdb connection "test.olist_semantic.relationships_fct_coupon_redemptions_order_id__order_id__ref_fct_orders_.468f75cd74"
[0m20:39:53.859973 [debug] [Thread-4 (]: SQL status: OK in 0.000 seconds
[0m20:39:53.860090 [debug] [Thread-1 (]: On test.olist_semantic.relationships_fct_order_items_order_id__order_id__ref_fct_orders_.f1e7dbc0ec: /* {"app": "dbt", "dbt_version": "1.12.5", "profile_name": "olist", "target_name": "dev", "node_id": "test.olist_semantic.relationships_fct_order_items_order_id__order_id__ref_fct_orders_.f1e7dbc0ec"} */

    
    select
      count(*) as failures,
      count(*) != 0 as should_warn,
      count(*) != 0 as should_error
    from (
      
    
  
    
    

with child as (
    select order_id as from_field
    from "olist_dirty"."marts"."fct_order_items"
    where order_id is not null
),

parent as (
    select order_id as to_field
    from "olist_dirty"."marts"."fct_orders"
)

select
    from_field

from child
left join parent
    on child.from_field = parent.to_field

where parent.to_field is null



  
  
      
    ) dbt_internal_test
[0m20:39:53.860204 [debug] [Thread-3 (]: SQL status: OK in 0.000 seconds
[0m20:39:53.860325 [debug] [Thread-2 (]: On test.olist_semantic.relationships_fct_coupon_redemptions_order_id__order_id__ref_fct_orders_.468f75cd74: /* {"app": "dbt", "dbt_version": "1.12.5", "profile_name": "olist", "target_name": "dev", "node_id": "test.olist_semantic.relationships_fct_coupon_redemptions_order_id__order_id__ref_fct_orders_.468f75cd74"} */

    
    select
      count(*) as failures,
      count(*) != 0 as should_warn,
      count(*) != 0 as should_error
    from (
      
    
  
    
    

with child as (
    select order_id as from_field
    from "olist_dirty"."marts"."fct_coupon_redemptions"
    where order_id is not null
),

parent as (
    select order_id as to_field
    from "olist_dirty"."marts"."fct_orders"
)

select
    from_field

from child
left join parent
    on child.from_field = parent.to_field

where parent.to_field is null



  
  
      
    ) dbt_internal_test
[0m20:39:53.860762 [debug] [Thread-4 (]: On test.olist_semantic.not_null_fct_returns_return_reason.b107ea4086: ROLLBACK
[0m20:39:53.861304 [debug] [Thread-3 (]: On test.olist_semantic.not_null_fct_returns_return_status.3e3e20d937: ROLLBACK
[0m20:39:53.861560 [debug] [Thread-3 (]: On test.olist_semantic.not_null_fct_returns_return_status.3e3e20d937: Close
[0m20:39:53.861747 [info ] [Thread-3 (]: 30 of 50 PASS not_null_fct_returns_return_status ............................... [[32mPASS[0m in 0.02s]
[0m20:39:53.861958 [debug] [Thread-3 (]: Finished running node test.olist_semantic.not_null_fct_returns_return_status.3e3e20d937
[0m20:39:53.862124 [debug] [Thread-4 (]: On test.olist_semantic.not_null_fct_returns_return_reason.b107ea4086: Close
[0m20:39:53.862278 [debug] [Thread-3 (]: Began running node test.olist_semantic.relationships_fct_order_items_product_id__product_id__ref_dim_products_.adfb860dd1
[0m20:39:53.862442 [info ] [Thread-3 (]: 33 of 50 START test relationships_fct_order_items_product_id__product_id__ref_dim_products_  [RUN]
[0m20:39:53.862585 [info ] [Thread-4 (]: 29 of 50 PASS not_null_fct_returns_return_reason ............................... [[32mPASS[0m in 0.02s]
[0m20:39:53.862772 [debug] [Thread-3 (]: Re-using an available connection from the pool (formerly test.olist_semantic.not_null_fct_returns_return_status.3e3e20d937, now test.olist_semantic.relationships_fct_order_items_product_id__product_id__ref_dim_products_.adfb860dd1)
[0m20:39:53.862937 [debug] [Thread-4 (]: Finished running node test.olist_semantic.not_null_fct_returns_return_reason.b107ea4086
[0m20:39:53.863050 [debug] [Thread-3 (]: Began compiling node test.olist_semantic.relationships_fct_order_items_product_id__product_id__ref_dim_products_.adfb860dd1
[0m20:39:53.863205 [debug] [Thread-4 (]: Began running node test.olist_semantic.relationships_fct_order_items_seller_id__seller_id__ref_dim_sellers_.7a12e2a680
[0m20:39:53.867000 [debug] [Thread-3 (]: Writing injected SQL for node "test.olist_semantic.relationships_fct_order_items_product_id__product_id__ref_dim_products_.adfb860dd1"
[0m20:39:53.867166 [debug] [Thread-2 (]: SQL status: OK in 0.006 seconds
[0m20:39:53.867299 [info ] [Thread-4 (]: 34 of 50 START test relationships_fct_order_items_seller_id__seller_id__ref_dim_sellers_  [RUN]
[0m20:39:53.867939 [debug] [Thread-2 (]: On test.olist_semantic.relationships_fct_coupon_redemptions_order_id__order_id__ref_fct_orders_.468f75cd74: ROLLBACK
[0m20:39:53.868083 [debug] [Thread-4 (]: Re-using an available connection from the pool (formerly test.olist_semantic.not_null_fct_returns_return_reason.b107ea4086, now test.olist_semantic.relationships_fct_order_items_seller_id__seller_id__ref_dim_sellers_.7a12e2a680)
[0m20:39:53.868325 [debug] [Thread-4 (]: Began compiling node test.olist_semantic.relationships_fct_order_items_seller_id__seller_id__ref_dim_sellers_.7a12e2a680
[0m20:39:53.871632 [debug] [Thread-4 (]: Writing injected SQL for node "test.olist_semantic.relationships_fct_order_items_seller_id__seller_id__ref_dim_sellers_.7a12e2a680"
[0m20:39:53.871773 [debug] [Thread-2 (]: On test.olist_semantic.relationships_fct_coupon_redemptions_order_id__order_id__ref_fct_orders_.468f75cd74: Close
[0m20:39:53.871890 [debug] [Thread-3 (]: Began executing node test.olist_semantic.relationships_fct_order_items_product_id__product_id__ref_dim_products_.adfb860dd1
[0m20:39:53.872005 [debug] [Thread-1 (]: SQL status: OK in 0.011 seconds
[0m20:39:53.872679 [debug] [Thread-3 (]: Writing runtime sql for node "test.olist_semantic.relationships_fct_order_items_product_id__product_id__ref_dim_products_.adfb860dd1"
[0m20:39:53.872233 [info ] [Thread-2 (]: 31 of 50 PASS relationships_fct_coupon_redemptions_order_id__order_id__ref_fct_orders_  [[32mPASS[0m in 0.02s]
[0m20:39:53.872866 [debug] [Thread-4 (]: Began executing node test.olist_semantic.relationships_fct_order_items_seller_id__seller_id__ref_dim_sellers_.7a12e2a680
[0m20:39:53.873051 [debug] [Thread-2 (]: Finished running node test.olist_semantic.relationships_fct_coupon_redemptions_order_id__order_id__ref_fct_orders_.468f75cd74
[0m20:39:53.873504 [debug] [Thread-4 (]: Writing runtime sql for node "test.olist_semantic.relationships_fct_order_items_seller_id__seller_id__ref_dim_sellers_.7a12e2a680"
[0m20:39:53.873926 [debug] [Thread-1 (]: On test.olist_semantic.relationships_fct_order_items_order_id__order_id__ref_fct_orders_.f1e7dbc0ec: ROLLBACK
[0m20:39:53.874076 [debug] [Thread-2 (]: Began running node test.olist_semantic.relationships_fct_orders_customer_unique_id__customer_unique_id__ref_dim_customers_.370175e5e2
[0m20:39:53.874259 [debug] [Thread-3 (]: Using duckdb connection "test.olist_semantic.relationships_fct_order_items_product_id__product_id__ref_dim_products_.adfb860dd1"
[0m20:39:53.874527 [debug] [Thread-3 (]: On test.olist_semantic.relationships_fct_order_items_product_id__product_id__ref_dim_products_.adfb860dd1: BEGIN
[0m20:39:53.874426 [info ] [Thread-2 (]: 35 of 50 START test relationships_fct_orders_customer_unique_id__customer_unique_id__ref_dim_customers_  [RUN]
[0m20:39:53.874681 [debug] [Thread-4 (]: Using duckdb connection "test.olist_semantic.relationships_fct_order_items_seller_id__seller_id__ref_dim_sellers_.7a12e2a680"
[0m20:39:53.874788 [debug] [Thread-3 (]: Opening a new connection, currently in state closed
[0m20:39:53.874899 [debug] [Thread-1 (]: On test.olist_semantic.relationships_fct_order_items_order_id__order_id__ref_fct_orders_.f1e7dbc0ec: Close
[0m20:39:53.875026 [debug] [Thread-2 (]: Re-using an available connection from the pool (formerly test.olist_semantic.relationships_fct_coupon_redemptions_order_id__order_id__ref_fct_orders_.468f75cd74, now test.olist_semantic.relationships_fct_orders_customer_unique_id__customer_unique_id__ref_dim_customers_.370175e5e2)
[0m20:39:53.875144 [debug] [Thread-4 (]: On test.olist_semantic.relationships_fct_order_items_seller_id__seller_id__ref_dim_sellers_.7a12e2a680: BEGIN
[0m20:39:53.875380 [info ] [Thread-1 (]: 32 of 50 PASS relationships_fct_order_items_order_id__order_id__ref_fct_orders_  [[32mPASS[0m in 0.03s]
[0m20:39:53.875498 [debug] [Thread-2 (]: Began compiling node test.olist_semantic.relationships_fct_orders_customer_unique_id__customer_unique_id__ref_dim_customers_.370175e5e2
[0m20:39:53.875610 [debug] [Thread-3 (]: SQL status: OK in 0.001 seconds
[0m20:39:53.875714 [debug] [Thread-4 (]: Opening a new connection, currently in state closed
[0m20:39:53.875878 [debug] [Thread-1 (]: Finished running node test.olist_semantic.relationships_fct_order_items_order_id__order_id__ref_fct_orders_.f1e7dbc0ec
[0m20:39:53.879023 [debug] [Thread-2 (]: Writing injected SQL for node "test.olist_semantic.relationships_fct_orders_customer_unique_id__customer_unique_id__ref_dim_customers_.370175e5e2"
[0m20:39:53.879145 [debug] [Thread-3 (]: Using duckdb connection "test.olist_semantic.relationships_fct_order_items_product_id__product_id__ref_dim_products_.adfb860dd1"
[0m20:39:53.879306 [debug] [Thread-1 (]: Began running node test.olist_semantic.relationships_fct_refunds_order_id__order_id__ref_fct_orders_.7628ad579c
[0m20:39:53.879452 [debug] [Thread-4 (]: SQL status: OK in 0.004 seconds
[0m20:39:53.879567 [debug] [Thread-3 (]: On test.olist_semantic.relationships_fct_order_items_product_id__product_id__ref_dim_products_.adfb860dd1: /* {"app": "dbt", "dbt_version": "1.12.5", "profile_name": "olist", "target_name": "dev", "node_id": "test.olist_semantic.relationships_fct_order_items_product_id__product_id__ref_dim_products_.adfb860dd1"} */

    
    select
      count(*) as failures,
      count(*) != 0 as should_warn,
      count(*) != 0 as should_error
    from (
      
    
  
    
    

with child as (
    select product_id as from_field
    from "olist_dirty"."marts"."fct_order_items"
    where product_id is not null
),

parent as (
    select product_id as to_field
    from "olist_dirty"."marts"."dim_products"
)

select
    from_field

from child
left join parent
    on child.from_field = parent.to_field

where parent.to_field is null



  
  
      
    ) dbt_internal_test
[0m20:39:53.879697 [info ] [Thread-1 (]: 36 of 50 START test relationships_fct_refunds_order_id__order_id__ref_fct_orders_  [RUN]
[0m20:39:53.879825 [debug] [Thread-4 (]: Using duckdb connection "test.olist_semantic.relationships_fct_order_items_seller_id__seller_id__ref_dim_sellers_.7a12e2a680"
[0m20:39:53.879992 [debug] [Thread-2 (]: Began executing node test.olist_semantic.relationships_fct_orders_customer_unique_id__customer_unique_id__ref_dim_customers_.370175e5e2
[0m20:39:53.880117 [debug] [Thread-1 (]: Re-using an available connection from the pool (formerly test.olist_semantic.relationships_fct_order_items_order_id__order_id__ref_fct_orders_.f1e7dbc0ec, now test.olist_semantic.relationships_fct_refunds_order_id__order_id__ref_fct_orders_.7628ad579c)
[0m20:39:53.880256 [debug] [Thread-4 (]: On test.olist_semantic.relationships_fct_order_items_seller_id__seller_id__ref_dim_sellers_.7a12e2a680: /* {"app": "dbt", "dbt_version": "1.12.5", "profile_name": "olist", "target_name": "dev", "node_id": "test.olist_semantic.relationships_fct_order_items_seller_id__seller_id__ref_dim_sellers_.7a12e2a680"} */

    
    select
      count(*) as failures,
      count(*) != 0 as should_warn,
      count(*) != 0 as should_error
    from (
      
    
  
    
    

with child as (
    select seller_id as from_field
    from "olist_dirty"."marts"."fct_order_items"
    where seller_id is not null
),

parent as (
    select seller_id as to_field
    from "olist_dirty"."marts"."dim_sellers"
)

select
    from_field

from child
left join parent
    on child.from_field = parent.to_field

where parent.to_field is null



  
  
      
    ) dbt_internal_test
[0m20:39:53.880802 [debug] [Thread-2 (]: Writing runtime sql for node "test.olist_semantic.relationships_fct_orders_customer_unique_id__customer_unique_id__ref_dim_customers_.370175e5e2"
[0m20:39:53.880924 [debug] [Thread-1 (]: Began compiling node test.olist_semantic.relationships_fct_refunds_order_id__order_id__ref_fct_orders_.7628ad579c
[0m20:39:53.884431 [debug] [Thread-1 (]: Writing injected SQL for node "test.olist_semantic.relationships_fct_refunds_order_id__order_id__ref_fct_orders_.7628ad579c"
[0m20:39:53.884722 [debug] [Thread-4 (]: SQL status: OK in 0.004 seconds
[0m20:39:53.885294 [debug] [Thread-4 (]: On test.olist_semantic.relationships_fct_order_items_seller_id__seller_id__ref_dim_sellers_.7a12e2a680: ROLLBACK
[0m20:39:53.885566 [debug] [Thread-2 (]: Using duckdb connection "test.olist_semantic.relationships_fct_orders_customer_unique_id__customer_unique_id__ref_dim_customers_.370175e5e2"
[0m20:39:53.885690 [debug] [Thread-1 (]: Began executing node test.olist_semantic.relationships_fct_refunds_order_id__order_id__ref_fct_orders_.7628ad579c
[0m20:39:53.885807 [debug] [Thread-2 (]: On test.olist_semantic.relationships_fct_orders_customer_unique_id__customer_unique_id__ref_dim_customers_.370175e5e2: BEGIN
[0m20:39:53.885917 [debug] [Thread-4 (]: On test.olist_semantic.relationships_fct_order_items_seller_id__seller_id__ref_dim_sellers_.7a12e2a680: Close
[0m20:39:53.886492 [debug] [Thread-1 (]: Writing runtime sql for node "test.olist_semantic.relationships_fct_refunds_order_id__order_id__ref_fct_orders_.7628ad579c"
[0m20:39:53.886637 [debug] [Thread-2 (]: Opening a new connection, currently in state closed
[0m20:39:53.886754 [debug] [Thread-3 (]: SQL status: OK in 0.007 seconds
[0m20:39:53.886951 [info ] [Thread-4 (]: 34 of 50 PASS relationships_fct_order_items_seller_id__seller_id__ref_dim_sellers_  [[32mPASS[0m in 0.02s]
[0m20:39:53.887272 [debug] [Thread-4 (]: Finished running node test.olist_semantic.relationships_fct_order_items_seller_id__seller_id__ref_dim_sellers_.7a12e2a680
[0m20:39:53.887402 [debug] [Thread-1 (]: Using duckdb connection "test.olist_semantic.relationships_fct_refunds_order_id__order_id__ref_fct_orders_.7628ad579c"
[0m20:39:53.887848 [debug] [Thread-3 (]: On test.olist_semantic.relationships_fct_order_items_product_id__product_id__ref_dim_products_.adfb860dd1: ROLLBACK
[0m20:39:53.887988 [debug] [Thread-4 (]: Began running node test.olist_semantic.relationships_fct_replacements_original_order_id__order_id__ref_fct_orders_.ab61bf14fe
[0m20:39:53.888098 [debug] [Thread-2 (]: SQL status: OK in 0.001 seconds
[0m20:39:53.888221 [debug] [Thread-1 (]: On test.olist_semantic.relationships_fct_refunds_order_id__order_id__ref_fct_orders_.7628ad579c: BEGIN
[0m20:39:53.888359 [info ] [Thread-4 (]: 37 of 50 START test relationships_fct_replacements_original_order_id__order_id__ref_fct_orders_  [RUN]
[0m20:39:53.888492 [debug] [Thread-2 (]: Using duckdb connection "test.olist_semantic.relationships_fct_orders_customer_unique_id__customer_unique_id__ref_dim_customers_.370175e5e2"
[0m20:39:53.888601 [debug] [Thread-3 (]: On test.olist_semantic.relationships_fct_order_items_product_id__product_id__ref_dim_products_.adfb860dd1: Close
[0m20:39:53.888703 [debug] [Thread-1 (]: Opening a new connection, currently in state closed
[0m20:39:53.888847 [debug] [Thread-4 (]: Re-using an available connection from the pool (formerly test.olist_semantic.relationships_fct_order_items_seller_id__seller_id__ref_dim_sellers_.7a12e2a680, now test.olist_semantic.relationships_fct_replacements_original_order_id__order_id__ref_fct_orders_.ab61bf14fe)
[0m20:39:53.888984 [debug] [Thread-2 (]: On test.olist_semantic.relationships_fct_orders_customer_unique_id__customer_unique_id__ref_dim_customers_.370175e5e2: /* {"app": "dbt", "dbt_version": "1.12.5", "profile_name": "olist", "target_name": "dev", "node_id": "test.olist_semantic.relationships_fct_orders_customer_unique_id__customer_unique_id__ref_dim_customers_.370175e5e2"} */

    
    select
      count(*) as failures,
      count(*) != 0 as should_warn,
      count(*) != 0 as should_error
    from (
      
    
  
    
    

with child as (
    select customer_unique_id as from_field
    from "olist_dirty"."marts"."fct_orders"
    where customer_unique_id is not null
),

parent as (
    select customer_unique_id as to_field
    from "olist_dirty"."marts"."dim_customers"
)

select
    from_field

from child
left join parent
    on child.from_field = parent.to_field

where parent.to_field is null



  
  
      
    ) dbt_internal_test
[0m20:39:53.889168 [info ] [Thread-3 (]: 33 of 50 PASS relationships_fct_order_items_product_id__product_id__ref_dim_products_  [[32mPASS[0m in 0.03s]
[0m20:39:53.889317 [debug] [Thread-4 (]: Began compiling node test.olist_semantic.relationships_fct_replacements_original_order_id__order_id__ref_fct_orders_.ab61bf14fe
[0m20:39:53.889485 [debug] [Thread-1 (]: SQL status: OK in 0.001 seconds
[0m20:39:53.889643 [debug] [Thread-3 (]: Finished running node test.olist_semantic.relationships_fct_order_items_product_id__product_id__ref_dim_products_.adfb860dd1
[0m20:39:53.893074 [debug] [Thread-4 (]: Writing injected SQL for node "test.olist_semantic.relationships_fct_replacements_original_order_id__order_id__ref_fct_orders_.ab61bf14fe"
[0m20:39:53.893250 [debug] [Thread-1 (]: Using duckdb connection "test.olist_semantic.relationships_fct_refunds_order_id__order_id__ref_fct_orders_.7628ad579c"
[0m20:39:53.893390 [debug] [Thread-3 (]: Began running node test.olist_semantic.relationships_fct_replacements_return_id__return_id__ref_fct_returns_.82104c00fc
[0m20:39:53.893577 [debug] [Thread-1 (]: On test.olist_semantic.relationships_fct_refunds_order_id__order_id__ref_fct_orders_.7628ad579c: /* {"app": "dbt", "dbt_version": "1.12.5", "profile_name": "olist", "target_name": "dev", "node_id": "test.olist_semantic.relationships_fct_refunds_order_id__order_id__ref_fct_orders_.7628ad579c"} */

    
    select
      count(*) as failures,
      count(*) != 0 as should_warn,
      count(*) != 0 as should_error
    from (
      
    
  
    
    

with child as (
    select order_id as from_field
    from "olist_dirty"."marts"."fct_refunds"
    where order_id is not null
),

parent as (
    select order_id as to_field
    from "olist_dirty"."marts"."fct_orders"
)

select
    from_field

from child
left join parent
    on child.from_field = parent.to_field

where parent.to_field is null



  
  
      
    ) dbt_internal_test
[0m20:39:53.893737 [info ] [Thread-3 (]: 38 of 50 START test relationships_fct_replacements_return_id__return_id__ref_fct_returns_  [RUN]
[0m20:39:53.894049 [debug] [Thread-3 (]: Re-using an available connection from the pool (formerly test.olist_semantic.relationships_fct_order_items_product_id__product_id__ref_dim_products_.adfb860dd1, now test.olist_semantic.relationships_fct_replacements_return_id__return_id__ref_fct_returns_.82104c00fc)
[0m20:39:53.894184 [debug] [Thread-4 (]: Began executing node test.olist_semantic.relationships_fct_replacements_original_order_id__order_id__ref_fct_orders_.ab61bf14fe
[0m20:39:53.894290 [debug] [Thread-3 (]: Began compiling node test.olist_semantic.relationships_fct_replacements_return_id__return_id__ref_fct_returns_.82104c00fc
[0m20:39:53.894858 [debug] [Thread-4 (]: Writing runtime sql for node "test.olist_semantic.relationships_fct_replacements_original_order_id__order_id__ref_fct_orders_.ab61bf14fe"
[0m20:39:53.898180 [debug] [Thread-3 (]: Writing injected SQL for node "test.olist_semantic.relationships_fct_replacements_return_id__return_id__ref_fct_returns_.82104c00fc"
[0m20:39:53.898326 [debug] [Thread-1 (]: SQL status: OK in 0.004 seconds
[0m20:39:53.898442 [debug] [Thread-2 (]: SQL status: OK in 0.009 seconds
[0m20:39:53.899016 [debug] [Thread-1 (]: On test.olist_semantic.relationships_fct_refunds_order_id__order_id__ref_fct_orders_.7628ad579c: ROLLBACK
[0m20:39:53.899476 [debug] [Thread-2 (]: On test.olist_semantic.relationships_fct_orders_customer_unique_id__customer_unique_id__ref_dim_customers_.370175e5e2: ROLLBACK
[0m20:39:53.899633 [debug] [Thread-1 (]: On test.olist_semantic.relationships_fct_refunds_order_id__order_id__ref_fct_orders_.7628ad579c: Close
[0m20:39:53.899962 [debug] [Thread-2 (]: On test.olist_semantic.relationships_fct_orders_customer_unique_id__customer_unique_id__ref_dim_customers_.370175e5e2: Close
[0m20:39:53.899857 [info ] [Thread-1 (]: 36 of 50 PASS relationships_fct_refunds_order_id__order_id__ref_fct_orders_ .... [[32mPASS[0m in 0.02s]
[0m20:39:53.900178 [info ] [Thread-2 (]: 35 of 50 PASS relationships_fct_orders_customer_unique_id__customer_unique_id__ref_dim_customers_  [[32mPASS[0m in 0.03s]
[0m20:39:53.900367 [debug] [Thread-1 (]: Finished running node test.olist_semantic.relationships_fct_refunds_order_id__order_id__ref_fct_orders_.7628ad579c
[0m20:39:53.900506 [debug] [Thread-4 (]: Using duckdb connection "test.olist_semantic.relationships_fct_replacements_original_order_id__order_id__ref_fct_orders_.ab61bf14fe"
[0m20:39:53.900611 [debug] [Thread-3 (]: Began executing node test.olist_semantic.relationships_fct_replacements_return_id__return_id__ref_fct_returns_.82104c00fc
[0m20:39:53.900770 [debug] [Thread-2 (]: Finished running node test.olist_semantic.relationships_fct_orders_customer_unique_id__customer_unique_id__ref_dim_customers_.370175e5e2
[0m20:39:53.900899 [debug] [Thread-1 (]: Began running node test.olist_semantic.relationships_fct_returns_order_id__order_id__ref_fct_orders_.fa74c4e717
[0m20:39:53.901033 [debug] [Thread-4 (]: On test.olist_semantic.relationships_fct_replacements_original_order_id__order_id__ref_fct_orders_.ab61bf14fe: BEGIN
[0m20:39:53.901481 [debug] [Thread-3 (]: Writing runtime sql for node "test.olist_semantic.relationships_fct_replacements_return_id__return_id__ref_fct_returns_.82104c00fc"
[0m20:39:53.901609 [debug] [Thread-2 (]: Began running node test.olist_semantic.unique_dim_customers_customer_unique_id.6fdb869708
[0m20:39:53.901740 [info ] [Thread-1 (]: 39 of 50 START test relationships_fct_returns_order_id__order_id__ref_fct_orders_  [RUN]
[0m20:39:53.901865 [debug] [Thread-4 (]: Opening a new connection, currently in state closed
[0m20:39:53.901999 [info ] [Thread-2 (]: 40 of 50 START test unique_dim_customers_customer_unique_id .................... [RUN]
[0m20:39:53.902150 [debug] [Thread-1 (]: Re-using an available connection from the pool (formerly test.olist_semantic.relationships_fct_refunds_order_id__order_id__ref_fct_orders_.7628ad579c, now test.olist_semantic.relationships_fct_returns_order_id__order_id__ref_fct_orders_.fa74c4e717)
[0m20:39:53.902328 [debug] [Thread-3 (]: Using duckdb connection "test.olist_semantic.relationships_fct_replacements_return_id__return_id__ref_fct_returns_.82104c00fc"
[0m20:39:53.902458 [debug] [Thread-2 (]: Re-using an available connection from the pool (formerly test.olist_semantic.relationships_fct_orders_customer_unique_id__customer_unique_id__ref_dim_customers_.370175e5e2, now test.olist_semantic.unique_dim_customers_customer_unique_id.6fdb869708)
[0m20:39:53.902570 [debug] [Thread-4 (]: SQL status: OK in 0.001 seconds
[0m20:39:53.902683 [debug] [Thread-1 (]: Began compiling node test.olist_semantic.relationships_fct_returns_order_id__order_id__ref_fct_orders_.fa74c4e717
[0m20:39:53.902796 [debug] [Thread-3 (]: On test.olist_semantic.relationships_fct_replacements_return_id__return_id__ref_fct_returns_.82104c00fc: BEGIN
[0m20:39:53.902900 [debug] [Thread-2 (]: Began compiling node test.olist_semantic.unique_dim_customers_customer_unique_id.6fdb869708
[0m20:39:53.903008 [debug] [Thread-4 (]: Using duckdb connection "test.olist_semantic.relationships_fct_replacements_original_order_id__order_id__ref_fct_orders_.ab61bf14fe"
[0m20:39:53.906108 [debug] [Thread-1 (]: Writing injected SQL for node "test.olist_semantic.relationships_fct_returns_order_id__order_id__ref_fct_orders_.fa74c4e717"
[0m20:39:53.906240 [debug] [Thread-3 (]: Opening a new connection, currently in state closed
[0m20:39:53.908821 [debug] [Thread-2 (]: Writing injected SQL for node "test.olist_semantic.unique_dim_customers_customer_unique_id.6fdb869708"
[0m20:39:53.908968 [debug] [Thread-4 (]: On test.olist_semantic.relationships_fct_replacements_original_order_id__order_id__ref_fct_orders_.ab61bf14fe: /* {"app": "dbt", "dbt_version": "1.12.5", "profile_name": "olist", "target_name": "dev", "node_id": "test.olist_semantic.relationships_fct_replacements_original_order_id__order_id__ref_fct_orders_.ab61bf14fe"} */

    
    select
      count(*) as failures,
      count(*) != 0 as should_warn,
      count(*) != 0 as should_error
    from (
      
    
  
    
    

with child as (
    select original_order_id as from_field
    from "olist_dirty"."marts"."fct_replacements"
    where original_order_id is not null
),

parent as (
    select order_id as to_field
    from "olist_dirty"."marts"."fct_orders"
)

select
    from_field

from child
left join parent
    on child.from_field = parent.to_field

where parent.to_field is null



  
  
      
    ) dbt_internal_test
[0m20:39:53.909262 [debug] [Thread-3 (]: SQL status: OK in 0.003 seconds
[0m20:39:53.909379 [debug] [Thread-3 (]: Using duckdb connection "test.olist_semantic.relationships_fct_replacements_return_id__return_id__ref_fct_returns_.82104c00fc"
[0m20:39:53.909505 [debug] [Thread-3 (]: On test.olist_semantic.relationships_fct_replacements_return_id__return_id__ref_fct_returns_.82104c00fc: /* {"app": "dbt", "dbt_version": "1.12.5", "profile_name": "olist", "target_name": "dev", "node_id": "test.olist_semantic.relationships_fct_replacements_return_id__return_id__ref_fct_returns_.82104c00fc"} */

    
    select
      count(*) as failures,
      count(*) != 0 as should_warn,
      count(*) != 0 as should_error
    from (
      
    
  
    
    

with child as (
    select return_id as from_field
    from "olist_dirty"."marts"."fct_replacements"
    where return_id is not null
),

parent as (
    select return_id as to_field
    from "olist_dirty"."marts"."fct_returns"
)

select
    from_field

from child
left join parent
    on child.from_field = parent.to_field

where parent.to_field is null



  
  
      
    ) dbt_internal_test
[0m20:39:53.909759 [debug] [Thread-2 (]: Began executing node test.olist_semantic.unique_dim_customers_customer_unique_id.6fdb869708
[0m20:39:53.909881 [debug] [Thread-1 (]: Began executing node test.olist_semantic.relationships_fct_returns_order_id__order_id__ref_fct_orders_.fa74c4e717
[0m20:39:53.910364 [debug] [Thread-2 (]: Writing runtime sql for node "test.olist_semantic.unique_dim_customers_customer_unique_id.6fdb869708"
[0m20:39:53.910858 [debug] [Thread-1 (]: Writing runtime sql for node "test.olist_semantic.relationships_fct_returns_order_id__order_id__ref_fct_orders_.fa74c4e717"
[0m20:39:53.910981 [debug] [Thread-3 (]: SQL status: OK in 0.001 seconds
[0m20:39:53.911294 [debug] [Thread-2 (]: Using duckdb connection "test.olist_semantic.unique_dim_customers_customer_unique_id.6fdb869708"
[0m20:39:53.911409 [debug] [Thread-2 (]: On test.olist_semantic.unique_dim_customers_customer_unique_id.6fdb869708: BEGIN
[0m20:39:53.911864 [debug] [Thread-3 (]: On test.olist_semantic.relationships_fct_replacements_return_id__return_id__ref_fct_returns_.82104c00fc: ROLLBACK
[0m20:39:53.911978 [debug] [Thread-4 (]: SQL status: OK in 0.003 seconds
[0m20:39:53.912089 [debug] [Thread-2 (]: Opening a new connection, currently in state closed
[0m20:39:53.912235 [debug] [Thread-1 (]: Using duckdb connection "test.olist_semantic.relationships_fct_returns_order_id__order_id__ref_fct_orders_.fa74c4e717"
[0m20:39:53.912717 [debug] [Thread-4 (]: On test.olist_semantic.relationships_fct_replacements_original_order_id__order_id__ref_fct_orders_.ab61bf14fe: ROLLBACK
[0m20:39:53.912819 [debug] [Thread-3 (]: On test.olist_semantic.relationships_fct_replacements_return_id__return_id__ref_fct_returns_.82104c00fc: Close
[0m20:39:53.912939 [debug] [Thread-1 (]: On test.olist_semantic.relationships_fct_returns_order_id__order_id__ref_fct_orders_.fa74c4e717: BEGIN
[0m20:39:53.913056 [debug] [Thread-2 (]: SQL status: OK in 0.001 seconds
[0m20:39:53.913195 [debug] [Thread-1 (]: Opening a new connection, currently in state closed
[0m20:39:53.913371 [info ] [Thread-3 (]: 38 of 50 PASS relationships_fct_replacements_return_id__return_id__ref_fct_returns_  [[32mPASS[0m in 0.02s]
[0m20:39:53.913498 [debug] [Thread-2 (]: Using duckdb connection "test.olist_semantic.unique_dim_customers_customer_unique_id.6fdb869708"
[0m20:39:53.913604 [debug] [Thread-4 (]: On test.olist_semantic.relationships_fct_replacements_original_order_id__order_id__ref_fct_orders_.ab61bf14fe: Close
[0m20:39:53.913792 [debug] [Thread-3 (]: Finished running node test.olist_semantic.relationships_fct_replacements_return_id__return_id__ref_fct_returns_.82104c00fc
[0m20:39:53.913913 [debug] [Thread-2 (]: On test.olist_semantic.unique_dim_customers_customer_unique_id.6fdb869708: /* {"app": "dbt", "dbt_version": "1.12.5", "profile_name": "olist", "target_name": "dev", "node_id": "test.olist_semantic.unique_dim_customers_customer_unique_id.6fdb869708"} */

    
    select
      count(*) as failures,
      count(*) != 0 as should_warn,
      count(*) != 0 as should_error
    from (
      
    
  
    
    

select
    customer_unique_id as unique_field,
    count(*) as n_records

from "olist_dirty"."marts"."dim_customers"
where customer_unique_id is not null
group by customer_unique_id
having count(*) > 1



  
  
      
    ) dbt_internal_test
[0m20:39:53.914032 [debug] [Thread-1 (]: SQL status: OK in 0.001 seconds
[0m20:39:53.914305 [debug] [Thread-3 (]: Began running node test.olist_semantic.unique_dim_geography_zip_code_prefix.7b32f99e5b
[0m20:39:53.914200 [info ] [Thread-4 (]: 37 of 50 PASS relationships_fct_replacements_original_order_id__order_id__ref_fct_orders_  [[32mPASS[0m in 0.03s]
[0m20:39:53.914507 [debug] [Thread-1 (]: Using duckdb connection "test.olist_semantic.relationships_fct_returns_order_id__order_id__ref_fct_orders_.fa74c4e717"
[0m20:39:53.914619 [info ] [Thread-3 (]: 41 of 50 START test unique_dim_geography_zip_code_prefix ....................... [RUN]
[0m20:39:53.914788 [debug] [Thread-4 (]: Finished running node test.olist_semantic.relationships_fct_replacements_original_order_id__order_id__ref_fct_orders_.ab61bf14fe
[0m20:39:53.914913 [debug] [Thread-1 (]: On test.olist_semantic.relationships_fct_returns_order_id__order_id__ref_fct_orders_.fa74c4e717: /* {"app": "dbt", "dbt_version": "1.12.5", "profile_name": "olist", "target_name": "dev", "node_id": "test.olist_semantic.relationships_fct_returns_order_id__order_id__ref_fct_orders_.fa74c4e717"} */

    
    select
      count(*) as failures,
      count(*) != 0 as should_warn,
      count(*) != 0 as should_error
    from (
      
    
  
    
    

with child as (
    select order_id as from_field
    from "olist_dirty"."marts"."fct_returns"
    where order_id is not null
),

parent as (
    select order_id as to_field
    from "olist_dirty"."marts"."fct_orders"
)

select
    from_field

from child
left join parent
    on child.from_field = parent.to_field

where parent.to_field is null



  
  
      
    ) dbt_internal_test
[0m20:39:53.915053 [debug] [Thread-3 (]: Re-using an available connection from the pool (formerly test.olist_semantic.relationships_fct_replacements_return_id__return_id__ref_fct_returns_.82104c00fc, now test.olist_semantic.unique_dim_geography_zip_code_prefix.7b32f99e5b)
[0m20:39:53.915182 [debug] [Thread-4 (]: Began running node test.olist_semantic.unique_dim_products_product_id.ef7b2a9985
[0m20:39:53.915355 [debug] [Thread-3 (]: Began compiling node test.olist_semantic.unique_dim_geography_zip_code_prefix.7b32f99e5b
[0m20:39:53.915473 [info ] [Thread-4 (]: 42 of 50 START test unique_dim_products_product_id ............................. [RUN]
[0m20:39:53.917764 [debug] [Thread-3 (]: Writing injected SQL for node "test.olist_semantic.unique_dim_geography_zip_code_prefix.7b32f99e5b"
[0m20:39:53.917895 [debug] [Thread-1 (]: SQL status: OK in 0.003 seconds
[0m20:39:53.918055 [debug] [Thread-4 (]: Re-using an available connection from the pool (formerly test.olist_semantic.relationships_fct_replacements_original_order_id__order_id__ref_fct_orders_.ab61bf14fe, now test.olist_semantic.unique_dim_products_product_id.ef7b2a9985)
[0m20:39:53.918242 [debug] [Thread-4 (]: Began compiling node test.olist_semantic.unique_dim_products_product_id.ef7b2a9985
[0m20:39:53.918729 [debug] [Thread-1 (]: On test.olist_semantic.relationships_fct_returns_order_id__order_id__ref_fct_orders_.fa74c4e717: ROLLBACK
[0m20:39:53.920995 [debug] [Thread-4 (]: Writing injected SQL for node "test.olist_semantic.unique_dim_products_product_id.ef7b2a9985"
[0m20:39:53.921135 [debug] [Thread-2 (]: SQL status: OK in 0.007 seconds
[0m20:39:53.921289 [debug] [Thread-3 (]: Began executing node test.olist_semantic.unique_dim_geography_zip_code_prefix.7b32f99e5b
[0m20:39:53.921427 [debug] [Thread-1 (]: On test.olist_semantic.relationships_fct_returns_order_id__order_id__ref_fct_orders_.fa74c4e717: Close
[0m20:39:53.921925 [debug] [Thread-3 (]: Writing runtime sql for node "test.olist_semantic.unique_dim_geography_zip_code_prefix.7b32f99e5b"
[0m20:39:53.922334 [debug] [Thread-2 (]: On test.olist_semantic.unique_dim_customers_customer_unique_id.6fdb869708: ROLLBACK
[0m20:39:53.922541 [info ] [Thread-1 (]: 39 of 50 PASS relationships_fct_returns_order_id__order_id__ref_fct_orders_ .... [[32mPASS[0m in 0.02s]
[0m20:39:53.922736 [debug] [Thread-4 (]: Began executing node test.olist_semantic.unique_dim_products_product_id.ef7b2a9985
[0m20:39:53.922914 [debug] [Thread-1 (]: Finished running node test.olist_semantic.relationships_fct_returns_order_id__order_id__ref_fct_orders_.fa74c4e717
[0m20:39:53.923039 [debug] [Thread-2 (]: On test.olist_semantic.unique_dim_customers_customer_unique_id.6fdb869708: Close
[0m20:39:53.923486 [debug] [Thread-4 (]: Writing runtime sql for node "test.olist_semantic.unique_dim_products_product_id.ef7b2a9985"
[0m20:39:53.923621 [debug] [Thread-1 (]: Began running node test.olist_semantic.unique_dim_sellers_seller_id.b55e677f09
[0m20:39:53.923768 [debug] [Thread-3 (]: Using duckdb connection "test.olist_semantic.unique_dim_geography_zip_code_prefix.7b32f99e5b"
[0m20:39:53.923942 [info ] [Thread-2 (]: 40 of 50 PASS unique_dim_customers_customer_unique_id .......................... [[32mPASS[0m in 0.02s]
[0m20:39:53.924090 [info ] [Thread-1 (]: 43 of 50 START test unique_dim_sellers_seller_id ............................... [RUN]
[0m20:39:53.924220 [debug] [Thread-3 (]: On test.olist_semantic.unique_dim_geography_zip_code_prefix.7b32f99e5b: BEGIN
[0m20:39:53.924379 [debug] [Thread-2 (]: Finished running node test.olist_semantic.unique_dim_customers_customer_unique_id.6fdb869708
[0m20:39:53.924497 [debug] [Thread-4 (]: Using duckdb connection "test.olist_semantic.unique_dim_products_product_id.ef7b2a9985"
[0m20:39:53.924620 [debug] [Thread-1 (]: Re-using an available connection from the pool (formerly test.olist_semantic.relationships_fct_returns_order_id__order_id__ref_fct_orders_.fa74c4e717, now test.olist_semantic.unique_dim_sellers_seller_id.b55e677f09)
[0m20:39:53.924729 [debug] [Thread-3 (]: Opening a new connection, currently in state closed
[0m20:39:53.924846 [debug] [Thread-2 (]: Began running node test.olist_semantic.unique_fct_coupon_redemptions_redemption_id.4276529000
[0m20:39:53.924965 [debug] [Thread-4 (]: On test.olist_semantic.unique_dim_products_product_id.ef7b2a9985: BEGIN
[0m20:39:53.925072 [debug] [Thread-1 (]: Began compiling node test.olist_semantic.unique_dim_sellers_seller_id.b55e677f09
[0m20:39:53.925221 [info ] [Thread-2 (]: 44 of 50 START test unique_fct_coupon_redemptions_redemption_id ................ [RUN]
[0m20:39:53.925331 [debug] [Thread-4 (]: Opening a new connection, currently in state closed
[0m20:39:53.925432 [debug] [Thread-3 (]: SQL status: OK in 0.001 seconds
[0m20:39:53.927455 [debug] [Thread-1 (]: Writing injected SQL for node "test.olist_semantic.unique_dim_sellers_seller_id.b55e677f09"
[0m20:39:53.927592 [debug] [Thread-2 (]: Re-using an available connection from the pool (formerly test.olist_semantic.unique_dim_customers_customer_unique_id.6fdb869708, now test.olist_semantic.unique_fct_coupon_redemptions_redemption_id.4276529000)
[0m20:39:53.927738 [debug] [Thread-3 (]: Using duckdb connection "test.olist_semantic.unique_dim_geography_zip_code_prefix.7b32f99e5b"
[0m20:39:53.927872 [debug] [Thread-4 (]: SQL status: OK in 0.003 seconds
[0m20:39:53.927978 [debug] [Thread-2 (]: Began compiling node test.olist_semantic.unique_fct_coupon_redemptions_redemption_id.4276529000
[0m20:39:53.928096 [debug] [Thread-3 (]: On test.olist_semantic.unique_dim_geography_zip_code_prefix.7b32f99e5b: /* {"app": "dbt", "dbt_version": "1.12.5", "profile_name": "olist", "target_name": "dev", "node_id": "test.olist_semantic.unique_dim_geography_zip_code_prefix.7b32f99e5b"} */

    
    select
      count(*) as failures,
      count(*) != 0 as should_warn,
      count(*) != 0 as should_error
    from (
      
    
  
    
    

select
    zip_code_prefix as unique_field,
    count(*) as n_records

from "olist_dirty"."marts"."dim_geography"
where zip_code_prefix is not null
group by zip_code_prefix
having count(*) > 1



  
  
      
    ) dbt_internal_test
[0m20:39:53.928214 [debug] [Thread-4 (]: Using duckdb connection "test.olist_semantic.unique_dim_products_product_id.ef7b2a9985"
[0m20:39:53.928324 [debug] [Thread-1 (]: Began executing node test.olist_semantic.unique_dim_sellers_seller_id.b55e677f09
[0m20:39:53.930106 [debug] [Thread-2 (]: Writing injected SQL for node "test.olist_semantic.unique_fct_coupon_redemptions_redemption_id.4276529000"
[0m20:39:53.930290 [debug] [Thread-4 (]: On test.olist_semantic.unique_dim_products_product_id.ef7b2a9985: /* {"app": "dbt", "dbt_version": "1.12.5", "profile_name": "olist", "target_name": "dev", "node_id": "test.olist_semantic.unique_dim_products_product_id.ef7b2a9985"} */

    
    select
      count(*) as failures,
      count(*) != 0 as should_warn,
      count(*) != 0 as should_error
    from (
      
    
  
    
    

select
    product_id as unique_field,
    count(*) as n_records

from "olist_dirty"."marts"."dim_products"
where product_id is not null
group by product_id
having count(*) > 1



  
  
      
    ) dbt_internal_test
[0m20:39:53.930752 [debug] [Thread-1 (]: Writing runtime sql for node "test.olist_semantic.unique_dim_sellers_seller_id.b55e677f09"
[0m20:39:53.931027 [debug] [Thread-2 (]: Began executing node test.olist_semantic.unique_fct_coupon_redemptions_redemption_id.4276529000
[0m20:39:53.931468 [debug] [Thread-2 (]: Writing runtime sql for node "test.olist_semantic.unique_fct_coupon_redemptions_redemption_id.4276529000"
[0m20:39:53.931599 [debug] [Thread-3 (]: SQL status: OK in 0.001 seconds
[0m20:39:53.932125 [debug] [Thread-3 (]: On test.olist_semantic.unique_dim_geography_zip_code_prefix.7b32f99e5b: ROLLBACK
[0m20:39:53.932260 [debug] [Thread-1 (]: Using duckdb connection "test.olist_semantic.unique_dim_sellers_seller_id.b55e677f09"
[0m20:39:53.932388 [debug] [Thread-4 (]: SQL status: OK in 0.001 seconds
[0m20:39:53.932501 [debug] [Thread-2 (]: Using duckdb connection "test.olist_semantic.unique_fct_coupon_redemptions_redemption_id.4276529000"
[0m20:39:53.932613 [debug] [Thread-1 (]: On test.olist_semantic.unique_dim_sellers_seller_id.b55e677f09: BEGIN
[0m20:39:53.932719 [debug] [Thread-3 (]: On test.olist_semantic.unique_dim_geography_zip_code_prefix.7b32f99e5b: Close
[0m20:39:53.932836 [debug] [Thread-2 (]: On test.olist_semantic.unique_fct_coupon_redemptions_redemption_id.4276529000: BEGIN
[0m20:39:53.933206 [debug] [Thread-4 (]: On test.olist_semantic.unique_dim_products_product_id.ef7b2a9985: ROLLBACK
[0m20:39:53.933305 [debug] [Thread-1 (]: Opening a new connection, currently in state closed
[0m20:39:53.933581 [debug] [Thread-2 (]: Opening a new connection, currently in state closed
[0m20:39:53.933489 [info ] [Thread-3 (]: 41 of 50 PASS unique_dim_geography_zip_code_prefix ............................. [[32mPASS[0m in 0.02s]
[0m20:39:53.933798 [debug] [Thread-4 (]: On test.olist_semantic.unique_dim_products_product_id.ef7b2a9985: Close
[0m20:39:53.933964 [debug] [Thread-3 (]: Finished running node test.olist_semantic.unique_dim_geography_zip_code_prefix.7b32f99e5b
[0m20:39:53.934077 [debug] [Thread-2 (]: SQL status: OK in 0.000 seconds
[0m20:39:53.934173 [debug] [Thread-1 (]: SQL status: OK in 0.001 seconds
[0m20:39:53.934447 [debug] [Thread-3 (]: Began running node test.olist_semantic.unique_fct_order_reviews_order_id.c13b926c20
[0m20:39:53.934339 [info ] [Thread-4 (]: 42 of 50 PASS unique_dim_products_product_id ................................... [[32mPASS[0m in 0.02s]
[0m20:39:53.934598 [debug] [Thread-2 (]: Using duckdb connection "test.olist_semantic.unique_fct_coupon_redemptions_redemption_id.4276529000"
[0m20:39:53.934701 [debug] [Thread-1 (]: Using duckdb connection "test.olist_semantic.unique_dim_sellers_seller_id.b55e677f09"
[0m20:39:53.934812 [info ] [Thread-3 (]: 45 of 50 START test unique_fct_order_reviews_order_id .......................... [RUN]
[0m20:39:53.934977 [debug] [Thread-4 (]: Finished running node test.olist_semantic.unique_dim_products_product_id.ef7b2a9985
[0m20:39:53.935094 [debug] [Thread-2 (]: On test.olist_semantic.unique_fct_coupon_redemptions_redemption_id.4276529000: /* {"app": "dbt", "dbt_version": "1.12.5", "profile_name": "olist", "target_name": "dev", "node_id": "test.olist_semantic.unique_fct_coupon_redemptions_redemption_id.4276529000"} */

    
    select
      count(*) as failures,
      count(*) != 0 as should_warn,
      count(*) != 0 as should_error
    from (
      
    
  
    
    

select
    redemption_id as unique_field,
    count(*) as n_records

from "olist_dirty"."marts"."fct_coupon_redemptions"
where redemption_id is not null
group by redemption_id
having count(*) > 1



  
  
      
    ) dbt_internal_test
[0m20:39:53.935216 [debug] [Thread-1 (]: On test.olist_semantic.unique_dim_sellers_seller_id.b55e677f09: /* {"app": "dbt", "dbt_version": "1.12.5", "profile_name": "olist", "target_name": "dev", "node_id": "test.olist_semantic.unique_dim_sellers_seller_id.b55e677f09"} */

    
    select
      count(*) as failures,
      count(*) != 0 as should_warn,
      count(*) != 0 as should_error
    from (
      
    
  
    
    

select
    seller_id as unique_field,
    count(*) as n_records

from "olist_dirty"."marts"."dim_sellers"
where seller_id is not null
group by seller_id
having count(*) > 1



  
  
      
    ) dbt_internal_test
[0m20:39:53.935350 [debug] [Thread-3 (]: Re-using an available connection from the pool (formerly test.olist_semantic.unique_dim_geography_zip_code_prefix.7b32f99e5b, now test.olist_semantic.unique_fct_order_reviews_order_id.c13b926c20)
[0m20:39:53.935479 [debug] [Thread-4 (]: Began running node test.olist_semantic.unique_fct_orders_order_id.523ddb6ce5
[0m20:39:53.935675 [debug] [Thread-3 (]: Began compiling node test.olist_semantic.unique_fct_order_reviews_order_id.c13b926c20
[0m20:39:53.935790 [info ] [Thread-4 (]: 46 of 50 START test unique_fct_orders_order_id ................................. [RUN]
[0m20:39:53.937961 [debug] [Thread-3 (]: Writing injected SQL for node "test.olist_semantic.unique_fct_order_reviews_order_id.c13b926c20"
[0m20:39:53.938085 [debug] [Thread-2 (]: SQL status: OK in 0.002 seconds
[0m20:39:53.938193 [debug] [Thread-1 (]: SQL status: OK in 0.003 seconds
[0m20:39:53.938326 [debug] [Thread-4 (]: Re-using an available connection from the pool (formerly test.olist_semantic.unique_dim_products_product_id.ef7b2a9985, now test.olist_semantic.unique_fct_orders_order_id.523ddb6ce5)
[0m20:39:53.938831 [debug] [Thread-2 (]: On test.olist_semantic.unique_fct_coupon_redemptions_redemption_id.4276529000: ROLLBACK
[0m20:39:53.938953 [debug] [Thread-4 (]: Began compiling node test.olist_semantic.unique_fct_orders_order_id.523ddb6ce5
[0m20:39:53.939352 [debug] [Thread-1 (]: On test.olist_semantic.unique_dim_sellers_seller_id.b55e677f09: ROLLBACK
[0m20:39:53.941077 [debug] [Thread-4 (]: Writing injected SQL for node "test.olist_semantic.unique_fct_orders_order_id.523ddb6ce5"
[0m20:39:53.941200 [debug] [Thread-2 (]: On test.olist_semantic.unique_fct_coupon_redemptions_redemption_id.4276529000: Close
[0m20:39:53.941317 [debug] [Thread-3 (]: Began executing node test.olist_semantic.unique_fct_order_reviews_order_id.c13b926c20
[0m20:39:53.941948 [debug] [Thread-3 (]: Writing runtime sql for node "test.olist_semantic.unique_fct_order_reviews_order_id.c13b926c20"
[0m20:39:53.941532 [info ] [Thread-2 (]: 44 of 50 PASS unique_fct_coupon_redemptions_redemption_id ...................... [[32mPASS[0m in 0.01s]
[0m20:39:53.942171 [debug] [Thread-2 (]: Finished running node test.olist_semantic.unique_fct_coupon_redemptions_redemption_id.4276529000
[0m20:39:53.942276 [debug] [Thread-1 (]: On test.olist_semantic.unique_dim_sellers_seller_id.b55e677f09: Close
[0m20:39:53.942397 [debug] [Thread-2 (]: Began running node test.olist_semantic.unique_fct_payments_order_id.84eddf0d17
[0m20:39:53.942493 [debug] [Thread-4 (]: Began executing node test.olist_semantic.unique_fct_orders_order_id.523ddb6ce5
[0m20:39:53.942641 [debug] [Thread-3 (]: Using duckdb connection "test.olist_semantic.unique_fct_order_reviews_order_id.c13b926c20"
[0m20:39:53.942799 [info ] [Thread-1 (]: 43 of 50 PASS unique_dim_sellers_seller_id ..................................... [[32mPASS[0m in 0.02s]
[0m20:39:53.943331 [debug] [Thread-4 (]: Writing runtime sql for node "test.olist_semantic.unique_fct_orders_order_id.523ddb6ce5"
[0m20:39:53.942903 [info ] [Thread-2 (]: 47 of 50 START test unique_fct_payments_order_id ............................... [RUN]
[0m20:39:53.943478 [debug] [Thread-3 (]: On test.olist_semantic.unique_fct_order_reviews_order_id.c13b926c20: BEGIN
[0m20:39:53.943634 [debug] [Thread-1 (]: Finished running node test.olist_semantic.unique_dim_sellers_seller_id.b55e677f09
[0m20:39:53.943780 [debug] [Thread-2 (]: Re-using an available connection from the pool (formerly test.olist_semantic.unique_fct_coupon_redemptions_redemption_id.4276529000, now test.olist_semantic.unique_fct_payments_order_id.84eddf0d17)
[0m20:39:53.943894 [debug] [Thread-3 (]: Opening a new connection, currently in state closed
[0m20:39:53.944031 [debug] [Thread-1 (]: Began running node test.olist_semantic.unique_fct_refunds_refund_id.2853907fed
[0m20:39:53.944147 [debug] [Thread-2 (]: Began compiling node test.olist_semantic.unique_fct_payments_order_id.84eddf0d17
[0m20:39:53.944260 [debug] [Thread-4 (]: Using duckdb connection "test.olist_semantic.unique_fct_orders_order_id.523ddb6ce5"
[0m20:39:53.944404 [info ] [Thread-1 (]: 48 of 50 START test unique_fct_refunds_refund_id ............................... [RUN]
[0m20:39:53.944518 [debug] [Thread-3 (]: SQL status: OK in 0.001 seconds
[0m20:39:53.946503 [debug] [Thread-2 (]: Writing injected SQL for node "test.olist_semantic.unique_fct_payments_order_id.84eddf0d17"
[0m20:39:53.946628 [debug] [Thread-4 (]: On test.olist_semantic.unique_fct_orders_order_id.523ddb6ce5: BEGIN
[0m20:39:53.946761 [debug] [Thread-1 (]: Re-using an available connection from the pool (formerly test.olist_semantic.unique_dim_sellers_seller_id.b55e677f09, now test.olist_semantic.unique_fct_refunds_refund_id.2853907fed)
[0m20:39:53.946877 [debug] [Thread-3 (]: Using duckdb connection "test.olist_semantic.unique_fct_order_reviews_order_id.c13b926c20"
[0m20:39:53.946995 [debug] [Thread-4 (]: Opening a new connection, currently in state closed
[0m20:39:53.947102 [debug] [Thread-1 (]: Began compiling node test.olist_semantic.unique_fct_refunds_refund_id.2853907fed
[0m20:39:53.947217 [debug] [Thread-3 (]: On test.olist_semantic.unique_fct_order_reviews_order_id.c13b926c20: /* {"app": "dbt", "dbt_version": "1.12.5", "profile_name": "olist", "target_name": "dev", "node_id": "test.olist_semantic.unique_fct_order_reviews_order_id.c13b926c20"} */

    
    select
      count(*) as failures,
      count(*) != 0 as should_warn,
      count(*) != 0 as should_error
    from (
      
    
  
    
    

select
    order_id as unique_field,
    count(*) as n_records

from "olist_dirty"."marts"."fct_order_reviews"
where order_id is not null
group by order_id
having count(*) > 1



  
  
      
    ) dbt_internal_test
[0m20:39:53.949081 [debug] [Thread-1 (]: Writing injected SQL for node "test.olist_semantic.unique_fct_refunds_refund_id.2853907fed"
[0m20:39:53.949183 [debug] [Thread-2 (]: Began executing node test.olist_semantic.unique_fct_payments_order_id.84eddf0d17
[0m20:39:53.949331 [debug] [Thread-4 (]: SQL status: OK in 0.002 seconds
[0m20:39:53.949846 [debug] [Thread-2 (]: Writing runtime sql for node "test.olist_semantic.unique_fct_payments_order_id.84eddf0d17"
[0m20:39:53.949961 [debug] [Thread-4 (]: Using duckdb connection "test.olist_semantic.unique_fct_orders_order_id.523ddb6ce5"
[0m20:39:53.950116 [debug] [Thread-4 (]: On test.olist_semantic.unique_fct_orders_order_id.523ddb6ce5: /* {"app": "dbt", "dbt_version": "1.12.5", "profile_name": "olist", "target_name": "dev", "node_id": "test.olist_semantic.unique_fct_orders_order_id.523ddb6ce5"} */

    
    select
      count(*) as failures,
      count(*) != 0 as should_warn,
      count(*) != 0 as should_error
    from (
      
    
  
    
    

select
    order_id as unique_field,
    count(*) as n_records

from "olist_dirty"."marts"."fct_orders"
where order_id is not null
group by order_id
having count(*) > 1



  
  
      
    ) dbt_internal_test
[0m20:39:53.950265 [debug] [Thread-1 (]: Began executing node test.olist_semantic.unique_fct_refunds_refund_id.2853907fed
[0m20:39:53.950700 [debug] [Thread-1 (]: Writing runtime sql for node "test.olist_semantic.unique_fct_refunds_refund_id.2853907fed"
[0m20:39:53.950899 [debug] [Thread-2 (]: Using duckdb connection "test.olist_semantic.unique_fct_payments_order_id.84eddf0d17"
[0m20:39:53.951056 [debug] [Thread-2 (]: On test.olist_semantic.unique_fct_payments_order_id.84eddf0d17: BEGIN
[0m20:39:53.951161 [debug] [Thread-2 (]: Opening a new connection, currently in state closed
[0m20:39:53.951275 [debug] [Thread-1 (]: Using duckdb connection "test.olist_semantic.unique_fct_refunds_refund_id.2853907fed"
[0m20:39:53.951441 [debug] [Thread-1 (]: On test.olist_semantic.unique_fct_refunds_refund_id.2853907fed: BEGIN
[0m20:39:53.951558 [debug] [Thread-1 (]: Opening a new connection, currently in state closed
[0m20:39:53.951661 [debug] [Thread-2 (]: SQL status: OK in 0.000 seconds
[0m20:39:53.951788 [debug] [Thread-2 (]: Using duckdb connection "test.olist_semantic.unique_fct_payments_order_id.84eddf0d17"
[0m20:39:53.951895 [debug] [Thread-2 (]: On test.olist_semantic.unique_fct_payments_order_id.84eddf0d17: /* {"app": "dbt", "dbt_version": "1.12.5", "profile_name": "olist", "target_name": "dev", "node_id": "test.olist_semantic.unique_fct_payments_order_id.84eddf0d17"} */

    
    select
      count(*) as failures,
      count(*) != 0 as should_warn,
      count(*) != 0 as should_error
    from (
      
    
  
    
    

select
    order_id as unique_field,
    count(*) as n_records

from "olist_dirty"."marts"."fct_payments"
where order_id is not null
group by order_id
having count(*) > 1



  
  
      
    ) dbt_internal_test
[0m20:39:53.952003 [debug] [Thread-1 (]: SQL status: OK in 0.000 seconds
[0m20:39:53.952166 [debug] [Thread-1 (]: Using duckdb connection "test.olist_semantic.unique_fct_refunds_refund_id.2853907fed"
[0m20:39:53.952275 [debug] [Thread-1 (]: On test.olist_semantic.unique_fct_refunds_refund_id.2853907fed: /* {"app": "dbt", "dbt_version": "1.12.5", "profile_name": "olist", "target_name": "dev", "node_id": "test.olist_semantic.unique_fct_refunds_refund_id.2853907fed"} */

    
    select
      count(*) as failures,
      count(*) != 0 as should_warn,
      count(*) != 0 as should_error
    from (
      
    
  
    
    

select
    refund_id as unique_field,
    count(*) as n_records

from "olist_dirty"."marts"."fct_refunds"
where refund_id is not null
group by refund_id
having count(*) > 1



  
  
      
    ) dbt_internal_test
[0m20:39:53.953366 [debug] [Thread-1 (]: SQL status: OK in 0.001 seconds
[0m20:39:53.954117 [debug] [Thread-1 (]: On test.olist_semantic.unique_fct_refunds_refund_id.2853907fed: ROLLBACK
[0m20:39:53.954417 [debug] [Thread-1 (]: On test.olist_semantic.unique_fct_refunds_refund_id.2853907fed: Close
[0m20:39:53.954653 [info ] [Thread-1 (]: 48 of 50 PASS unique_fct_refunds_refund_id ..................................... [[32mPASS[0m in 0.01s]
[0m20:39:53.954842 [debug] [Thread-1 (]: Finished running node test.olist_semantic.unique_fct_refunds_refund_id.2853907fed
[0m20:39:53.954975 [debug] [Thread-1 (]: Began running node test.olist_semantic.unique_fct_replacements_replacement_order_id.a53b0ae8c3
[0m20:39:53.955090 [info ] [Thread-1 (]: 49 of 50 START test unique_fct_replacements_replacement_order_id ............... [RUN]
[0m20:39:53.955228 [debug] [Thread-1 (]: Re-using an available connection from the pool (formerly test.olist_semantic.unique_fct_refunds_refund_id.2853907fed, now test.olist_semantic.unique_fct_replacements_replacement_order_id.a53b0ae8c3)
[0m20:39:53.955428 [debug] [Thread-1 (]: Began compiling node test.olist_semantic.unique_fct_replacements_replacement_order_id.a53b0ae8c3
[0m20:39:53.958083 [debug] [Thread-1 (]: Writing injected SQL for node "test.olist_semantic.unique_fct_replacements_replacement_order_id.a53b0ae8c3"
[0m20:39:53.958244 [debug] [Thread-3 (]: SQL status: OK in 0.009 seconds
[0m20:39:53.958361 [debug] [Thread-2 (]: SQL status: OK in 0.006 seconds
[0m20:39:53.958480 [debug] [Thread-4 (]: SQL status: OK in 0.008 seconds
[0m20:39:53.959027 [debug] [Thread-3 (]: On test.olist_semantic.unique_fct_order_reviews_order_id.c13b926c20: ROLLBACK
[0m20:39:53.959441 [debug] [Thread-2 (]: On test.olist_semantic.unique_fct_payments_order_id.84eddf0d17: ROLLBACK
[0m20:39:53.959784 [debug] [Thread-4 (]: On test.olist_semantic.unique_fct_orders_order_id.523ddb6ce5: ROLLBACK
[0m20:39:53.960026 [debug] [Thread-3 (]: On test.olist_semantic.unique_fct_order_reviews_order_id.c13b926c20: Close
[0m20:39:53.960137 [debug] [Thread-2 (]: On test.olist_semantic.unique_fct_payments_order_id.84eddf0d17: Close
[0m20:39:53.960263 [debug] [Thread-4 (]: On test.olist_semantic.unique_fct_orders_order_id.523ddb6ce5: Close
[0m20:39:53.960442 [info ] [Thread-3 (]: 45 of 50 PASS unique_fct_order_reviews_order_id ................................ [[32mPASS[0m in 0.03s]
[0m20:39:53.960636 [info ] [Thread-2 (]: 47 of 50 PASS unique_fct_payments_order_id ..................................... [[32mPASS[0m in 0.02s]
[0m20:39:53.960762 [debug] [Thread-1 (]: Began executing node test.olist_semantic.unique_fct_replacements_replacement_order_id.a53b0ae8c3
[0m20:39:53.961081 [debug] [Thread-3 (]: Finished running node test.olist_semantic.unique_fct_order_reviews_order_id.c13b926c20
[0m20:39:53.960939 [info ] [Thread-4 (]: 46 of 50 PASS unique_fct_orders_order_id ....................................... [[32mPASS[0m in 0.02s]
[0m20:39:53.961267 [debug] [Thread-2 (]: Finished running node test.olist_semantic.unique_fct_payments_order_id.84eddf0d17
[0m20:39:53.961756 [debug] [Thread-1 (]: Writing runtime sql for node "test.olist_semantic.unique_fct_replacements_replacement_order_id.a53b0ae8c3"
[0m20:39:53.961880 [debug] [Thread-3 (]: Began running node test.olist_semantic.unique_fct_returns_return_id.d461048e81
[0m20:39:53.962054 [debug] [Thread-4 (]: Finished running node test.olist_semantic.unique_fct_orders_order_id.523ddb6ce5
[0m20:39:53.962219 [info ] [Thread-3 (]: 50 of 50 START test unique_fct_returns_return_id ............................... [RUN]
[0m20:39:53.962388 [debug] [Thread-3 (]: Re-using an available connection from the pool (formerly test.olist_semantic.unique_fct_order_reviews_order_id.c13b926c20, now test.olist_semantic.unique_fct_returns_return_id.d461048e81)
[0m20:39:53.962505 [debug] [Thread-3 (]: Began compiling node test.olist_semantic.unique_fct_returns_return_id.d461048e81
[0m20:39:53.964241 [debug] [Thread-3 (]: Writing injected SQL for node "test.olist_semantic.unique_fct_returns_return_id.d461048e81"
[0m20:39:53.964420 [debug] [Thread-1 (]: Using duckdb connection "test.olist_semantic.unique_fct_replacements_replacement_order_id.a53b0ae8c3"
[0m20:39:53.964535 [debug] [Thread-1 (]: On test.olist_semantic.unique_fct_replacements_replacement_order_id.a53b0ae8c3: BEGIN
[0m20:39:53.964632 [debug] [Thread-1 (]: Opening a new connection, currently in state closed
[0m20:39:53.964787 [debug] [Thread-3 (]: Began executing node test.olist_semantic.unique_fct_returns_return_id.d461048e81
[0m20:39:53.964896 [debug] [Thread-1 (]: SQL status: OK in 0.000 seconds
[0m20:39:53.965308 [debug] [Thread-3 (]: Writing runtime sql for node "test.olist_semantic.unique_fct_returns_return_id.d461048e81"
[0m20:39:53.965422 [debug] [Thread-1 (]: Using duckdb connection "test.olist_semantic.unique_fct_replacements_replacement_order_id.a53b0ae8c3"
[0m20:39:53.965564 [debug] [Thread-1 (]: On test.olist_semantic.unique_fct_replacements_replacement_order_id.a53b0ae8c3: /* {"app": "dbt", "dbt_version": "1.12.5", "profile_name": "olist", "target_name": "dev", "node_id": "test.olist_semantic.unique_fct_replacements_replacement_order_id.a53b0ae8c3"} */

    
    select
      count(*) as failures,
      count(*) != 0 as should_warn,
      count(*) != 0 as should_error
    from (
      
    
  
    
    

select
    replacement_order_id as unique_field,
    count(*) as n_records

from "olist_dirty"."marts"."fct_replacements"
where replacement_order_id is not null
group by replacement_order_id
having count(*) > 1



  
  
      
    ) dbt_internal_test
[0m20:39:53.965761 [debug] [Thread-3 (]: Using duckdb connection "test.olist_semantic.unique_fct_returns_return_id.d461048e81"
[0m20:39:53.965872 [debug] [Thread-3 (]: On test.olist_semantic.unique_fct_returns_return_id.d461048e81: BEGIN
[0m20:39:53.965977 [debug] [Thread-3 (]: Opening a new connection, currently in state closed
[0m20:39:53.966145 [debug] [Thread-3 (]: SQL status: OK in 0.000 seconds
[0m20:39:53.966253 [debug] [Thread-1 (]: SQL status: OK in 0.001 seconds
[0m20:39:53.966358 [debug] [Thread-3 (]: Using duckdb connection "test.olist_semantic.unique_fct_returns_return_id.d461048e81"
[0m20:39:53.966477 [debug] [Thread-3 (]: On test.olist_semantic.unique_fct_returns_return_id.d461048e81: /* {"app": "dbt", "dbt_version": "1.12.5", "profile_name": "olist", "target_name": "dev", "node_id": "test.olist_semantic.unique_fct_returns_return_id.d461048e81"} */

    
    select
      count(*) as failures,
      count(*) != 0 as should_warn,
      count(*) != 0 as should_error
    from (
      
    
  
    
    

select
    return_id as unique_field,
    count(*) as n_records

from "olist_dirty"."marts"."fct_returns"
where return_id is not null
group by return_id
having count(*) > 1



  
  
      
    ) dbt_internal_test
[0m20:39:53.966849 [debug] [Thread-1 (]: On test.olist_semantic.unique_fct_replacements_replacement_order_id.a53b0ae8c3: ROLLBACK
[0m20:39:53.967036 [debug] [Thread-1 (]: On test.olist_semantic.unique_fct_replacements_replacement_order_id.a53b0ae8c3: Close
[0m20:39:53.967215 [info ] [Thread-1 (]: 49 of 50 PASS unique_fct_replacements_replacement_order_id ..................... [[32mPASS[0m in 0.01s]
[0m20:39:53.967395 [debug] [Thread-1 (]: Finished running node test.olist_semantic.unique_fct_replacements_replacement_order_id.a53b0ae8c3
[0m20:39:53.967530 [debug] [Thread-3 (]: SQL status: OK in 0.001 seconds
[0m20:39:53.967973 [debug] [Thread-3 (]: On test.olist_semantic.unique_fct_returns_return_id.d461048e81: ROLLBACK
[0m20:39:53.968119 [debug] [Thread-3 (]: On test.olist_semantic.unique_fct_returns_return_id.d461048e81: Close
[0m20:39:53.968291 [info ] [Thread-3 (]: 50 of 50 PASS unique_fct_returns_return_id ..................................... [[32mPASS[0m in 0.01s]
[0m20:39:53.968456 [debug] [Thread-3 (]: Finished running node test.olist_semantic.unique_fct_returns_return_id.d461048e81
[0m20:39:53.968951 [debug] [MainThread]: Using duckdb connection "master"
[0m20:39:53.969050 [debug] [MainThread]: On master: BEGIN
[0m20:39:53.969161 [debug] [MainThread]: Opening a new connection, currently in state closed
[0m20:39:53.969305 [debug] [MainThread]: SQL status: OK in 0.000 seconds
[0m20:39:53.969392 [debug] [MainThread]: On master: COMMIT
[0m20:39:53.969476 [debug] [MainThread]: Using duckdb connection "master"
[0m20:39:53.969553 [debug] [MainThread]: On master: COMMIT
[0m20:39:53.969670 [debug] [MainThread]: SQL status: OK in 0.000 seconds
[0m20:39:53.969762 [debug] [MainThread]: On master: Close
[0m20:39:53.969878 [debug] [MainThread]: Connection 'master' was properly closed.
[0m20:39:53.969952 [debug] [MainThread]: Connection 'test.olist_semantic.unique_fct_replacements_replacement_order_id.a53b0ae8c3' was properly closed.
[0m20:39:53.970021 [debug] [MainThread]: Connection 'test.olist_semantic.unique_fct_payments_order_id.84eddf0d17' was properly closed.
[0m20:39:53.970090 [debug] [MainThread]: Connection 'test.olist_semantic.unique_fct_returns_return_id.d461048e81' was properly closed.
[0m20:39:53.970154 [debug] [MainThread]: Connection 'test.olist_semantic.unique_fct_orders_order_id.523ddb6ce5' was properly closed.
[0m20:39:53.970242 [info ] [MainThread]: 
[0m20:39:53.970331 [info ] [MainThread]: Finished running 50 data tests in 0 hours 0 minutes and 0.30 seconds (0.30s).
[0m20:39:53.972102 [debug] [MainThread]: Command end result
[0m20:39:53.989763 [debug] [MainThread]: Wrote artifact WritableManifest to /Users/shiva/Desktop/git hub/projectmlproject/dbt/target/manifest.json
[0m20:39:53.990788 [debug] [MainThread]: Wrote artifact SemanticManifest to /Users/shiva/Desktop/git hub/projectmlproject/dbt/target/semantic_manifest.json
[0m20:39:53.991747 [debug] [MainThread]: Wrote artifact OsiDocument to /Users/shiva/Desktop/git hub/projectmlproject/dbt/target/osi_document.json
[0m20:39:53.995188 [debug] [MainThread]: Wrote artifact RunExecutionResult to /Users/shiva/Desktop/git hub/projectmlproject/dbt/target/run_results.json
[0m20:39:53.995294 [info ] [MainThread]: 
[0m20:39:53.995403 [info ] [MainThread]: [32mCompleted successfully[0m
[0m20:39:53.995505 [info ] [MainThread]: 
[0m20:39:53.995611 [info ] [MainThread]: Done. PASS=50 WARN=0 ERROR=0 SKIP=0 NO-OP=0 REUSED=0 TOTAL=50
[0m20:39:53.996807 [debug] [MainThread]: Resource report: {"command_name": "test", "command_success": true, "command_wall_clock_time": 1.1092838, "process_in_blocks": "0", "process_kernel_time": 0.142838, "process_mem_max_rss": "235732992", "process_out_blocks": "0", "process_user_time": 1.587304}
[0m20:39:53.996952 [debug] [MainThread]: Command `dbt test` succeeded at 20:39:53.996923 after 1.11 seconds
[0m20:39:53.997064 [debug] [MainThread]: Sending event: {'category': 'dbt', 'action': 'invocation', 'label': 'end', 'context': [<snowplow_tracker.self_describing_json.SelfDescribingJson object at 0x10dba2150>, <snowplow_tracker.self_describing_json.SelfDescribingJson object at 0x10ea6fee0>, <snowplow_tracker.self_describing_json.SelfDescribingJson object at 0x10ea6fac0>]}
[0m20:39:53.997173 [debug] [MainThread]: Flushing usage events
[0m20:39:54.168383 [debug] [MainThread]: An error was encountered while trying to flush usage events
